matrix_index,bvn_perms,bvn_cycle,bvn_runtime,bvn_matching,wfa_16_time,wfa_16_cycle,wfa_16_perms,wfa_16_planes,wfa_16_split,wfa_2_time,wfa_2_cycle,wfa_2_perms,wfa_2_planes,wfa_2_split,wfa_4_time,wfa_4_cycle,wfa_4_perms,wfa_4_planes,wfa_4_split,wfa_8_time,wfa_8_cycle,wfa_8_perms,wfa_8_planes,wfa_8_split
0,10037,11247.0,2.229726199992001,wfa,0.2670212000375613,11650.0,2215,3,,1.2019516000291333,13558.0,788,9,,0.0595578000647947,12471.0,1097,5,,0.1315781000303104,12242.0,1649,3,
1,11061,12644.0,1.9220958999940196,wfa,0.2911556999897584,13185.0,2401,3,,0.0227605999680235,14659.0,832,9,,0.0617622000863775,13983.0,1177,5,,0.1393279999028891,13417.0,1748,3,
2,10409,11838.0,1.943190499994671,wfa,0.2810116000473499,12270.0,2346,3,,0.0245825999882072,13635.0,821,9,,0.0647202000254765,12925.0,1176,5,,0.1409807000309229,12693.0,1768,3,
3,10251,11963.0,1.6333602000086105,wfa,0.3492062999866903,12313.0,2363,3,,0.0249906999524682,13058.0,819,9,,0.0638403000775724,12286.0,1149,5,,0.1429034000029787,12137.0,1750,3,
4,10526,11985.0,1.6729334999981802,wfa,0.2965162000618875,12228.0,2420,3,,0.0255541000515222,13712.0,824,9,,0.0665283999405801,12714.0,1167,5,,0.1369357000803575,12405.0,1712,3,
5,11330,12958.0,1.8197790999838617,wfa,0.2898448000196367,13305.0,2450,3,,0.023680500104092,14465.0,834,9,,0.0645300999749451,13907.0,1194,5,,0.1432691999943927,13676.0,1803,3,
6,10138,11385.0,1.736529399990104,wfa,0.2894128999905661,11858.0,2392,3,,0.0233619000064209,12796.0,802,9,,0.0648807999677956,12266.0,1160,5,,0.1379525000229478,12021.0,1722,3,
7,10499,11894.0,1.61710440000752,wfa,0.2803929999936372,12247.0,2358,3,,0.026386999990791,13556.0,803,9,,0.0636194000253453,12797.0,1152,5,,0.1368145999731496,12491.0,1695,3,
8,10523,11912.0,1.804545499995584,wfa,0.2739550999831408,12264.0,2332,3,,0.0227017999859526,13567.0,815,9,,0.0622511999681592,12717.0,1140,5,,0.1375629999674856,12453.0,1718,3,
9,11148,12704.0,1.6732819000026211,wfa,0.2832690000068396,13293.0,2386,3,,0.0236215000040829,14391.0,818,9,,0.0626236000098288,13824.0,1150,5,,0.1395122000249102,13184.0,1720,3,
10,10384,11891.0,1.6811045000213198,wfa,0.2862965000094846,12068.0,2391,3,,0.0243212000932544,12963.0,792,9,,0.0638189000310376,12338.0,1136,5,,0.1340965999988839,12122.0,1716,3,
11,10688,12023.0,1.675223300000653,wfa,0.2693590999115258,12319.0,2325,3,,0.0233681000536307,13691.0,804,9,,0.0621638000011444,12649.0,1133,5,,0.1407737000845372,12486.0,1706,3,
12,10520,11834.0,1.5599611999932677,wfa,0.2775832000188529,12197.0,2340,3,,0.023390999995172,13380.0,794,9,,0.0615068000042811,12469.0,1121,5,,0.1376262999838218,12209.0,1685,3,
13,10452,11696.0,1.6331529000017326,wfa,0.2807944000232965,12006.0,2358,3,,0.0241289999103173,13298.0,794,9,,0.0645664000185206,12326.0,1126,5,,0.1338819999946281,12107.0,1690,3,
14,9813,10985.0,1.5384097000060135,wfa,0.2721373999956995,11301.0,2206,3,,0.0227262999396771,12597.0,769,9,,0.0621469001052901,11956.0,1098,5,,0.1302137000020593,11540.0,1634,3,
15,10980,12457.0,1.647551400004886,wfa,0.2783223000587895,12854.0,2393,3,,0.0236834000097587,13831.0,810,9,,0.0689803999848663,13509.0,1163,5,,0.1402922999113798,13290.0,1758,3,
16,10428,11893.0,1.6861156999948437,wfa,0.2740687999175861,12260.0,2334,3,,0.0232562000164762,13364.0,823,9,,0.0636507000308483,12436.0,1151,5,,0.136922699981369,12034.0,1708,3,
17,10986,12582.0,1.7489895999897271,wfa,0.2891868000151589,13134.0,2455,3,,0.0241353999590501,14624.0,820,9,,0.0645235000411048,13815.0,1178,5,,0.1431295000948012,13219.0,1735,3,
18,10615,12051.0,1.7929035999986809,wfa,0.2770274999784305,12312.0,2346,3,,0.023824599920772,13740.0,816,9,,0.0633698999881744,12796.0,1159,5,,0.1370261999545619,12515.0,1741,3,
19,10617,12325.0,1.5758036999905016,wfa,0.2787690999684855,12511.0,2377,3,,0.0243887000251561,13328.0,796,9,,0.0639761000638827,12832.0,1140,5,,0.1385469000088051,12555.0,1677,3,
20,10654,11936.0,1.6734968000091612,wfa,0.2857230000663548,12334.0,2383,3,,0.0241218000883236,13814.0,808,9,,0.0637885999167338,13153.0,1152,5,,0.1394708000589162,13014.0,1699,3,
21,9931,11128.0,1.5557750999869313,wfa,0.2725576000520959,11560.0,2249,3,,0.0232631999533623,12376.0,781,9,,0.0608684999169781,12175.0,1099,5,,0.1280614999122917,11879.0,1623,3,
22,10444,11785.0,1.604492799990112,wfa,0.2745639999629929,12098.0,2299,3,,0.0222286999924108,13453.0,789,9,,0.0609927999321371,12867.0,1113,5,,0.133026499999687,12671.0,1713,3,
23,10342,11500.0,1.636640200013062,wfa,0.2859260999830439,12135.0,2377,3,,0.0234822999918833,13438.0,803,9,,0.0644843999762088,12946.0,1143,5,,0.1372852000640705,12490.0,1704,3,
24,10301,11425.0,1.6274697999760974,wfa,0.2786733999382704,11782.0,2314,3,,0.0230331999482586,12943.0,789,9,,0.0633835000917315,12419.0,1135,5,,0.1359504000283777,12148.0,1665,3,
25,10240,11654.0,1.504789400001755,wfa,0.2777956000063568,11970.0,2335,3,,0.0225997000234201,13022.0,789,9,,0.0627307000104338,12243.0,1121,5,,0.1358399000018835,11906.0,1692,3,
26,10282,11389.0,1.6163682000187691,wfa,0.2806451000506058,11775.0,2335,3,,0.0238688000245019,12866.0,795,9,,0.0624872000189498,12092.0,1132,5,,0.1362970999907702,11788.0,1696,3,
27,10211,11535.0,1.6475804999936372,wfa,0.2693296000361442,11887.0,2262,3,,0.0229916999815031,13091.0,782,9,,0.063914900063537,12276.0,1111,5,,0.1386573000345379,12012.0,1684,3,
28,11002,12651.0,1.6835911000089254,wfa,0.2864384000422433,13048.0,2422,3,,0.0240751999663189,13717.0,813,9,,0.0639813999878242,13323.0,1180,5,,0.1425260999239981,13095.0,1742,3,
29,10688,12374.0,1.7640192999970168,wfa,0.2866337000159547,12678.0,2429,3,,0.0241081999847665,13677.0,822,9,,0.0648097000084817,13355.0,1186,5,,0.1446931000100448,13114.0,1753,3,
30,10652,12278.0,1.6831547000037972,wfa,0.284498400054872,12528.0,2374,3,,0.0243977999780327,13908.0,827,9,,0.0678611000766977,12920.0,1173,5,,0.1368941999971866,12696.0,1717,3,
31,10598,12559.0,1.665165899990825,wfa,0.2677152999676764,12706.0,2299,3,,0.0245087998919188,13498.0,808,9,,0.0636540999403223,12959.0,1140,5,,0.1426689999643713,12726.0,1710,3,
32,10884,12285.0,1.588410099997418,wfa,0.2885516000678763,12676.0,2463,3,,0.0250054000644013,14344.0,847,9,,0.0659515000879764,13363.0,1194,5,,0.1496839000610634,13066.0,1785,3,
33,11028,12518.0,1.8200263000035195,wfa,0.2742996000451967,13041.0,2378,3,,0.0237410999834537,13919.0,810,9,,0.0639177000848576,13239.0,1159,5,,0.1381463001016527,13081.0,1716,3,
34,9894,10951.0,1.7381259000103455,wfa,0.2813807999482378,11357.0,2313,3,,0.0237863999791443,12643.0,785,9,,0.0634589999681338,11787.0,1126,5,,0.1334096000064164,11379.0,1635,3,
35,10544,11933.0,1.6035780999809504,wfa,0.2787926000310108,12286.0,2360,3,,0.0232207999797537,13604.0,801,9,,0.0624384999973699,12668.0,1143,5,,0.1369872000068426,12365.0,1710,3,
36,10593,12039.0,1.8166787000081968,wfa,0.2811061999527737,12349.0,2355,3,,0.0236674000043422,13333.0,792,9,,0.0637600000482052,12839.0,1152,5,,0.1377689000219106,12561.0,1680,3,
37,10055,12041.0,1.6332555999979377,wfa,0.2776765000307932,12291.0,2317,3,,0.0237633000360801,12873.0,798,9,,0.0649374000495299,12377.0,1133,5,,0.1368424999527633,12115.0,1714,3,
38,10141,11323.0,1.4721174000005703,wfa,0.2771644999738782,11654.0,2301,3,,0.0223572000395506,13044.0,802,9,,0.0659117000177502,12096.0,1144,5,,0.1332903000293299,11839.0,1695,3,
39,11073,12564.0,1.7689262999920174,wfa,0.2797249000286683,12858.0,2401,3,,0.0247952000936493,14268.0,837,9,,0.0683188999537378,13846.0,1190,5,,0.1475245000328868,13624.0,1809,3,
40,10580,11976.0,2.0186655999859795,wfa,0.2669179999502375,12349.0,2280,3,,0.024955500033684,14044.0,809,9,,0.0657017999328672,13466.0,1158,5,,0.1403918999712914,13039.0,1712,3,
41,10846,12340.0,1.7117369000043254,wfa,0.2822316999081522,12921.0,2385,3,,0.0241717000026255,14092.0,830,9,,0.0651569999754428,13361.0,1173,5,,0.1411506000440567,12799.0,1761,3,
42,10196,11621.0,1.5555035000143107,wfa,0.276619300013408,11806.0,2296,3,,0.0251645999960601,12761.0,793,9,,0.0651734999846667,12034.0,1136,5,,0.1343202999560162,11716.0,1656,3,
43,10439,11699.0,1.6409180000191554,wfa,0.2814598999684676,11952.0,2340,3,,0.0224457000149413,12974.0,796,9,,0.0638219000538811,12110.0,1132,5,,0.1343068999703973,11873.0,1674,3,
44,10646,12141.0,1.6615511000272818,wfa,0.2711873999796808,12414.0,2303,3,,0.0228346999501809,13462.0,785,9,,0.0612388999434188,12569.0,1112,5,,0.1340015999739989,12180.0,1641,3,
45,10542,11915.0,1.5311782000062522,wfa,0.2805664999177679,12224.0,2331,3,,0.0240697000408545,13577.0,819,9,,0.0640911000082269,12771.0,1153,5,,0.1398560999659821,12451.0,1713,3,
46,10502,11756.0,1.7066970999876503,wfa,0.2827397999353707,12164.0,2354,3,,0.0229513000231236,13535.0,794,9,,0.0628482999745756,12858.0,1128,5,,0.1385649000294506,12627.0,1666,3,
47,10545,11963.0,1.6833191000041552,wfa,0.275798000046052,12278.0,2308,3,,0.0234805999789387,13185.0,792,9,,0.0622115000151097,12503.0,1125,5,,0.1384619999444112,12287.0,1704,3,
48,10094,11421.0,1.443016500008525,wfa,0.2838613999774679,11761.0,2317,3,,0.0788227999582886,12855.0,808,9,,0.064626200008206,12173.0,1147,5,,0.1376557999756187,11967.0,1710,3,
49,10861,12252.0,1.693246899987571,wfa,0.2720749999862164,12870.0,2327,3,,0.0239313000347465,14229.0,811,9,,0.0635738000273704,13178.0,1136,5,,0.1419341000728309,12723.0,1724,3,
50,10677,12107.0,1.9532910000125407,wfa,0.2722284999908879,12403.0,2304,3,,0.0237911000149324,13765.0,810,9,,0.0654740000609308,13086.0,1143,5,,0.1414454999612644,12612.0,1721,3,
51,10531,12095.0,1.502532099984819,wfa,0.2836827000137418,12396.0,2397,3,,0.0236160999629646,13137.0,813,9,,0.0672150000464171,12792.0,1154,5,,0.1397447000490501,12549.0,1730,3,
52,10286,11761.0,1.6653942000120878,wfa,0.2883454000111669,12111.0,2344,3,,0.0228895000182092,12733.0,793,9,,0.0638887999812141,12273.0,1137,5,,0.1377035999903455,11928.0,1696,3,
53,10724,12268.0,1.664127500000177,wfa,0.2857825000537559,12409.0,2408,3,,0.0253509000176563,13609.0,828,9,,0.0653941000346094,13105.0,1183,5,,0.1435313000110909,12881.0,1744,3,
54,10880,12347.0,1.9231988999817984,wfa,0.2918917000060901,12700.0,2412,3,,0.0237989000743255,13832.0,834,9,,0.0640856999671086,13211.0,1173,5,,0.1431389000499621,13127.0,1743,3,
55,10123,11435.0,1.609700699977111,wfa,0.283362100017257,11742.0,2297,3,,0.02388490003068,12856.0,781,9,,0.062589600100182,12356.0,1123,5,,0.1345894000260159,12068.0,1681,3,
56,10810,11997.0,1.6960691999993287,wfa,0.2778619000455364,12354.0,2322,3,,0.0273453000700101,14481.0,827,9,,0.0646177999442443,13390.0,1162,5,,0.1412484999746084,13109.0,1734,3,
57,10223,11631.0,1.6095254000101704,wfa,0.2772575999842956,11945.0,2286,3,,0.0236462000757455,12964.0,797,9,,0.06194410007447,12570.0,1122,5,,0.1390098000410944,12182.0,1682,3,
58,10294,11511.0,1.4541129000135695,wfa,0.2854888000292703,11800.0,2336,3,,0.0241964999586343,13075.0,806,9,,0.0634436999680474,12461.0,1136,5,,0.1394509000238031,12122.0,1708,3,
59,10350,11587.0,1.6014243000245187,wfa,0.2752519000787288,11947.0,2286,3,,0.0229530999204143,13130.0,788,9,,0.0609746000263839,12456.0,1118,5,,0.1351461000740528,12234.0,1679,3,
60,9919,11058.0,1.5400605000031646,wfa,0.2826771999243647,11598.0,2283,3,,0.0247008999576792,13012.0,793,9,,0.0633992000948637,12020.0,1120,5,,0.1358303999295458,11680.0,1654,3,
61,11156,12574.0,1.578999199991813,wfa,0.2829956000205129,13137.0,2384,3,,0.0243946999544277,14616.0,824,9,,0.0654339999891817,13903.0,1174,5,,0.1462354999966919,13458.0,1741,3,
62,10192,11615.0,1.804023500008043,wfa,0.2869789000833407,11855.0,2352,3,,0.0224846999626606,12957.0,800,9,,0.0640553999692201,11945.0,1132,5,,0.136158800101839,11690.0,1714,3,
63,10815,12271.0,1.7197512999991886,wfa,0.2739124000072479,12460.0,2327,3,,0.0230776000535115,13682.0,801,9,,0.0634935999987647,12949.0,1146,5,,0.138313400093466,12641.0,1736,3,
64,10572,12354.0,1.6906006999779493,wfa,0.2850911000277847,12762.0,2390,3,,0.0231654000235721,13900.0,809,9,,0.0632986000273376,13167.0,1158,5,,0.1415107999928295,12782.0,1720,3,
65,10024,11542.0,1.3874712999968324,wfa,0.2784230000106618,11829.0,2288,3,,0.0241017000516876,12856.0,792,9,,0.0674393000081181,12460.0,1143,5,,0.1396048000315204,12115.0,1686,3,
66,10185,11652.0,1.5822399999888148,wfa,0.2741615000413731,11864.0,2284,3,,0.0242290999740362,13063.0,803,9,,0.0636154999956488,12558.0,1139,5,,0.1404577000066638,12261.0,1725,3,
67,10249,11558.0,1.5928186000091955,wfa,0.27402620005887,11969.0,2287,3,,0.0229280999628826,12870.0,803,9,,0.0643974000122398,12673.0,1149,5,,0.141586699988693,12437.0,1727,3,
68,10100,11362.0,1.4032348000037018,wfa,0.2912843000376597,11526.0,2329,3,,0.02322329999879,12930.0,797,9,,0.0625647999113425,12500.0,1134,5,,0.1385577999753877,12343.0,1678,3,
69,10184,11187.0,1.592550300003495,wfa,0.2916852999478578,11750.0,2346,3,,0.0235097999684512,12637.0,780,9,,0.0632101000519469,11975.0,1114,5,,0.1383363000350073,11674.0,1676,3,
70,9860,11283.0,1.615082700009225,wfa,0.2781242000637576,11596.0,2293,3,,0.023172500077635,12640.0,778,9,,0.0622924000490456,11901.0,1112,5,,0.1327275999356061,11575.0,1666,3,
71,10369,11490.0,1.4376662999857217,wfa,0.277772800065577,11820.0,2309,3,,0.0240238000405952,13289.0,817,9,,0.070348700042814,12438.0,1147,5,,0.1467956000706181,12344.0,1735,3,
72,10398,11626.0,1.6828567999764346,wfa,0.2875549000455066,11962.0,2349,3,,0.0243745000334456,13223.0,798,9,,0.0637994999997317,12593.0,1133,5,,0.1401898000622168,12376.0,1712,3,
73,10141,11550.0,1.7067459999816492,wfa,0.2662630999693647,11894.0,2225,3,,0.0233138999901711,13075.0,779,9,,0.0635143000399693,12438.0,1107,5,,0.142515099956654,12090.0,1662,3,
74,10241,11605.0,1.425075499981176,wfa,0.2619259000057354,11774.0,2200,3,,0.0245078000007197,13311.0,790,9,,0.0621048000175505,12327.0,1102,5,,0.1365353000583127,11968.0,1655,3,
75,10476,11831.0,1.8866407999885269,wfa,0.2834235999034717,12253.0,2368,3,,0.023318100022152,13374.0,808,9,,0.0640859000850468,12918.0,1156,5,,0.1449299999512732,12423.0,1719,3,
76,10459,11882.0,1.8785211000067648,wfa,0.2783200000412762,12215.0,2341,3,,0.0231607999885454,13386.0,813,9,,0.06428789999336,12729.0,1161,5,,0.1431873999536037,12443.0,1743,3,
77,10844,12285.0,1.910040899994783,wfa,0.2998670999659225,12684.0,2427,3,,0.0251853000372648,13734.0,828,9,,0.123530099983327,13460.0,1176,5,,0.1439098000992089,13051.0,1784,3,
78,10047,11223.0,1.5734809999994468,wfa,0.2849083999171853,11713.0,2300,3,,0.022789099952206,12663.0,777,9,,0.0630758000770583,11855.0,1100,5,,0.1337445999961346,11433.0,1610,3,
79,10607,11979.0,1.97558129997924,wfa,0.2840781999984756,12345.0,2339,3,,0.0230452999239787,13247.0,795,9,,0.0635569000151008,12964.0,1142,5,,0.146464699995704,12510.0,1705,3,
80,10530,12038.0,1.828704600018682,wfa,0.2855251999571919,12237.0,2368,3,,0.0246089999563992,13275.0,804,9,,0.0652687000110745,12717.0,1155,5,,0.1414676000131294,12254.0,1708,3,
81,10616,11879.0,1.7153199999884237,wfa,0.2760037999833002,12084.0,2314,3,,0.0273904999485239,13385.0,811,9,,0.0678043999942019,12569.0,1139,5,,0.1413941000355407,12227.0,1703,3,
82,10175,11676.0,1.7316883000021337,wfa,0.2797695000190288,12197.0,2321,3,,0.0239248999860137,13065.0,785,9,,0.0647960000205785,12475.0,1108,5,,0.1359845999395474,11865.0,1651,3,
83,10571,12336.0,1.9002867999952289,wfa,0.2830173999536782,12678.0,2387,3,,0.0246153000043705,13850.0,831,9,,0.064399000024423,13126.0,1163,5,,0.1450277999974787,12843.0,1722,3,
84,10780,12087.0,1.6649345000041649,wfa,0.291345200035721,12642.0,2413,3,,0.0240546999266371,13575.0,816,9,,0.0665009999647736,13502.0,1196,5,,0.1454753000289201,13138.0,1745,3,
85,10246,11588.0,1.8119337999960408,wfa,0.2799764999654144,11992.0,2299,3,,0.0246175000211223,13149.0,805,9,,0.0638756999978795,13121.0,1145,5,,0.1439134000102058,12782.0,1705,3,
86,10387,11740.0,1.6232312999782152,wfa,0.2903632000088691,12401.0,2388,3,,0.0231423000805079,13407.0,831,9,,0.0645475999917835,13009.0,1176,5,,0.142566499998793,12530.0,1761,3,
87,10499,12114.0,1.4308108999975957,wfa,0.2678695999784395,12443.0,2266,3,,0.0241495999507606,13532.0,795,9,,0.0658017999958247,12954.0,1138,5,,0.1442819000221789,12795.0,1703,3,
88,10744,11988.0,1.672921999997925,wfa,0.2705953000113368,12345.0,2269,3,,0.0243195999646559,13887.0,803,9,,0.0662975999293848,12905.0,1124,5,,0.1426938000367954,12662.0,1678,3,
89,10730,12193.0,1.6915811999933794,wfa,0.2974939000559971,12468.0,2458,3,,0.0228250999934971,13556.0,821,9,,0.0657565000001341,12722.0,1163,5,,0.1413965000538155,12349.0,1744,3,
90,10762,12162.0,1.871881500002928,wfa,0.2833191000390798,12499.0,2382,3,,0.0248660999350249,13805.0,815,9,,0.0646811999613419,12778.0,1142,5,,0.1399704000214114,12522.0,1733,3,
91,9753,10808.0,1.4889980000152718,wfa,0.2730244999984279,11185.0,2251,3,,0.0217326000565662,12527.0,776,9,,0.0635743999155238,11806.0,1097,5,,0.1334396000020206,11520.0,1636,3,
92,10769,12224.0,1.6879140000091866,wfa,0.2855274999747053,12477.0,2380,3,,0.0244544999441131,13497.0,807,9,,0.0633318999316543,12652.0,1151,5,,0.1405380999203771,12351.0,1711,3,
93,10170,11347.0,1.728167100023711,wfa,0.2774101999821141,11752.0,2283,3,,0.026720399968326,12652.0,784,9,,0.0667425000574439,12042.0,1121,5,,0.1354927999200299,11820.0,1656,3,
94,10349,11724.0,1.3972611000062898,wfa,0.289352299994789,12240.0,2360,3,,0.0227957000024616,13362.0,804,9,,0.0636550999479368,12909.0,1142,5,,0.146366799948737,12471.0,1701,3,
95,10743,12214.0,1.674662499979604,wfa,0.3037129000294953,12577.0,2457,3,,0.0250301000196486,14256.0,830,9,,0.0678896000608801,13275.0,1199,5,,0.1496826999355107,13108.0,1795,3,
96,9989,11266.0,1.757068100007018,wfa,0.288468400016427,11469.0,2304,3,,0.0254137000301852,12581.0,796,9,,0.0645380999194458,12093.0,1140,5,,0.1387933000223711,11727.0,1655,3,
97,10234,11469.0,1.3902707999804989,wfa,0.2818653000285849,11517.0,2306,2,,0.0228587000165134,12470.0,792,8,,0.063781899982132,11850.0,1121,4,,0.1409453999949619,11874.0,1687,3,
98,10497,12058.0,1.6275894999853335,wfa,0.2873337001074105,12356.0,2355,3,,0.0231319000013172,13086.0,800,9,,0.064460500027053,12427.0,1136,5,,0.1435981999384239,12295.0,1712,3,
99,10865,12287.0,1.9035948000091596,wfa,0.2831830000504851,12668.0,2361,3,,0.0258070999989286,13774.0,799,9,,0.0632340000011026,12872.0,1133,5,,0.1399944999720901,12499.0,1703,3,
100,10400,11749.0,1.5328502999909688,wfa,0.2886201000073924,12181.0,2386,3,,0.0242774999933317,13266.0,818,9,,0.0654195999959483,12396.0,1157,5,,0.1439062999561429,12123.0,1718,3,
101,10601,12095.0,1.710437500005355,wfa,0.2851138999685645,12442.0,2373,3,,0.0245199999772012,13578.0,819,9,,0.0655171000398695,12829.0,1161,5,,0.1436256999149918,12554.0,1735,3,
102,10562,11925.0,1.973422000010032,wfa,0.2981571001000702,12332.0,2418,3,,0.0236751999473199,13630.0,833,9,,0.0667328000999987,12537.0,1164,5,,0.1433698000619188,12124.0,1754,3,
103,10531,12113.0,1.811912700009998,wfa,0.3563748999731615,12335.0,2317,3,,0.0231237000552937,13712.0,790,9,,0.0634134999709203,12990.0,1132,5,,0.1426212000660598,12629.0,1671,3,
104,10562,12049.0,1.701613900018856,wfa,0.2984114000573754,12419.0,2436,3,,0.0267237999942153,13330.0,826,9,,0.0673792000161483,12886.0,1178,5,,0.1454931000480428,12602.0,1772,3,
105,9997,11618.0,1.6044173999980558,wfa,0.2753654998959973,11933.0,2276,3,,0.0224461000179871,12959.0,793,9,,0.0638891999842599,12332.0,1118,5,,0.135616899933666,11931.0,1670,3,
106,10766,12358.0,1.6851573000021745,wfa,0.2906788000836968,12766.0,2397,3,,0.0232119999127462,14096.0,815,9,,0.0647191000171005,13444.0,1147,5,,0.1447670999914407,13190.0,1714,3,
107,11148,12713.0,1.7241347999952268,wfa,0.3003323000157252,12909.0,2451,3,,0.0251053000101819,14139.0,840,9,,0.0687834999989718,13181.0,1185,5,,0.1507573999697342,13066.0,1774,3,
108,10403,11928.0,1.6395138999796472,wfa,0.2828229999868199,12323.0,2342,3,,0.0241907999152317,13789.0,803,9,,0.0628764999564737,12559.0,1134,5,,0.143788699992001,12323.0,1706,3,
109,10725,12063.0,1.873630599991884,wfa,0.2868695999495685,12711.0,2360,3,,0.0249147999566048,13932.0,812,9,,0.066042699967511,13142.0,1168,5,,0.147468899958767,12537.0,1729,3,
110,10465,12028.0,1.4000050999748055,wfa,0.2857149000046775,12285.0,2349,3,,0.0234886000398546,13322.0,802,9,,0.0645331999985501,12530.0,1147,5,,0.1453436999581754,12298.0,1683,3,
111,10608,12200.0,1.6488205999776255,wfa,0.2801826000213623,12506.0,2339,3,,0.0237343000480905,13428.0,808,9,,0.0641889999387785,12953.0,1145,5,,0.1419455999275669,12587.0,1738,3,
112,10471,11810.0,1.9474199000105727,wfa,0.2809616000158712,12093.0,2307,3,,0.025517200003378,13542.0,807,9,,0.0650152000598609,12457.0,1143,5,,0.1429028999991715,12161.0,1682,3,
113,10651,12045.0,1.7990732999751344,wfa,0.2933011000277474,12391.0,2380,3,,0.023356599966064,13622.0,803,9,,0.0690545999677851,12693.0,1153,5,,0.143461300060153,12560.0,1687,3,
114,10147,11583.0,1.6417875999759417,wfa,0.2938409000635147,11867.0,2364,3,,0.0234149999450892,12829.0,796,9,,0.0658509999047964,12273.0,1133,5,,0.138937999960035,12053.0,1716,3,
115,10806,12419.0,1.8496734999935145,wfa,0.2898707999847829,12632.0,2406,3,,0.0252310000360012,13626.0,787,9,,0.0645806000102311,13092.0,1148,5,,0.1442114999517798,12878.0,1693,3,
116,10997,12543.0,1.993863900017459,wfa,0.2943901000544429,12826.0,2434,3,,0.0240703999297693,13755.0,826,9,,0.0666416001040488,13208.0,1191,5,,0.1491311000427231,12858.0,1769,3,
117,10828,12160.0,1.67990170000121,wfa,0.2939129999140277,12534.0,2384,3,,0.0245016999542713,13750.0,815,9,,0.0638128999853506,12855.0,1157,5,,0.1434925999492406,12544.0,1713,3,
118,9796,11085.0,1.825906399986707,wfa,0.2753176999976858,11289.0,2226,3,,0.0244135999819263,12866.0,805,9,,0.0690450000111013,12206.0,1139,5,,0.1405184000032022,12034.0,1695,3,
119,10676,11704.0,1.7644705999991857,wfa,0.2905087999533862,11993.0,2353,3,,0.0229408999439328,13383.0,795,9,,0.0645163999870419,12515.0,1143,5,,0.1397597000468522,12296.0,1694,3,
120,10810,12320.0,1.8900092000258155,wfa,0.2825414999388158,12838.0,2353,3,,0.0246493000304326,14017.0,807,9,,0.0647580000804737,13267.0,1148,5,,0.1470558999571949,12659.0,1703,3,
121,10676,11789.0,1.8218797000008635,wfa,0.2809897999977693,12272.0,2323,3,,0.0250486999284476,13659.0,801,9,,0.0654406999237835,12680.0,1141,5,,0.1445215999847278,12281.0,1701,3,
122,10092,11182.0,1.8240951000188943,wfa,0.2824139000149444,11465.0,2253,3,,0.0224118999904021,12685.0,788,9,,0.0656098000472411,12144.0,1113,5,,0.1394073000410571,11897.0,1671,3,
123,10496,11688.0,1.6619759999739472,wfa,0.284504699986428,12091.0,2339,3,,0.0246236999519169,13379.0,815,9,,0.0658703000517562,12615.0,1150,5,,0.1438278999412432,12325.0,1708,3,
124,9988,11745.0,1.7172534999845084,wfa,0.3032812000019476,12162.0,2428,3,,0.0242899999720975,12913.0,820,9,,0.0683717998908832,11986.0,1169,5,,0.1398419999750331,11888.0,1729,3,
125,10522,12062.0,1.6825919999973848,wfa,0.29462310008239,12329.0,2403,3,,0.0254620000487193,13464.0,824,9,,0.0660404999507591,13132.0,1185,5,,0.1493795999558642,12940.0,1744,3,
126,10388,11650.0,1.8595103000116069,wfa,0.2941388000035658,12013.0,2372,3,,0.025188900064677,13173.0,804,9,,0.0672200999688357,12456.0,1134,5,,0.1396839999360963,12075.0,1683,3,
127,10263,12137.0,1.4532794000115246,wfa,0.2891467000590637,12672.0,2328,3,,0.023816299973987,13379.0,810,9,,0.0642244000919163,12800.0,1140,5,,0.1480641000671312,12212.0,1702,3,
128,10540,11870.0,1.9644990999950096,wfa,0.2812356000067666,12205.0,2293,3,,0.025299199973233,13768.0,800,9,,0.0659189000725746,12978.0,1133,5,,0.1474066000664606,12635.0,1709,3,
129,10151,11410.0,1.6886968000035267,wfa,0.2819330999627709,11804.0,2300,3,,0.0232896000379696,12982.0,795,9,,0.0630040999967604,12028.0,1118,5,,0.137081200024113,11820.0,1688,3,
130,10719,11946.0,1.524333499983186,wfa,0.2829515999183059,12408.0,2350,3,,0.0241611000383272,13590.0,811,9,,0.0650797000853344,12913.0,1147,5,,0.1468589999713003,12541.0,1721,3,
131,10379,11719.0,1.8658066000207327,wfa,0.2944402999710291,12099.0,2364,3,,0.0249024999793618,13475.0,813,9,,0.0647411999525502,12493.0,1146,5,,0.1441177000524476,12113.0,1690,3,
132,10402,11960.0,1.6554019000031983,wfa,0.2950997999869287,12361.0,2406,3,,0.0235252999700605,13015.0,803,9,,0.0647835000418126,12745.0,1165,5,,0.1470598999876529,12436.0,1718,3,
133,10320,11606.0,1.4141190000227652,wfa,0.2899367000209167,12013.0,2327,3,,0.0238976998953148,13088.0,784,9,,0.061999800032936,12514.0,1124,5,,0.1390194999985397,12295.0,1682,3,
134,10652,11869.0,1.6854021000035573,wfa,0.2867621999466792,12346.0,2359,3,,0.024095100001432,13689.0,814,9,,0.0641929999692365,12896.0,1144,5,,0.1435357999289408,12529.0,1726,3,
135,10714,12391.0,1.933190999989165,wfa,0.2909064999548718,12590.0,2359,3,,0.024666899931617,13992.0,813,9,,0.0647357000270858,12797.0,1142,5,,0.1455042000161484,12529.0,1716,3,
136,11202,12797.0,1.8324026000045703,wfa,0.2848516000667587,13041.0,2383,3,,0.027656799997203,13934.0,821,9,,0.0675591999897733,13685.0,1172,5,,0.1445085000013932,13223.0,1755,3,
137,11039,12553.0,1.696444800007157,wfa,0.2938099999446422,12962.0,2435,3,,0.0248169000260531,14171.0,841,9,,0.067457899916917,13520.0,1198,5,,0.150720200035721,13089.0,1765,3,
138,10335,11623.0,1.872797799995169,wfa,0.2927099000662565,11932.0,2386,3,,0.0232601999305188,13122.0,801,9,,0.0651953999185934,12488.0,1144,5,,0.1399776999605819,12110.0,1694,3,
139,10882,12594.0,1.7167007999960333,wfa,0.2870036999229342,12878.0,2385,3,,0.0250811999430879,14022.0,809,9,,0.0638982000527903,13456.0,1148,5,,0.1446818000404164,13208.0,1711,3,
140,10592,11764.0,1.7170112000021618,wfa,0.2940919999964535,12428.0,2375,3,,0.0231906999833881,13576.0,810,9,,0.0637870000209659,12933.0,1140,5,,0.1425570000428706,12309.0,1701,3,
141,10806,12269.0,1.7048762000049464,wfa,0.2948711999924853,12625.0,2387,3,,0.0253029000014066,13606.0,795,9,,0.0654093999182805,12969.0,1132,5,,0.1446494000265374,12686.0,1688,3,
142,10404,11909.0,1.8350695999979507,wfa,0.2958061000099405,12289.0,2374,3,,0.0234509999863803,13780.0,824,9,,0.0664653000421822,12696.0,1154,5,,0.1415842999704182,12111.0,1696,3,
143,10830,12212.0,1.747397800005274,wfa,0.2916694999439642,12749.0,2361,3,,0.0252679000841453,14160.0,828,9,,0.0661863000132143,13278.0,1162,5,,0.1507980999303981,12673.0,1767,3,
144,10591,12035.0,1.5828056999889668,wfa,0.2892987999366596,12296.0,2367,3,,0.0241133000236004,13687.0,817,9,,0.0668584000086411,13112.0,1171,5,,0.1461527999490499,12725.0,1733,3,
145,10430,11902.0,1.6366587999800686,wfa,0.2813365999609232,12321.0,2295,3,,0.0249718999257311,13127.0,803,9,,0.066117100068368,12686.0,1148,5,,0.1425443000625819,12207.0,1737,3,
146,10370,11694.0,1.6352365000057034,wfa,0.281813699984923,12062.0,2302,3,,0.0240697000408545,13271.0,799,9,,0.0641024999786168,12500.0,1133,5,,0.1431269999593496,12355.0,1700,3,
147,10544,12014.0,1.674551000003703,wfa,0.2844927000114694,12221.0,2342,3,,0.0240183999994769,13181.0,795,9,,0.0638038999168202,12683.0,1147,5,,0.1451168999774381,12410.0,1722,3,
148,10383,12133.0,1.7107675000152085,wfa,0.2918130999896675,12530.0,2380,3,,0.0721007999964058,13308.0,819,9,,0.0657978999661281,12679.0,1156,5,,0.1399450999451801,12299.0,1724,3,
149,10770,12199.0,1.7099907000083476,wfa,0.2852994999848306,12556.0,2348,3,,0.0257105000782758,13616.0,793,9,,0.0647130000870674,12875.0,1138,5,,0.1485410999739542,12403.0,1697,3,
150,11008,12405.0,1.664955899992492,wfa,0.278649799991399,12666.0,2323,3,,0.0235289999982342,14105.0,825,9,,0.0642231999663636,13002.0,1138,5,,0.1486377000110224,12692.0,1700,3,
151,10652,12164.0,1.6889067000010982,wfa,0.2968474000226706,12446.0,2341,3,,0.0238013999769464,13783.0,809,9,,0.0672403000062331,13004.0,1127,5,,0.14266959996894,12544.0,1700,3,
152,10450,11841.0,1.7146607000031509,wfa,0.2812386999139562,12066.0,2287,3,,0.0248762000119313,13390.0,791,9,,0.0651987000601366,12372.0,1120,5,,0.1452564999926835,12250.0,1692,3,
153,10320,11492.0,1.669007699994836,wfa,0.2879154999973252,11844.0,2335,3,,0.0229388000443577,13270.0,798,9,,0.0623851000564172,12402.0,1120,5,,0.1370473999995738,12166.0,1654,3,
154,11050,12421.0,1.5055022000160534,wfa,0.282609699992463,12760.0,2364,3,,0.0249759000726044,14440.0,821,9,,0.0667999000288546,13371.0,1158,5,,0.147787099936977,13104.0,1749,3,
155,10082,11535.0,1.8171158999903128,wfa,0.2909559000981971,11970.0,2330,3,,0.0247810999862849,13030.0,809,9,,0.0645725999493151,12552.0,1140,5,,0.1426078000804409,12329.0,1701,3,
156,10603,11790.0,1.6989502999931574,wfa,0.2851029000012204,12235.0,2331,3,,0.0253491000039502,13629.0,815,9,,0.0666663999436423,12953.0,1154,5,,0.1461387999588623,12652.0,1725,3,
157,10814,12402.0,1.4611301999830175,wfa,0.2798714999807998,12721.0,2318,3,,0.0251225000247359,14132.0,806,9,,0.0651616000104695,12970.0,1136,5,,0.1463302000192925,12736.0,1708,3,
158,10139,11493.0,1.643544499995187,wfa,0.2841185999568552,11771.0,2275,3,,0.0237562000984326,13123.0,798,9,,0.0654305999632924,12358.0,1132,5,,0.1402470000321045,12053.0,1689,3,
159,10836,12316.0,1.6967611000000034,wfa,0.300470299902372,12591.0,2397,3,,0.0246623000130057,14005.0,821,9,,0.06850629998371,13217.0,1170,5,,0.1468047000234946,12802.0,1757,3,
160,10783,12146.0,1.73108699999284,wfa,0.3035353999584913,12443.0,2397,3,,0.0251373000210151,13785.0,800,9,,0.0667534999083727,13235.0,1153,5,,0.1434698000084608,13001.0,1727,3,
161,10463,11879.0,1.7281246999918949,wfa,0.2917679999954998,12215.0,2346,3,,0.0245770999463275,13357.0,809,9,,0.0649922000011429,12650.0,1155,5,,0.1435626000165939,12322.0,1721,3,
162,10931,12575.0,1.723112300009234,wfa,0.2938924999907613,13117.0,2421,3,,0.0236068000085651,14156.0,824,9,,0.0664879999822005,13630.0,1176,5,,0.1478542999830097,12984.0,1739,3,
163,10468,12007.0,1.7224119000020437,wfa,0.2930623999563977,12338.0,2345,3,,0.024656300083734,13092.0,800,9,,0.0663646999746561,12675.0,1150,5,,0.1445633000694215,12348.0,1708,3,
164,10392,11583.0,1.3900271999882534,wfa,0.2794467000057921,11889.0,2275,3,,0.0225084000267088,12981.0,783,9,,0.0634571000700816,12235.0,1114,5,,0.1402204999467358,11988.0,1694,3,
165,10617,12027.0,1.712020200007828,wfa,0.2845396000193432,12410.0,2353,3,,0.0251371000194922,13974.0,819,9,,0.0654480999801307,12975.0,1159,5,,0.1446485000196844,12707.0,1733,3,
166,10516,12031.0,1.806231199996546,wfa,0.2931104999734089,12291.0,2373,3,,0.0238555000396445,13400.0,830,9,,0.0666964999400079,12407.0,1173,5,,0.1433531999355182,12122.0,1744,3,
167,10949,12398.0,1.4919205000041984,wfa,0.2979028000263497,12915.0,2394,3,,0.0250247999792918,14071.0,814,9,,0.0658015999943018,13012.0,1158,5,,0.1462556000333279,12747.0,1721,3,
168,10492,11748.0,1.7560939000104554,wfa,0.2907474000239745,12139.0,2340,3,,0.0265543999848887,13189.0,806,9,,0.0653152000159025,12655.0,1139,5,,0.143701700028032,12421.0,1731,3,
169,10087,11269.0,1.58925079999608,wfa,0.2894933000206947,11667.0,2316,3,,0.0229213999118655,12894.0,792,9,,0.0632621999830007,12266.0,1120,5,,0.1399145000614226,11962.0,1679,3,
170,10339,11719.0,1.3863730000157377,wfa,0.2920657999347895,12070.0,2343,3,,0.0226063000736758,13370.0,793,9,,0.0657224999740719,12446.0,1132,5,,0.1434806999750435,12212.0,1648,3,
171,10643,12169.0,1.6623602000181563,wfa,0.2900735000148415,12397.0,2345,3,,0.0260025999741628,13310.0,816,9,,0.0649127000942826,13010.0,1165,5,,0.1450761000160128,12694.0,1726,3,
172,9727,10770.0,1.8359729000076184,wfa,0.2783985000569373,11207.0,2199,3,,0.0225691999075934,12759.0,788,9,,0.0638713999651372,11669.0,1087,5,,0.133264199947007,11404.0,1605,3,
173,10027,11109.0,1.4858558000123594,wfa,0.2866272999672219,11527.0,2308,3,,0.0246733999811112,12700.0,794,9,,0.0641782999737188,12162.0,1124,5,,0.1415759000228718,11872.0,1670,3,
174,11202,12999.0,1.789898399991216,wfa,0.2988019000040367,13405.0,2431,3,,0.0290977000258862,14222.0,817,9,,0.066781900008209,13441.0,1168,5,,0.1476754999021068,13382.0,1730,3,
175,10565,12200.0,1.7707383999950252,wfa,0.3020201999461278,12340.0,2407,3,,0.0252805999480187,13780.0,820,9,,0.0668133000144735,12927.0,1175,5,,0.1482046000892296,12668.0,1770,3,
176,9679,10820.0,1.6595402999955695,wfa,0.2864808000158518,11008.0,2244,3,,0.0271405999083071,12034.0,767,9,,0.0672774999402463,11386.0,1083,5,,0.1372501000296324,10978.0,1620,3,
177,10126,11173.0,1.3716430999920703,wfa,0.2746027000248432,11730.0,2221,3,,0.0240806000074371,12962.0,784,9,,0.1203192999819293,12379.0,1111,5,,0.1442808000138029,12038.0,1668,3,
178,10522,11967.0,1.677490000001853,wfa,0.2910052000079304,12375.0,2348,3,,0.0236994000151753,13544.0,807,9,,0.0646504000760614,12482.0,1138,5,,0.148037499981001,12208.0,1715,3,
179,10290,11797.0,1.690876800013939,wfa,0.286009700037539,12243.0,2319,3,,0.0262623999733477,13714.0,806,9,,0.0688076000660657,13036.0,1150,5,,0.1453096000477671,12574.0,1724,3,
180,10863,12382.0,1.4681397000094876,wfa,0.2885413999902084,13017.0,2377,3,,0.024596199975349,14047.0,818,9,,0.0649927000049501,13335.0,1152,5,,0.1449413000373169,12859.0,1719,3,
181,10239,11607.0,1.6783939999877475,wfa,0.302396300015971,12104.0,2397,3,,0.0270145999966189,13258.0,825,9,,0.068035600008443,12804.0,1171,5,,0.1421623999485746,12355.0,1700,3,
182,10396,11869.0,1.6234010999905877,wfa,0.2881157000083476,12081.0,2329,3,,0.0250459000235423,13304.0,807,9,,0.0649938000133261,12299.0,1135,5,,0.1386660999851301,11935.0,1689,3,
183,10230,11481.0,1.3741573999868706,wfa,0.2838332999963313,11785.0,2300,3,,0.0236706000287085,13236.0,803,9,,0.0659966999664902,12305.0,1127,5,,0.1369354999624192,12041.0,1684,3,
184,10815,12514.0,1.7176191999751609,wfa,0.278854800038971,12643.0,2298,3,,0.0244596999837085,13704.0,784,9,,0.065202199970372,13393.0,1127,5,,0.1444122999673709,12884.0,1694,3,
185,10399,11676.0,1.842210900009377,wfa,0.2948571000015363,11939.0,2363,3,,0.023654899909161,13093.0,809,9,,0.0641902999486774,12390.0,1155,5,,0.1432115000206977,12221.0,1744,3,
186,10724,12200.0,1.4412569000269286,wfa,0.2989553000079468,12444.0,2411,3,,0.0234161000698804,13652.0,811,9,,0.0659199999645352,13271.0,1167,5,,0.1422172000166028,12973.0,1754,3,
187,10114,11388.0,1.7425559000112116,wfa,0.2989527999889105,11716.0,2365,3,,0.0267231999896466,12540.0,797,9,,0.0670722000068053,12178.0,1121,5,,0.1382435000268742,11834.0,1675,3,
188,10698,12152.0,1.6644281999906525,wfa,0.2877594999736175,12378.0,2363,3,,0.0246241999557241,13766.0,819,9,,0.0654775999719277,12982.0,1159,5,,0.1446705999551341,12764.0,1751,3,
189,10415,11716.0,1.8426998000068124,wfa,0.2962621999904513,11993.0,2362,3,,0.0253261000616475,13192.0,804,9,,0.0666989999590441,12303.0,1157,5,,0.1416879000607878,11974.0,1685,3,
190,10399,11704.0,1.4042847999953665,wfa,0.2903020998928696,11986.0,2303,3,,0.023436399991624,12910.0,791,9,,0.0675947000272572,12507.0,1140,5,,0.1436683000065386,12153.0,1697,3,
191,10600,11998.0,1.6622570999898016,wfa,0.2957716999808326,12381.0,2376,3,,0.023809100035578,13580.0,820,9,,0.0676861999090761,12653.0,1166,5,,0.1430694999871775,12398.0,1742,3,
192,9880,11167.0,1.7470086999819614,wfa,0.2944309000158682,11558.0,2311,3,,0.0260284000542014,12508.0,784,9,,0.0700498999794945,11745.0,1117,5,,0.1341056999517604,11370.0,1626,3,
193,9870,11292.0,1.3225972999935038,wfa,0.2838710000505671,11495.0,2260,3,,0.0227580000646412,12935.0,799,9,,0.0646178000606596,12165.0,1116,5,,0.1355863000499084,11892.0,1689,3,
194,10208,11373.0,1.6019622999883725,wfa,0.2891135000390932,11737.0,2316,3,,0.0232214999850839,13032.0,795,9,,0.0644009000388905,12133.0,1129,5,,0.141509799985215,11831.0,1689,3,
195,11094,12613.0,1.750471200008178,wfa,0.281882100040093,12888.0,2335,3,,0.0250755000161007,13997.0,819,9,,0.0679006000282242,13485.0,1174,5,,0.1524053000612184,13256.0,1761,3,
196,10920,12309.0,1.7024457000079565,wfa,0.2910756000783294,12903.0,2406,3,,0.024461599998176,14269.0,821,9,,0.0656780999852344,13311.0,1164,5,,0.1414641999872401,12717.0,1746,3,
197,10094,11499.0,1.6974232000065967,wfa,0.3009872999973595,11827.0,2356,3,,0.0260729999281466,12836.0,813,9,,0.0665130000561475,12437.0,1167,5,,0.1443491999525576,12068.0,1711,3,
198,10702,12212.0,1.668637700000545,wfa,0.2912467999849468,12583.0,2361,3,,0.0238820000085979,13685.0,816,9,,0.0662447999930009,13041.0,1147,5,,0.1416162999812513,12673.0,1714,3,
199,10195,11520.0,1.554776300006779,wfa,0.3015752000501379,11828.0,2345,3,,0.0240348000079393,12948.0,792,9,,0.0671602999791503,12047.0,1112,5,,0.1434213999891653,11709.0,1682,3,
200,10731,12356.0,1.6744652999914251,wfa,0.2993805999867618,12658.0,2410,3,,0.0275266000535339,13518.0,816,9,,0.0664006998995319,13134.0,1172,5,,0.1446514999261126,12911.0,1717,3,
201,10433,11560.0,1.7717821999976875,wfa,0.2844077000627294,11877.0,2275,3,,0.0240623999852687,13524.0,799,9,,0.0647318999981507,12672.0,1133,5,,0.1458206999814137,12401.0,1681,3,
202,10887,12525.0,1.7084729000052905,wfa,0.2888578999554738,12904.0,2360,3,,0.0237700999714434,13881.0,819,9,,0.068593299947679,13128.0,1153,5,,0.1482284000376239,12938.0,1729,3,
203,10708,12290.0,1.5999290000181643,wfa,0.3418220999883488,13047.0,2315,3,,0.0255846999352797,13859.0,790,9,,0.0641320999711752,12987.0,1124,5,,0.1435386999510228,12479.0,1665,3,
204,10675,12083.0,1.6722440000157803,wfa,0.2977064999286085,12165.0,2379,2,,0.0245068999938666,13961.0,816,8,,0.0660222000442445,12905.0,1157,4,,0.1441424000076949,12831.0,1698,3,
205,10476,11797.0,1.85400250001112,wfa,0.2900288000237196,12393.0,2332,3,,0.0234084000112488,13493.0,808,9,,0.0643610999686643,12713.0,1140,5,,0.1447475000750273,12218.0,1719,3,
206,10246,11609.0,1.6370495000155645,wfa,0.2866832000436261,12005.0,2274,3,,0.0250320999184623,12802.0,784,9,,0.0654306999640539,12344.0,1118,5,,0.1425070000113919,12013.0,1654,3,
207,10292,11497.0,1.6345840999856591,wfa,0.2839728000108152,11914.0,2301,3,,0.0234971999889239,13308.0,795,9,,0.0654556000372394,12594.0,1134,5,,0.1444464999949559,12253.0,1694,3,
208,10674,11885.0,1.694719699997222,wfa,0.2929844999453053,12308.0,2336,3,,0.0253323999932035,13393.0,798,9,,0.0660626000026241,12763.0,1127,5,,0.1462370000081136,12540.0,1694,3,
209,9663,10950.0,1.3495265000092331,wfa,0.2993076000129804,11225.0,2301,3,,0.0231142000993713,12491.0,791,9,,0.0662306000012904,11821.0,1130,5,,0.1400439999997615,11527.0,1681,3,
210,11033,12492.0,1.723376099980669,wfa,0.297474000020884,12872.0,2377,3,,0.0241308999247849,13791.0,803,9,,0.0648603000445291,13007.0,1146,5,,0.1461160000180825,12685.0,1710,3,
211,9855,10982.0,1.5965302000113295,wfa,0.2929864000761881,11055.0,2280,2,,0.0257348999148234,12601.0,786,8,,0.0643591999541968,11901.0,1116,4,,0.1383315999992191,11750.0,1625,3,
212,10623,11918.0,1.4722712000075262,wfa,0.2911337999394163,12310.0,2313,3,,0.0238890999462455,13386.0,791,9,,0.0648283999180421,13071.0,1138,5,,0.1451875000493601,12840.0,1719,3,
213,9902,10865.0,1.692163800005801,wfa,0.3010294999694451,11198.0,2344,3,,0.0213422999950125,12158.0,786,9,,0.0659206999698653,11726.0,1129,5,,0.1429842999204993,11436.0,1645,3,
214,10177,11339.0,1.60865370000829,wfa,0.2880501999752596,11737.0,2306,3,,0.0254379999823868,13415.0,809,9,,0.0663372999988496,12364.0,1143,5,,0.1411935999058187,12010.0,1660,3,
215,10092,11948.0,1.3537353999854531,wfa,0.2956914999522269,12142.0,2352,3,,0.0245413000229746,12953.0,806,9,,0.0697909999871626,12302.0,1137,5,,0.1418088000500574,11984.0,1717,3,
216,10234,11569.0,1.6734448999923188,wfa,0.2833573999814689,12052.0,2286,3,,0.025021200068295,13178.0,809,9,,0.0657186999451369,12539.0,1151,5,,0.146175600006245,12221.0,1697,3,
217,10564,11899.0,1.6671747000073085,wfa,0.2924910000292584,12294.0,2346,3,,0.024673500098288,13437.0,798,9,,0.0673744999803602,12835.0,1153,5,,0.1457086000591516,12498.0,1718,3,
218,10433,11873.0,1.9602016000135336,wfa,0.2864543000468984,12163.0,2296,3,,0.0226904000155627,13140.0,787,9,,0.0639836000045761,12467.0,1115,5,,0.1408828999847173,12087.0,1672,3,
219,10026,11275.0,1.6905119000002742,wfa,0.2887594000203535,11648.0,2268,3,,0.0248194000450894,12888.0,780,9,,0.0642014000331983,11999.0,1120,5,,0.1436943999724462,11843.0,1648,3,
220,9881,10980.0,1.5639107000024524,wfa,0.2811442000092938,11292.0,2215,3,,0.0242366000311449,12509.0,789,9,,0.0642443000106141,11992.0,1106,5,,0.1461288999998942,11682.0,1673,3,
221,10647,12064.0,1.66123910000897,wfa,0.3017831000033766,12509.0,2401,3,,0.0237260999856516,13329.0,809,9,,0.065650500007905,12521.0,1145,5,,0.145880899974145,12251.0,1712,3,
222,10768,12098.0,1.7741737999895122,wfa,0.2849124999484047,12489.0,2325,3,,0.0250901000108569,13420.0,800,9,,0.0651959999231621,12789.0,1131,5,,0.141665400005877,12611.0,1698,3,
223,10893,12557.0,1.8083385000063568,wfa,0.2996609000256285,12828.0,2390,3,,0.0253473999910056,13871.0,828,9,,0.0724684000015258,13047.0,1173,5,,0.1515168000478297,12701.0,1760,3,
224,10181,11354.0,1.6944924999843352,wfa,0.2964893999742344,11712.0,2326,3,,0.0262670000083744,13164.0,792,9,,0.0660425999667495,12074.0,1115,5,,0.1430979999713599,11769.0,1674,3,
225,10765,12124.0,1.4689065999991726,wfa,0.3018477000296116,12513.0,2414,3,,0.0256997999968007,13860.0,826,9,,0.0659972999710589,12762.0,1163,5,,0.1505087000550702,12486.0,1752,3,
226,10560,11783.0,1.7287225000036417,wfa,0.2893179999664426,12494.0,2333,3,,0.0234566000290215,13438.0,801,9,,0.0651107999728992,12801.0,1140,5,,0.1418826999142766,12218.0,1668,3,
227,10366,11846.0,1.850322399986908,wfa,0.3074922999367118,12135.0,2438,3,,0.0260998999001458,13082.0,818,9,,0.0672897000331431,12888.0,1172,5,,0.1438982000108808,12673.0,1760,3,
228,10617,11840.0,1.7308985999843571,wfa,0.2871707000304013,12259.0,2312,3,,0.0241692001000046,13048.0,778,9,,0.0671190000139176,12418.0,1104,5,,0.1433870999608189,12191.0,1662,3,
229,10797,12228.0,1.8816851000010504,wfa,0.3093749999534338,12615.0,2458,3,,0.023469700012356,13779.0,832,9,,0.067367700044997,12796.0,1187,5,,0.1466242999304086,12499.0,1751,3,
230,10859,12502.0,1.7453887999872677,wfa,0.3061571000143885,13100.0,2445,3,,0.0260027999756857,14538.0,835,9,,0.0681528000859543,13332.0,1184,5,,0.1506383999949321,12783.0,1746,3,
231,9738,10853.0,1.7687316000228748,wfa,0.2967494000913575,11155.0,2287,3,,0.0227007999783381,12308.0,774,9,,0.0652289999416098,11615.0,1110,5,,0.1392213000217452,11361.0,1645,3,
232,9785,10881.0,1.338384800008498,wfa,0.2978644999675452,11200.0,2282,3,,0.0253440000815317,12632.0,779,9,,0.0645017999922856,12273.0,1112,5,,0.1406578999012708,12021.0,1667,3,
233,11141,12913.0,1.8546194999944416,wfa,0.2951878999592736,13486.0,2423,3,,0.0243516000919044,14640.0,813,9,,0.0659638999495655,13789.0,1157,5,,0.149867899948731,13193.0,1715,3,
234,10459,11846.0,1.7776888999796938,wfa,0.2949745999649167,12049.0,2346,3,,0.0231540999375283,13292.0,805,9,,0.0650711000198498,12070.0,1129,5,,0.1454436000203713,11892.0,1713,3,
235,10936,12061.0,1.8867099999915808,wfa,0.2952251000097021,12322.0,2376,3,,0.02590600005351,13744.0,807,9,,0.066313000046648,13067.0,1159,5,,0.149383999989368,12740.0,1698,3,
236,10448,11721.0,1.718415700015612,wfa,0.3081240999745205,12054.0,2417,3,,0.0243349999655038,13329.0,814,9,,0.0683737999061122,12308.0,1158,5,,0.1481649000197649,12110.0,1747,3,
237,10125,11282.0,1.75968209997518,wfa,0.28862719994504,11783.0,2300,3,,0.023617000086233,13240.0,796,9,,0.0636732000857591,12433.0,1129,5,,0.1432504000840708,12102.0,1676,3,
238,10268,11595.0,1.3783920999849215,wfa,0.2911281998967752,12074.0,2317,3,,0.0252631000475958,13115.0,800,9,,0.0662580999778583,12505.0,1129,5,,0.1461197999306023,12170.0,1690,3,
239,10313,11664.0,1.624415500002215,wfa,0.2913346999557689,11946.0,2330,3,,0.0231068000430241,12769.0,800,9,,0.0680396999232471,12303.0,1143,5,,0.1429143999703228,11995.0,1713,3,
240,10762,12434.0,1.6843589000054635,wfa,0.2999530000379309,12746.0,2398,3,,0.024259699974209,13679.0,800,9,,0.0656662000110372,12822.0,1146,5,,0.1423102000262588,12546.0,1707,3,
241,11112,12778.0,1.9409964000224136,wfa,0.2934766999678686,13054.0,2393,3,,0.0265018000500276,14833.0,833,9,,0.0692999999737367,13632.0,1176,5,,0.1569270000327378,13427.0,1760,3,
242,10431,11590.0,1.7514376000035554,wfa,0.2981352999340743,11903.0,2350,3,,0.0253065000288188,13251.0,804,9,,0.070832600002177,12515.0,1150,5,,0.1421120000304654,12215.0,1724,3,
243,10614,12357.0,1.740916599985212,wfa,0.30155289999675,12347.0,2380,3,,0.0245673999888822,13508.0,809,9,,0.0677802000427618,12700.0,1156,5,,0.1483949000248685,12693.0,1754,3,
244,10165,11431.0,1.8508100000035483,wfa,0.2896098999772221,11659.0,2292,3,,0.0240692000370472,12781.0,791,9,,0.0686233000596985,12116.0,1134,5,,0.1459261000854894,11957.0,1680,3,
245,10629,12074.0,1.4356423999997787,wfa,0.2887361000757664,12409.0,2320,3,,0.0238543000305071,13330.0,795,9,,0.0673891000915318,12719.0,1148,5,,0.1514440000755712,12355.0,1696,3,
246,10565,11946.0,1.6985914999968372,wfa,0.29465179995168,12315.0,2309,3,,0.0249972000019624,13134.0,798,9,,0.0660491000162437,12942.0,1143,5,,0.1473056999966502,12679.0,1718,3,
247,10442,11981.0,1.8625337000121365,wfa,0.2945509999990463,12342.0,2313,3,,0.0241873000049963,13340.0,795,9,,0.0642298000166192,12821.0,1134,5,,0.1458364999853074,12480.0,1677,3,
248,10349,11568.0,1.3968190000159666,wfa,0.2863575000083074,11844.0,2301,3,,0.07606210000813,13139.0,798,9,,0.0643050000071525,12300.0,1118,5,,0.1417592000216245,12069.0,1664,3,
249,10621,12100.0,1.6685898999858182,wfa,0.2973121999530121,12843.0,2376,3,,0.0269704998936504,13981.0,819,9,,0.066791099961847,13401.0,1159,5,,0.1486261000391096,12751.0,1727,3,
250,10770,12334.0,1.9667241999995893,wfa,0.2973090000450611,12803.0,2401,3,,0.0235058000544086,13773.0,810,9,,0.065381700056605,13017.0,1154,5,,0.1450929000275209,12564.0,1707,3,
251,10376,11692.0,1.693288400012534,wfa,0.304452900076285,12030.0,2415,3,,0.0256089000031352,13185.0,809,9,,0.0664636999135837,12343.0,1157,5,,0.1438758000731468,12017.0,1743,3,
252,10302,11546.0,1.3861058999900706,wfa,0.2993920999579131,11994.0,2356,3,,0.0234466000692918,13016.0,795,9,,0.0675207999302074,12441.0,1149,5,,0.1485061000566929,12209.0,1678,3,
253,10673,12180.0,1.756351699994411,wfa,0.3069941999856382,12544.0,2404,3,,0.0256028000731021,13515.0,821,9,,0.0665558000328019,12738.0,1159,5,,0.14559690002352,12393.0,1727,3,
254,9602,10761.0,1.6938583000155631,wfa,0.2770954000297934,11079.0,2161,3,,0.0260355999926105,12072.0,758,9,,0.0622666999697685,11757.0,1070,5,,0.1374144000001251,11448.0,1581,3,
255,10331,11765.0,1.3937003999890294,wfa,0.2962035000091418,12129.0,2339,3,,0.0254099000012502,13510.0,816,9,,0.0679288000101223,12520.0,1147,5,,0.1504046999616548,12125.0,1719,3,
256,10985,12395.0,1.7380467999901157,wfa,0.2899544000392779,12663.0,2360,3,,0.0251614999724552,14062.0,815,9,,0.0657710999948903,13362.0,1159,5,,0.1503805000102147,13094.0,1733,3,
257,10414,11737.0,1.6931225000007544,wfa,0.2864364999113604,12006.0,2302,3,,0.0260393000207841,13151.0,802,9,,0.0673458999954164,12358.0,1129,5,,0.1411235999548807,12023.0,1671,3,
258,10083,11675.0,1.381574900005944,wfa,0.2885678999591619,12049.0,2274,3,,0.0224908998934552,13102.0,780,9,,0.0645981000270694,12114.0,1110,5,,0.1453357000136748,11855.0,1674,3,
259,10399,11746.0,1.6534114000096451,wfa,0.3054650000995025,12118.0,2382,3,,0.0258944999659433,13316.0,817,9,,0.0673651000251993,12495.0,1163,5,,0.1477660000091418,12190.0,1744,3,
260,10404,11744.0,1.6666509000060614,wfa,0.297333599999547,12125.0,2344,3,,0.0242376000387594,13702.0,819,9,,0.0661573000252246,12993.0,1146,5,,0.1460226000053808,12703.0,1718,3,
261,10578,11962.0,1.4406650000019,wfa,0.3035127000184729,12377.0,2381,3,,0.0252261999994516,13513.0,813,9,,0.0675983000546693,12847.0,1158,5,,0.1500983000732958,12438.0,1710,3,
262,10633,12321.0,1.8958639999909792,wfa,0.2996603000210598,12919.0,2405,3,,0.0271180999698117,13959.0,822,9,,0.0696416000137105,13451.0,1171,5,,0.1499981000088155,13073.0,1754,3,
263,11214,12849.0,1.7970916999911424,wfa,0.2893306999467313,13144.0,2391,3,,0.0254038999555632,14143.0,823,9,,0.0673589999787509,13203.0,1165,5,,0.1512853000313043,12947.0,1739,3,
264,10558,12258.0,1.9214648000197485,wfa,0.2871255999198183,12570.0,2311,3,,0.024200199986808,13094.0,789,9,,0.0657237999839708,13061.0,1139,5,,0.1465094999875873,12609.0,1722,3,
265,10413,11808.0,1.4095238999871071,wfa,0.2891448999289423,12201.0,2317,3,,0.0253051000181585,13554.0,787,9,,0.0652696000179275,12785.0,1115,5,,0.1457804000237956,12372.0,1666,3,
266,10197,11314.0,1.6244260000239592,wfa,0.2989292000420391,11718.0,2339,3,,0.0230646999552845,13258.0,805,9,,0.0649312000023201,12453.0,1127,5,,0.1446211999282241,12122.0,1676,3,
267,11037,12554.0,1.7223176999832503,wfa,0.2904012000653893,12817.0,2328,3,,0.025566800031811,14526.0,810,9,,0.0690361000597477,13694.0,1152,5,,0.1539662000723183,13385.0,1749,3,
268,9936,11233.0,1.4045449999975972,wfa,0.2919890000484884,11548.0,2283,3,,0.0224854999687522,12953.0,789,9,,0.0654618999687954,12039.0,1104,5,,0.1392838000319898,11750.0,1673,3,
269,10534,11962.0,1.674846299982164,wfa,0.3041777999605983,12271.0,2369,3,,0.0247591999359428,13291.0,806,9,,0.0706868000561371,13156.0,1155,5,,0.1545416000299155,13022.0,1745,3,
270,10472,11818.0,1.6547161000198685,wfa,0.3073959000175819,12175.0,2362,3,,0.0287988999625667,13287.0,806,9,,0.064672700013034,12484.0,1138,5,,0.1458098000148311,12183.0,1688,3,
271,10908,12273.0,1.4721477999992203,wfa,0.2899231999181211,12647.0,2345,3,,0.0253548000473529,13561.0,814,9,,0.0682563999434933,13127.0,1159,5,,0.1502550001023337,12959.0,1726,3,
272,11034,12775.0,1.9786829999939075,wfa,0.3106891999486834,13333.0,2473,3,,0.0259367000544443,14242.0,818,9,,0.0677549999672919,13644.0,1188,5,,0.1523608000716194,13119.0,1759,3,
273,10600,12714.0,1.8144354000105525,wfa,0.3020317000336945,13243.0,2418,3,,0.0260548000223934,14650.0,843,9,,0.0673758999910205,13560.0,1188,5,,0.1499953001039102,12968.0,1779,3,
274,10877,12505.0,1.698136200022418,wfa,0.2971816000062972,12843.0,2396,3,,0.0270604999968782,13723.0,800,9,,0.0676329999696463,13263.0,1149,5,,0.1520990000572055,13000.0,1705,3,
275,10837,12108.0,1.6020205999957398,wfa,0.2973214999074116,12496.0,2356,3,,0.0266649000113829,13454.0,807,9,,0.0662810000358149,12921.0,1156,5,,0.1452226000837981,12564.0,1748,3,
276,10684,11871.0,1.6738152999896556,wfa,0.3010045000119135,12309.0,2359,3,,0.0237640999257564,13208.0,803,9,,0.0668957000598311,12769.0,1139,5,,0.145627100020647,12457.0,1720,3,
277,10541,11873.0,1.6777396999823395,wfa,0.3070034000556916,12201.0,2366,3,,0.0232607000507414,13246.0,800,9,,0.1225010000634938,12509.0,1145,5,,0.148639400023967,12224.0,1703,3,
278,10764,12050.0,1.455106599983992,wfa,0.2913533999817446,12700.0,2338,3,,0.0256039999658241,13979.0,806,9,,0.0685550000052899,13360.0,1156,5,,0.1508521999930963,12834.0,1730,3,
279,11215,12980.0,1.7681615000183228,wfa,0.3008699000347405,13461.0,2415,3,,0.0249277000548318,14462.0,841,9,,0.069990299991332,14050.0,1202,5,,0.1526289000175893,13552.0,1809,3,
280,10246,11474.0,1.6965966999996454,wfa,0.2936908000847325,11853.0,2289,3,,0.0241162000456824,13061.0,799,9,,0.0680175999877974,12302.0,1134,5,,0.1498905000044033,11967.0,1704,3,
281,11089,12684.0,1.491287499986356,wfa,0.2880460999440402,13011.0,2317,3,,0.026267800014466,13899.0,807,9,,0.0685443000402301,13276.0,1140,5,,0.1569842000026255,12878.0,1700,3,
282,9850,11371.0,1.6242197999963537,wfa,0.2953697999473661,11859.0,2273,3,,0.0235531999496743,12698.0,784,9,,0.0700033999746665,12142.0,1118,5,,0.1413616000209003,11904.0,1657,3,
283,10770,12113.0,1.7018119000131264,wfa,0.3010762000922113,12494.0,2391,3,,0.0272501999279484,13596.0,821,9,,0.0662583999801427,13260.0,1172,5,,0.1495669999858364,12956.0,1730,3,
284,11073,12667.0,1.9704100000089968,wfa,0.317168700043112,13123.0,2502,3,,0.025263600051403,14130.0,844,9,,0.0694352000718936,13409.0,1207,5,,0.1578749999171123,13070.0,1809,3,
285,10471,12148.0,1.5869038999953773,wfa,0.3012701000552624,12533.0,2330,3,,0.0241591000230982,13728.0,801,9,,0.0652988998917862,13114.0,1140,5,,0.1448343999218195,12826.0,1674,3,
286,10127,11407.0,1.5887945000140462,wfa,0.3065332000842318,11664.0,2362,3,,0.0260275000473484,13108.0,795,9,,0.0674270000308752,12256.0,1134,5,,0.1466635999968275,11855.0,1704,3,
287,10028,11345.0,1.6493578999943566,wfa,0.2914134000893682,11668.0,2279,3,,0.0224914998980239,12862.0,791,9,,0.0653423999901861,12010.0,1118,5,,0.1439025000436231,11715.0,1662,3,
288,10797,12133.0,1.471051600005012,wfa,0.2803757000947371,12412.0,2267,3,,0.0258759999414905,13842.0,784,9,,0.0688591999933123,13278.0,1126,5,,0.1530803000787273,12927.0,1689,3,
289,10376,11674.0,1.8509094000037292,wfa,0.3120681000873446,11996.0,2363,3,,0.0265857999911531,12984.0,812,9,,0.0664801000384613,12731.0,1161,5,,0.1516243000514805,12536.0,1743,3,
290,10821,12281.0,1.9856713000044688,wfa,0.307707899948582,12670.0,2401,3,,0.026641699951142,13292.0,802,9,,0.0706640999997034,12866.0,1160,5,,0.1515927000436931,12491.0,1717,3,
291,10821,12331.0,1.857198999990942,wfa,0.3075786000117659,12517.0,2405,3,,0.0264548000413924,13957.0,822,9,,0.0678896000608801,12932.0,1165,5,,0.1517956999596208,12821.0,1732,3,
292,10329,11992.0,1.7669501999916974,wfa,0.3061532999854535,12418.0,2375,3,,0.0253742999630048,13549.0,826,9,,0.0673561000730842,12851.0,1162,5,,0.1486464999616146,12588.0,1740,3,
293,10245,11712.0,1.974527799990028,wfa,0.3099550000624731,12081.0,2377,3,,0.0276434000115841,13207.0,808,9,,0.0677310000173747,12303.0,1156,5,,0.1502478999318555,12037.0,1732,3,
294,10498,12016.0,1.842090799997095,wfa,0.304094500024803,12310.0,2366,3,,0.027299299952574,13228.0,800,9,,0.0678945999825373,12451.0,1142,5,,0.1558392000151798,12193.0,1713,3,
295,10408,11908.0,1.7919478999974672,wfa,0.3033525999635458,12373.0,2371,3,,0.0245603000512346,13504.0,810,9,,0.0677103999769315,12706.0,1150,5,,0.1426755000138655,12091.0,1696,3,
296,10499,12004.0,1.8284924000035967,wfa,0.298781199962832,12431.0,2348,3,,0.0230971999699249,13519.0,785,9,,0.0649420000845566,12938.0,1118,5,,0.1471963999792933,12447.0,1667,3,
297,10435,11731.0,1.8389987999980804,wfa,0.2987328999442979,12451.0,2354,3,,0.0264234999194741,13691.0,821,9,,0.0684351000236347,12833.0,1143,5,,0.1432116000214591,12160.0,1680,3,
298,10571,11723.0,1.7731343999912497,wfa,0.2857348000397905,12144.0,2274,3,,0.0246877999743446,13858.0,811,9,,0.0675930000143125,12547.0,1126,5,,0.1487643000436946,12338.0,1679,3,
299,10228,11379.0,1.680155799986096,wfa,0.298409599927254,11734.0,2318,3,,0.0259676000569015,12559.0,801,9,,0.0663276999257505,11902.0,1124,5,,0.1476229999680072,11718.0,1693,3,
300,10495,11718.0,1.7056767000176478,wfa,0.2921213000081479,12104.0,2314,3,,0.0235851999605074,13408.0,785,9,,0.0656518000178039,12623.0,1128,5,,0.1445401000091806,12151.0,1661,3,
301,10428,11674.0,1.439416400011396,wfa,0.3057902000145986,12076.0,2417,3,,0.0254830999765545,13588.0,823,9,,0.0750029999762773,12626.0,1165,5,,0.1469664999749511,12349.0,1753,3,
302,10559,12068.0,1.7148830000078306,wfa,0.2976531999884173,12356.0,2338,3,,0.0268178000114858,13384.0,808,9,,0.0664446000009775,12658.0,1144,5,,0.1488863999256864,12317.0,1725,3,
303,10593,12080.0,1.7050890999962576,wfa,0.3581104999175295,12274.0,2368,3,,0.0235056000528857,13182.0,801,9,,0.0680563999339938,12642.0,1152,5,,0.1456351999659091,12505.0,1726,3,
304,10676,11834.0,1.8929740999883504,wfa,0.303458199952729,12138.0,2364,3,,0.0243137000361457,13288.0,811,9,,0.0678830000106245,12983.0,1168,5,,0.1500149000203237,12678.0,1726,3,
305,10435,11874.0,1.7454891999950632,wfa,0.2901977999135852,12163.0,2281,3,,0.0266891999635845,13294.0,791,9,,0.0666790000395849,12434.0,1121,5,,0.1452737000072375,12422.0,1702,3,
306,10748,12171.0,1.8538485000026408,wfa,0.2958303999621421,12491.0,2323,3,,0.0246269000926986,13582.0,804,9,,0.0668742000125348,12688.0,1140,5,,0.147482999949716,12427.0,1697,3,
307,11119,12590.0,2.0141412999946624,wfa,0.3069657000014558,12997.0,2438,3,,0.0270719999680295,14009.0,814,9,,0.0676438000518828,13224.0,1157,5,,0.153130599996075,12912.0,1741,3,
308,10872,12519.0,1.910635300009744,wfa,0.2974785000551492,12866.0,2407,3,,0.025079800048843,13748.0,818,9,,0.0681908000260591,13082.0,1176,5,,0.1560010999673977,12758.0,1756,3,
309,10621,12441.0,1.9167222999967637,wfa,0.3000554000027478,12711.0,2377,3,,0.025668799993582,13731.0,804,9,,0.0667321999790147,12969.0,1155,5,,0.1480494000716135,12647.0,1710,3,
310,11034,12738.0,1.738141199981328,wfa,0.304860399919562,13019.0,2404,3,,0.0264441999606788,14198.0,824,9,,0.0679428000003099,13358.0,1180,5,,0.15236189996358,13124.0,1745,3,
311,10947,12411.0,1.657342199992854,wfa,0.2995312999701127,12753.0,2374,3,,0.0262025000993162,14626.0,842,9,,0.0710757999913767,13492.0,1183,5,,0.1605708999559283,13298.0,1784,3,
312,10004,11202.0,1.5925086000061128,wfa,0.3062884999671951,11500.0,2330,3,,0.0229624999919906,12743.0,792,9,,0.0672842999920249,12233.0,1143,5,,0.1512895000632852,11867.0,1693,3,
313,11235,13110.0,1.8217843000020368,wfa,0.3100800999673083,13422.0,2449,3,,0.0274742000037804,14164.0,822,9,,0.06793830008246,13759.0,1177,5,,0.1555704999482259,13457.0,1778,3,
314,10366,11802.0,1.6871134999964852,wfa,0.3083317000418901,12171.0,2379,3,,0.0237463000230491,13178.0,806,9,,0.0669704999309033,12383.0,1157,5,,0.1492327000014484,12184.0,1717,3,
315,10209,11955.0,1.388092900015181,wfa,0.3099421999650076,12129.0,2350,3,,0.0274436000036075,12705.0,793,9,,0.0687963999807834,12545.0,1141,5,,0.1492668000282719,12194.0,1690,3,
316,10748,12029.0,1.7045293999835849,wfa,0.3028219999978319,12376.0,2363,3,,0.0252502999501302,13624.0,811,9,,0.0686468000058084,12866.0,1153,5,,0.1544591999845579,12493.0,1742,3,
317,10770,12597.0,1.8697808000142688,wfa,0.3115531000075862,12699.0,2410,3,,0.0266377000370994,13799.0,818,9,,0.0692745000123977,13170.0,1176,5,,0.1576144000282511,12975.0,1737,3,
318,10911,12192.0,1.4850204000249505,wfa,0.2966450999956578,12984.0,2361,3,,0.0257864999584853,14165.0,802,9,,0.0663944999687373,13547.0,1147,5,,0.1499283999437466,13022.0,1707,3,
319,10613,11877.0,1.6988836000091396,wfa,0.2927738000871613,12524.0,2315,3,,0.0281030000187456,13930.0,820,9,,0.0728577999398112,13321.0,1149,5,,0.1492861000588163,12802.0,1741,3,
320,10851,12240.0,1.733255500002997,wfa,0.2958441000664606,12486.0,2349,3,,0.0254662000807002,13652.0,795,9,,0.0667392999166622,13095.0,1130,5,,0.1523196001071483,12803.0,1703,3,
321,10814,12192.0,1.702748999989126,wfa,0.3034547999268397,12457.0,2389,3,,0.0276943000499159,13552.0,800,9,,0.0671825999161228,12971.0,1157,5,,0.1522273999871686,12625.0,1700,3,
322,10608,11876.0,1.439375599991763,wfa,0.3003749999916181,12282.0,2374,3,,0.0246092999586835,13706.0,819,9,,0.0690508000552654,12747.0,1169,5,,0.1510837000096216,12558.0,1750,3,
323,10367,11608.0,1.6495426000037696,wfa,0.3002348000882193,11958.0,2317,3,,0.0261308000190183,13304.0,805,9,,0.0661132000386715,12422.0,1135,5,,0.1489135000156238,12116.0,1693,3,
324,10511,11784.0,1.6716131000139285,wfa,0.3094009000342339,12195.0,2394,3,,0.0244409000733867,13277.0,813,9,,0.0665425999322906,12752.0,1168,5,,0.1502242999849841,12459.0,1762,3,
325,10471,12251.0,1.4365054999943825,wfa,0.3027221999363974,12472.0,2352,3,,0.0244153999956324,13570.0,807,9,,0.0674214999889954,12619.0,1146,5,,0.1508255000226199,12538.0,1730,3,
326,10760,12288.0,1.7169203000084965,wfa,0.3186048000352457,13031.0,2436,3,,0.0267497999593615,14003.0,804,9,,0.0686803000280633,13445.0,1156,5,,0.1522316000191494,13060.0,1751,3,
327,10652,12104.0,1.8752403999969829,wfa,0.3207320999354124,12480.0,2435,3,,0.025281099951826,14119.0,824,9,,0.0732960000168532,12687.0,1158,5,,0.1501952001126483,12405.0,1699,3,
328,10678,12361.0,1.4319333000166807,wfa,0.3009098999900743,12605.0,2365,3,,0.025693199946545,13897.0,822,9,,0.0694932000478729,13136.0,1167,5,,0.1544245000695809,12752.0,1754,3,
329,10549,11970.0,1.757028200023342,wfa,0.3007264999905601,12549.0,2362,3,,0.0276828999631106,13655.0,813,9,,0.0683017000555992,13058.0,1154,5,,0.1538200000068172,12559.0,1756,3,
330,10090,11390.0,1.6274383999989368,wfa,0.3003084000665694,11733.0,2318,3,,0.0227421000599861,12707.0,775,9,,0.0666745000053197,12134.0,1099,5,,0.1446832000510767,11868.0,1648,3,
331,11269,13150.0,1.8010505000129342,wfa,0.3150236000074073,13405.0,2498,3,,0.0274118999950587,14145.0,839,9,,0.0700981999980285,13638.0,1203,5,,0.1574040000559762,13364.0,1789,3,
332,10860,12438.0,1.7088661000016143,wfa,0.2975488000083715,12854.0,2362,3,,0.0252165999263525,13752.0,819,9,,0.0694534999784082,13363.0,1162,5,,0.1542669999180361,13096.0,1734,3,
333,10359,11619.0,1.6392982999968808,wfa,0.2873087000334635,12008.0,2257,3,,0.0251959000015631,13509.0,784,9,,0.0683393001090735,12397.0,1111,5,,0.1474500999320298,12165.0,1663,3,
334,10163,11544.0,1.6073050999839325,wfa,0.303504400071688,11928.0,2331,3,,0.0273796000983566,13087.0,802,9,,0.068040500045754,12569.0,1151,5,,0.1451560000423342,12134.0,1707,3,
335,10389,11605.0,1.4336037999892142,wfa,0.3065025999676436,11934.0,2345,3,,0.0239872999954968,12718.0,779,9,,0.0665236000204458,12255.0,1126,5,,0.1428815000690519,11931.0,1665,3,
336,10710,12069.0,1.7198144999856595,wfa,0.2927491000154987,12345.0,2317,3,,0.0239651999436318,13434.0,783,9,,0.0652655999874696,12574.0,1100,5,,0.1459372999379411,12313.0,1674,3,
337,11026,12952.0,1.764375500002643,wfa,0.308261000085622,13259.0,2426,3,,0.0282371999928727,14034.0,822,9,,0.0702761999564245,13502.0,1170,5,,0.1562283000675961,13143.0,1735,3,
338,10399,11812.0,1.6694355999934487,wfa,0.2926012000534683,12053.0,2272,3,,0.0247293999418616,12822.0,785,9,,0.0673980000428855,12324.0,1130,5,,0.1538978000171482,12056.0,1677,3,
339,11275,12880.0,1.7773102999781258,wfa,0.3099389000562951,13419.0,2439,3,,0.0283098999643698,14400.0,836,9,,0.0719676000298932,14001.0,1206,5,,0.1591646999586373,13341.0,1764,3,
340,10381,11899.0,1.6636252000171226,wfa,0.3075507999164983,12268.0,2346,3,,0.0245424000313505,13185.0,810,9,,0.0705329000484198,12872.0,1168,5,,0.1514893999556079,12441.0,1717,3,
341,10627,11869.0,1.6955622999812476,wfa,0.3146482000593096,12208.0,2388,3,,0.0249185999855399,13444.0,811,9,,0.0702586000552401,12538.0,1163,5,,0.1501760999672114,12249.0,1718,3,
342,10302,11691.0,1.405651900015073,wfa,0.2927931000012904,11889.0,2257,3,,0.0259181000292301,12892.0,790,9,,0.0671426999615505,12327.0,1112,5,,0.1456633999478072,12046.0,1664,3,
343,10774,12250.0,1.7172806999878958,wfa,0.306860200013034,12493.0,2382,3,,0.0262883999384939,13910.0,824,9,,0.0698652999708429,13024.0,1174,5,,0.1547100000316277,12700.0,1742,3,
344,10098,11416.0,1.6209330999990923,wfa,0.2974006999284029,11838.0,2315,3,,0.025777000002563,12927.0,803,9,,0.073135899961926,12499.0,1149,5,,0.1475021999794989,12199.0,1714,3,
345,10488,11860.0,1.408295300003374,wfa,0.2954420000314712,12307.0,2300,3,,0.0271197999827563,13453.0,802,9,,0.0684379000449553,12702.0,1121,5,,0.1479934999952092,12468.0,1676,3,
346,10484,12057.0,1.659793400001945,wfa,0.2979927000124007,12401.0,2338,3,,0.0242150999838486,13518.0,807,9,,0.0668978999601677,12623.0,1136,5,,0.1486748999450355,12304.0,1703,3,
347,10610,11924.0,1.7198636999819428,wfa,0.3074360999744385,12296.0,2369,3,,0.02668300003279,13146.0,801,9,,0.0668236999772489,12532.0,1138,5,,0.1478605000302195,12290.0,1705,3,
348,10597,11984.0,1.4606765999924392,wfa,0.2938467999920249,12356.0,2323,3,,0.0240179999964311,13307.0,799,9,,0.0670110000064596,12951.0,1143,5,,0.1494446999859064,12673.0,1715,3,
349,9883,11085.0,1.7157435000117405,wfa,0.2951112000737339,11354.0,2271,3,,0.0722394000040367,12622.0,785,9,,0.0674086000071838,12246.0,1122,5,,0.1449104000348597,12094.0,1659,3,
350,10354,11737.0,1.6441119000082836,wfa,0.3064214999321848,12060.0,2349,3,,0.0269568000221624,13382.0,818,9,,0.0687424999196082,12563.0,1158,5,,0.1469032999593764,12297.0,1727,3,
351,10782,12424.0,1.4682816000131425,wfa,0.31042329990305,12948.0,2402,3,,0.0241730000125244,13941.0,804,9,,0.0681503999512642,13119.0,1170,5,,0.1544163998914882,12470.0,1704,3,
352,10789,12396.0,1.79451040001004,wfa,0.3150753999361768,12882.0,2395,3,,0.0249649999896064,14017.0,819,9,,0.0690538000781089,12996.0,1170,5,,0.1561407999834045,12698.0,1704,3,
353,10660,12099.0,1.7566869000147562,wfa,0.3117053000023588,12350.0,2376,3,,0.0277058999054133,13720.0,816,9,,0.0696273000212386,12538.0,1143,5,,0.1480732000200078,12324.0,1694,3,
354,10283,11688.0,1.6402015000057872,wfa,0.3134707999415695,11984.0,2379,3,,0.023498099995777,12867.0,801,9,,0.0690403000917285,12194.0,1154,5,,0.1479195000138133,11990.0,1704,3,
355,10601,12164.0,1.45476970000891,wfa,0.3190904000075534,12785.0,2469,3,,0.0278613000409677,13878.0,824,9,,0.0699591999873519,13069.0,1177,5,,0.1516505000181496,12574.0,1743,3,
356,11011,12279.0,1.7465869000006933,wfa,0.3028202999848872,12620.0,2386,3,,0.0245812999783083,13833.0,807,9,,0.0681921999203041,13241.0,1158,5,,0.1526568999979645,12908.0,1691,3,
357,10881,12346.0,1.7456866999855265,wfa,0.3151377999456599,12689.0,2431,3,,0.0251620999770239,13580.0,827,9,,0.0693363000173121,13197.0,1179,5,,0.1541487000649795,12977.0,1814,3,
358,10897,12439.0,1.738013399997726,wfa,0.3054233998991549,13054.0,2380,3,,0.0277555999346077,14191.0,818,9,,0.067912699887529,13469.0,1161,5,,0.1511724001029506,13089.0,1715,3,
359,10937,12465.0,1.7632480000029318,wfa,0.3102611999493092,12915.0,2419,3,,0.0251747000729665,13830.0,812,9,,0.0686370999319478,13383.0,1163,5,,0.1531061000423506,12928.0,1729,3,
360,10714,12361.0,1.9365952000080144,wfa,0.2968277999898419,12575.0,2337,3,,0.0259939000243321,13666.0,795,9,,0.0674691000021994,13077.0,1130,5,,0.1504886000184342,12702.0,1680,3,
361,10082,11534.0,1.633923599991249,wfa,0.3057081999722868,11911.0,2312,3,,0.0271085000131279,13326.0,805,9,,0.0704072000226005,12378.0,1131,5,,0.1484968999866396,12100.0,1659,3,
362,10449,12116.0,1.4062695000029637,wfa,0.2994381000753492,12318.0,2256,3,,0.0245119000319391,13024.0,788,9,,0.0681014000438153,12577.0,1133,5,,0.1524826000677421,12376.0,1704,3,
363,10199,11486.0,1.619228600000497,wfa,0.3210518000414595,11764.0,2360,3,,0.0271771000698208,12959.0,796,9,,0.0673158999998122,12125.0,1133,5,,0.153172800084576,11898.0,1677,3,
364,10447,12099.0,1.6497282999916931,wfa,0.3190678000682965,12478.0,2414,3,,0.025277700042352,13317.0,819,9,,0.0716342000523582,12743.0,1173,5,,0.154140800004825,12645.0,1737,3,
365,10455,11971.0,1.4658968000148889,wfa,0.308905600104481,12356.0,2369,3,,0.0243512000888586,13282.0,793,9,,0.0689925000770017,12964.0,1147,5,,0.1538622999796643,12458.0,1705,3,
366,10558,11807.0,1.685689799982356,wfa,0.3037629999453202,12182.0,2342,3,,0.0277027999982237,13058.0,786,9,,0.0681215000804513,12459.0,1117,5,,0.1493062999797985,12256.0,1685,3,
367,10761,12380.0,1.710044100007508,wfa,0.3147053000284359,12615.0,2427,3,,0.0237857999745756,13526.0,830,9,,0.0704201000044122,12806.0,1172,5,,0.1520531000569462,12570.0,1757,3,
368,10625,11995.0,1.545543499989435,wfa,0.2991027999669313,12260.0,2313,3,,0.0253539000404998,13687.0,795,9,,0.06897029990796,13066.0,1128,5,,0.1494255999568849,12678.0,1668,3,
369,10680,12157.0,1.720521799987182,wfa,0.3158026000019163,12431.0,2411,3,,0.0284585000481456,14210.0,818,9,,0.0697088999440893,13116.0,1170,5,,0.1509087000740692,12704.0,1711,3,
370,11028,12419.0,1.7449160999967717,wfa,0.3129387000808492,13029.0,2427,3,,0.0262370000127702,14211.0,819,9,,0.0695121000753715,13512.0,1164,5,,0.1549730999395251,12875.0,1713,3,
371,9778,10784.0,1.7295299000106752,wfa,0.2977717999601736,11093.0,2229,3,,0.0270079000620171,12417.0,778,9,,0.0695330000016838,11493.0,1102,5,,0.1415868999902159,11149.0,1648,3,
372,10603,12017.0,1.4646098999946844,wfa,0.3111448000418022,12410.0,2408,3,,0.0242096000583842,13539.0,816,9,,0.06838399998378,12597.0,1155,5,,0.1526508000679314,12484.0,1742,3,
373,10786,12055.0,1.7189037000061944,wfa,0.3029070999473333,12677.0,2359,3,,0.0247066000010818,13684.0,812,9,,0.0670686999801546,13033.0,1141,5,,0.1521460000658407,12381.0,1701,3,
374,10770,12525.0,1.86869969998952,wfa,0.3185027999570593,12841.0,2438,3,,0.0283228000625967,14201.0,823,9,,0.0698806999716907,13069.0,1174,5,,0.1567553000058978,12671.0,1726,3,
375,11199,12652.0,1.6769007999973835,wfa,0.3162297999951988,13313.0,2467,3,,0.0249793999828398,14318.0,831,9,,0.0711546998936683,14124.0,1197,5,,0.1555958999088034,13443.0,1759,3,
376,10358,11564.0,1.6519901999854485,wfa,0.3115358999930322,12050.0,2373,3,,0.0240051000146195,13537.0,809,9,,0.0709992999909445,12712.0,1151,5,,0.1589447000296786,12518.0,1725,3,
377,10197,11489.0,1.6706549000227824,wfa,0.3138983000535518,11696.0,2355,3,,0.026573900016956,13084.0,810,9,,0.1236650999635458,12213.0,1155,5,,0.1488658000016585,11917.0,1735,3,
378,10580,12065.0,1.4501247000007425,wfa,0.3220595999155193,12267.0,2428,3,,0.0280888000270351,13281.0,811,9,,0.0713602999458089,12628.0,1167,5,,0.1503553999355062,12395.0,1739,3,
379,10194,11610.0,1.723008900007699,wfa,0.3131245999829843,11971.0,2374,3,,0.0271333999698981,13237.0,805,9,,0.0676562000298872,12368.0,1144,5,,0.1495291000464931,12069.0,1716,3,
380,10661,11887.0,1.744643600017298,wfa,0.3112791000166908,12259.0,2393,3,,0.0247728000394999,13440.0,807,9,,0.0672254998935386,12860.0,1146,5,,0.1497364999959245,12521.0,1714,3,
381,11009,12682.0,1.75110280001536,wfa,0.3221265999600291,13007.0,2443,3,,0.0245924999471753,14085.0,827,9,,0.0692950000520795,13401.0,1177,5,,0.1560688000172376,13215.0,1742,3,
382,10372,11511.0,1.616651999996975,wfa,0.3068841999629512,11846.0,2332,3,,0.0276212999597191,13014.0,776,9,,0.0686551000690087,12314.0,1124,5,,0.1548612000187859,12000.0,1655,3,
383,10345,11715.0,1.6932571000070311,wfa,0.3001315000001341,12018.0,2319,3,,0.0244746999815106,12924.0,793,9,,0.0672802999615669,12365.0,1135,5,,0.1487896000035107,12034.0,1683,3,
384,10694,12161.0,1.7206943000201136,wfa,0.3170474000507965,12775.0,2412,3,,0.0258494999725371,13995.0,826,9,,0.0714876999845728,13323.0,1175,5,,0.1638828000286594,12874.0,1742,3,
385,10626,12055.0,1.459152700001141,wfa,0.3228006999706849,12264.0,2387,3,,0.0288447000784799,13620.0,820,9,,0.0699725999729707,12867.0,1159,5,,0.1531774000031873,12599.0,1706,3,
386,10793,12381.0,1.7272335999878123,wfa,0.2996149000246078,12766.0,2334,3,,0.0266405999427661,13700.0,809,9,,0.0729331000475213,13524.0,1158,5,,0.1605845000594854,13266.0,1749,3,
387,10425,11521.0,1.652622399997199,wfa,0.3042990000685677,11990.0,2303,3,,0.0271724000340327,13405.0,796,9,,0.0679910000180825,12405.0,1132,5,,0.1477362000150606,12101.0,1690,3,
388,10690,12318.0,1.4481522999994922,wfa,0.2993511999957263,12603.0,2308,3,,0.023971699993126,13492.0,790,9,,0.0663140999386087,12716.0,1115,5,,0.1502419000025838,12402.0,1676,3,
389,10745,12204.0,1.792575200001011,wfa,0.3190908000105992,12424.0,2413,3,,0.0256698000011965,13458.0,819,9,,0.0696429000236094,12964.0,1170,5,,0.1579341000178828,12813.0,1731,3,
390,10743,12788.0,1.7201621999847705,wfa,0.3104068000102415,13045.0,2405,3,,0.0307364000473171,13782.0,819,9,,0.0692015000386163,12868.0,1147,5,,0.1557422000914812,12510.0,1724,3,
391,10899,12473.0,1.7560295000148471,wfa,0.3271805999102071,12898.0,2469,3,,0.0256652999669313,14090.0,833,9,,0.0715201999992132,13427.0,1204,5,,0.1582086998969316,12802.0,1783,3,
392,10681,12090.0,1.744006900000386,wfa,0.3078826999990269,12713.0,2386,3,,0.0251589000690728,13999.0,811,9,,0.0694407999981194,13451.0,1164,5,,0.1507432999787852,12766.0,1711,3,
393,10765,12045.0,1.7500793000217527,wfa,0.2904070999938994,12415.0,2291,3,,0.0302914000349119,13699.0,804,9,,0.0679840999655425,12889.0,1133,5,,0.1483953000279143,12625.0,1687,3,
394,10709,11914.0,1.7143826999817977,wfa,0.3184905999805778,12256.0,2403,3,,0.0258779000723734,13506.0,822,9,,0.0701190000399947,12803.0,1168,5,,0.1564559999387711,12565.0,1773,3,
395,10670,12436.0,1.5141274000052365,wfa,0.2987474000547081,12659.0,2341,3,,0.0276149000274017,13470.0,785,9,,0.0668643000535667,12833.0,1124,5,,0.1493240999989211,12603.0,1649,3,
396,10031,11379.0,1.6181094000057783,wfa,0.3048493999522179,11648.0,2323,3,,0.0239785999292507,12565.0,796,9,,0.0677199999336153,11991.0,1130,5,,0.1475499999942258,11760.0,1699,3,
397,10903,12218.0,1.7404632000252604,wfa,0.3137909000506624,12460.0,2395,3,,0.0244309999980032,13647.0,822,9,,0.0701356000499799,13103.0,1179,5,,0.155321600032039,12727.0,1770,3,
398,10298,11649.0,1.5986144999915268,wfa,0.3055357999401167,11973.0,2315,3,,0.0271701999008655,12770.0,785,9,,0.0672426000237464,12214.0,1124,5,,0.1502331000519916,11946.0,1681,3,
399,10282,11639.0,1.638504800008377,wfa,0.3039292000466957,11964.0,2301,3,,0.0264058000175282,13545.0,817,9,,0.0753596000140532,12827.0,1153,5,,0.1525680000195279,12389.0,1727,3,
400,10682,11943.0,1.724498499999754,wfa,0.3050883000250906,12422.0,2350,3,,0.0234672999940812,13989.0,813,9,,0.0673049000324681,13124.0,1154,5,,0.1500440000090748,12778.0,1699,3,
401,10990,12511.0,1.8044034000195095,wfa,0.3208146999822929,12859.0,2469,3,,0.0288953999988734,14072.0,835,9,,0.070285000023432,13536.0,1205,5,,0.1590376000385731,13277.0,1765,3,
402,10463,11974.0,1.702379300026223,wfa,0.3100547000067308,12536.0,2385,3,,0.0249792999820783,13982.0,818,9,,0.0701431999914348,13091.0,1163,5,,0.1538837000261992,12736.0,1772,3,
403,10465,11941.0,1.6595507999882102,wfa,0.3779946999857202,12234.0,2392,3,,0.0285160000203177,13186.0,816,9,,0.0717471999814733,12448.0,1166,5,,0.1508227000012993,12276.0,1717,3,
404,10062,11467.0,1.5999231000023428,wfa,0.2999664999078959,11666.0,2301,3,,0.0221888999221846,12845.0,786,9,,0.0666063000680878,12040.0,1119,5,,0.1431431999662891,11797.0,1698,3,
405,10544,11884.0,1.4504841000016313,wfa,0.3179775000317022,12261.0,2384,3,,0.0248852999648079,13273.0,811,9,,0.0690931000281125,12333.0,1137,5,,0.1484250000212341,12053.0,1709,3,
406,10575,11855.0,1.7127763999742456,wfa,0.3144970000721514,12232.0,2354,3,,0.027907200041227,13464.0,800,9,,0.0681315999245271,12964.0,1142,5,,0.1524645000463351,12687.0,1708,3,
407,10373,11954.0,1.7236936000117566,wfa,0.3118568999925628,12335.0,2366,3,,0.0272689999546855,13541.0,832,9,,0.0694511000765487,12685.0,1163,5,,0.1520106999669224,12359.0,1731,3,
408,10531,12221.0,1.4294056999788154,wfa,0.3289284000638872,12662.0,2435,3,,0.0234036000911146,13242.0,811,9,,0.0707641000626608,12809.0,1161,5,,0.1572122999932617,12411.0,1741,3,
409,10343,11615.0,1.646838899992872,wfa,0.3158247000537812,11813.0,2365,3,,0.0287774000316858,13176.0,807,9,,0.0692382999695837,12365.0,1148,5,,0.1532810000935569,12203.0,1704,3,
410,10515,12148.0,1.6875782999850344,wfa,0.3146906000329181,12426.0,2393,3,,0.0248007999034598,13418.0,822,9,,0.0696802999591454,12726.0,1163,5,,0.1558363999938592,12541.0,1734,3,
411,10736,12276.0,1.717893399996683,wfa,0.3012224000412971,12543.0,2322,3,,0.0306304999394342,13628.0,799,9,,0.0697283000918105,13161.0,1137,5,,0.154962999979034,12811.0,1713,3,
412,10073,11361.0,1.4451153999834787,wfa,0.3053166000172496,11741.0,2299,3,,0.0233315000077709,12825.0,781,9,,0.0680228000273928,12163.0,1122,5,,0.1465348000638187,11923.0,1656,3,
413,10262,11578.0,1.6981182000017725,wfa,0.3070743000134825,11888.0,2317,3,,0.0240797000005841,13258.0,794,9,,0.0669682000298053,12475.0,1110,5,,0.150209299987182,12276.0,1687,3,
414,10239,11382.0,1.650461000012001,wfa,0.2990832000505179,11745.0,2288,3,,0.0275073000229895,13624.0,800,9,,0.0677540000760927,12466.0,1130,5,,0.1488589999498799,12188.0,1664,3,
415,10878,12319.0,1.482557099981932,wfa,0.3149012000067159,12544.0,2416,3,,0.0245502999750897,13697.0,822,9,,0.0716219000751152,12914.0,1171,5,,0.1535881999880075,12895.0,1754,3,
416,10222,12001.0,1.7141521999728866,wfa,0.305492400075309,12449.0,2316,3,,0.0239800000563263,12956.0,785,9,,0.0662133999867364,12821.0,1127,5,,0.1512722000479698,12608.0,1678,3,
417,10405,11858.0,1.671796800015727,wfa,0.3240301000187173,12183.0,2427,3,,0.0280354999704286,13110.0,813,9,,0.0708039000164717,12295.0,1146,5,,0.1508039999753236,12111.0,1720,3,
418,10468,11897.0,1.5718097999924794,wfa,0.3029921000124886,12216.0,2330,3,,0.0251179999904707,13818.0,798,9,,0.0669686999171972,12602.0,1126,5,,0.1490983000257983,12337.0,1680,3,
419,10517,12029.0,1.7019274999911431,wfa,0.3038230000529438,12388.0,2340,3,,0.0285222999518737,13481.0,806,9,,0.0679964999435469,12741.0,1141,5,,0.1521198999835178,12358.0,1670,3,
420,10741,12089.0,1.7153767999843694,wfa,0.3199079000623896,12330.0,2411,3,,0.0241156999254599,13455.0,807,9,,0.068503399961628,12622.0,1151,5,,0.1546084999572485,12453.0,1701,3,
421,10900,12472.0,1.6814186999981755,wfa,0.2853970999130979,12720.0,2265,3,,0.0244218999287113,13931.0,784,9,,0.067316300002858,13010.0,1107,5,,0.1514501000056043,12718.0,1650,3,
422,10193,11513.0,1.6790718999982346,wfa,0.2979315998964011,11895.0,2275,3,,0.0276502999477088,12985.0,790,9,,0.0670806999551132,12419.0,1123,5,,0.1502102999947965,12098.0,1677,3,
423,10136,11800.0,1.632580700010294,wfa,0.3006045001093298,12180.0,2284,3,,0.0229846000438556,12714.0,763,9,,0.0653408999787643,12104.0,1101,5,,0.1456237999955192,11742.0,1609,3,
424,10933,12335.0,1.753125999995973,wfa,0.3140665999380871,12903.0,2424,3,,0.0272284999955445,14342.0,830,9,,0.0706665000179782,13252.0,1178,5,,0.1565777999348938,12694.0,1751,3,
425,10711,12320.0,1.6030265000008512,wfa,0.3047339000040665,12633.0,2354,3,,0.0273727999301627,13488.0,803,9,,0.0677323999116197,12879.0,1145,5,,0.1532412000233307,12637.0,1716,3,
426,11013,12994.0,1.7892008000053463,wfa,0.312647599959746,13647.0,2431,3,,0.0245086000068113,14083.0,817,9,,0.0701768000144511,13399.0,1156,5,,0.1582377000013366,13008.0,1746,3,
427,10208,11580.0,1.798855100001674,wfa,0.3060318999923765,12029.0,2332,3,,0.0303298999788239,13131.0,794,9,,0.0691651999950409,12294.0,1142,5,,0.1488422999391332,11831.0,1666,3,
428,10430,11848.0,1.414199999999255,wfa,0.3266604000236839,12034.0,2433,3,,0.0240682000294327,13074.0,810,9,,0.072405399987474,12498.0,1172,5,,0.155585499946028,12240.0,1740,3,
429,10154,11619.0,1.7330481999961194,wfa,0.3149068999337032,11758.0,2339,3,,0.0231751999817788,13033.0,818,9,,0.0686673999298363,12258.0,1143,5,,0.1530928000574931,11971.0,1719,3,
430,10007,11759.0,1.6109548999811525,wfa,0.3013535999925807,11956.0,2283,3,,0.0284282000502571,12784.0,796,9,,0.0682826000265777,12102.0,1133,5,,0.1528006999287754,11892.0,1699,3,
431,10594,12034.0,1.450934899999993,wfa,0.3098131000297144,12446.0,2321,3,,0.0270229000598192,13319.0,806,9,,0.0718474999302998,12927.0,1135,5,,0.1626911000348627,12646.0,1716,3,
432,10750,12042.0,1.7617882000049576,wfa,0.3051691999426111,12318.0,2348,3,,0.0253593000816181,13612.0,802,9,,0.0694966000737622,12722.0,1143,5,,0.1595706000225618,12294.0,1723,3,
433,10211,11498.0,1.819389800017234,wfa,0.3096862999955192,11818.0,2319,3,,0.0277809000108391,12700.0,780,9,,0.0665578000480309,12344.0,1119,5,,0.1512291999533772,12160.0,1651,3,
434,10301,11752.0,1.3975965999998152,wfa,0.3161228999961167,12095.0,2359,3,,0.0264698999235406,13319.0,808,9,,0.0703051999444142,12752.0,1147,5,,0.1558851000154391,12444.0,1707,3,
435,10419,11536.0,1.7176783999893814,wfa,0.305081200087443,12053.0,2301,3,,0.0245912999380379,13343.0,806,9,,0.0701780000235885,12826.0,1154,5,,0.1602201999630779,12527.0,1701,3,
436,10963,12551.0,2.0756390999886207,wfa,0.3118681999621913,12932.0,2369,3,,0.0266392999328672,14223.0,815,9,,0.0702027999795973,13392.0,1153,5,,0.1592973000369966,13094.0,1724,3,
437,10497,11843.0,1.895514700008789,wfa,0.3170483000576496,12312.0,2365,3,,0.0249372000107541,13534.0,814,9,,0.0687042999779805,12566.0,1149,5,,0.1544313000049442,12342.0,1742,3,
438,10542,11772.0,1.582502300007036,wfa,0.3144999000942334,12043.0,2346,3,,0.0320808999240398,13615.0,821,9,,0.0725238999584689,12928.0,1156,5,,0.1560448000673204,12650.0,1726,3,
439,10966,12599.0,1.7451220999937505,wfa,0.3213998998980969,12719.0,2380,3,,0.0267413000110536,13875.0,828,9,,0.0698611999396234,12998.0,1160,5,,0.1573472999734804,12846.0,1752,3,
440,10615,12250.0,1.8100736000051256,wfa,0.3232628999976441,12559.0,2390,3,,0.0279221000382676,14218.0,840,9,,0.0728159999707713,13048.0,1188,5,,0.1670985999517142,12839.0,1771,3,
441,9691,10671.0,1.4861741999920923,wfa,0.3092311000218615,10949.0,2272,3,,0.0316533999284729,12524.0,799,9,,0.0711904000490903,11859.0,1138,5,,0.1495627999538555,11388.0,1677,3,
442,10262,11717.0,1.6561001999943985,wfa,0.306425099959597,11915.0,2296,3,,0.0248108999803662,13570.0,802,9,,0.0670519999694079,12472.0,1125,5,,0.1517506999662146,12200.0,1692,3,
443,10834,12586.0,1.7436388000205625,wfa,0.3187230000039562,12947.0,2403,3,,0.0255337000126019,13408.0,805,9,,0.0705761000281199,12877.0,1155,5,,0.1596923000179231,12618.0,1729,3,
444,10488,12127.0,1.6582904999959285,wfa,0.2998379999771714,12577.0,2264,3,,0.0291524999774992,13374.0,786,9,,0.0698781000683084,12829.0,1123,5,,0.1532964999787509,12531.0,1672,3,
445,10517,11773.0,1.6771528999961447,wfa,0.3164701999630779,12303.0,2325,3,,0.0253751999698579,13328.0,814,9,,0.0699531999416649,13038.0,1157,5,,0.1552189000649377,12405.0,1701,3,
446,10550,12053.0,1.6791398999921512,wfa,0.2981899000005796,12324.0,2301,3,,0.0297641999786719,13097.0,792,9,,0.072950099944137,12843.0,1133,5,,0.1560183999827131,12560.0,1684,3,
447,10285,11690.0,1.7317492000001948,wfa,0.307845399947837,11894.0,2296,3,,0.0261915000155568,12953.0,808,9,,0.0733845999930054,12403.0,1131,5,,0.1502438000170514,12037.0,1665,3,
448,11231,12697.0,1.565138100006152,wfa,0.3192056999541819,13002.0,2456,3,,0.0761791999684646,14682.0,853,9,,0.0697662000311538,13570.0,1203,5,,0.160702500026673,13265.0,1793,3,
449,11138,12772.0,1.9149472000135572,wfa,0.3236435999860987,13077.0,2463,3,,0.0303921999875456,14279.0,834,9,,0.0699194999178871,13282.0,1169,5,,0.1601222000317648,13014.0,1748,3,
450,10374,11779.0,1.7567799000244122,wfa,0.3076167999533936,12214.0,2338,3,,0.0263148000231012,13322.0,797,9,,0.0746609000489115,12713.0,1146,5,,0.1533203000435605,12441.0,1669,3,
451,10867,12447.0,1.49436899999273,wfa,0.3078225000062957,12785.0,2388,3,,0.0252890998963266,13640.0,812,9,,0.0707058999687433,13034.0,1168,5,,0.1584050999954342,12735.0,1750,3,
452,10425,11689.0,1.6691833999939265,wfa,0.3068526999559253,12015.0,2343,3,,0.0285146000096574,13142.0,804,9,,0.0678558000363409,12529.0,1141,5,,0.1547126000514254,12394.0,1692,3,
453,9992,11299.0,1.6180991000146605,wfa,0.3064396999543533,11588.0,2300,3,,0.0235368000576272,12717.0,780,9,,0.0676508999895304,12168.0,1113,5,,0.1468721999553963,11931.0,1669,3,
454,10472,12249.0,1.4377639000013005,wfa,0.3133242999901995,12572.0,2374,3,,0.0281282999785617,13423.0,815,9,,0.0697100000688806,12683.0,1161,5,,0.1513273000018671,12481.0,1747,3,
455,10921,12528.0,1.807249699981185,wfa,0.3047584999585524,13255.0,2387,3,,0.025512299966067,14066.0,812,9,,0.0680088999215513,13610.0,1154,5,,0.1566891999682411,12987.0,1707,3,
456,10704,12190.0,1.992938899988076,wfa,0.3026673999847844,12547.0,2315,3,,0.0257898999843746,13857.0,814,9,,0.0704683000221848,13029.0,1160,5,,0.1569574999157339,12724.0,1725,3,
457,10616,11765.0,1.7003627000085544,wfa,0.3064034000271931,12080.0,2327,3,,0.0273179000942036,13373.0,797,9,,0.0675625000149011,12529.0,1124,5,,0.1511289000045508,12373.0,1669,3,
458,10430,11736.0,1.4168178999971133,wfa,0.3014606001088395,12043.0,2306,3,,0.0244345000246539,13071.0,783,9,,0.0663939000805839,12378.0,1110,5,,0.1503089000470936,12145.0,1693,3,
459,10796,12250.0,1.7369107000122312,wfa,0.319793300004676,12669.0,2450,3,,0.0255756999831646,13784.0,819,9,,0.0705166000407189,13054.0,1170,5,,0.1565410000039264,12839.0,1735,3,
460,10510,11968.0,1.8833676000067496,wfa,0.3162329000188038,12319.0,2406,3,,0.0317478000652045,13598.0,824,9,,0.0687601999379694,12679.0,1167,5,,0.154008200042881,12391.0,1736,3,
461,10550,12386.0,1.450274000002537,wfa,0.3019215000094846,12573.0,2314,3,,0.0240916999755427,13594.0,811,9,,0.0673865999560803,12630.0,1141,5,,0.1510110000381246,12405.0,1708,3,
462,10026,11509.0,1.6093414000060875,wfa,0.2912901999661699,11873.0,2216,3,,0.0276208999566733,12889.0,783,9,,0.0673112000804394,12139.0,1108,5,,0.1479921999853104,11951.0,1648,3,
463,10555,11741.0,1.700985600007698,wfa,0.299824699992314,12198.0,2296,3,,0.02518290001899,13684.0,800,9,,0.0683019000571221,13022.0,1131,5,,0.1529493000125512,12684.0,1686,3,
464,10715,12079.0,1.4652149000030477,wfa,0.3139447999419644,12427.0,2373,3,,0.0256633999524638,13637.0,810,9,,0.0752369000110775,13015.0,1158,5,,0.1571597000584006,12809.0,1757,3,
465,10599,12276.0,1.7096753000223543,wfa,0.3137219999916851,12729.0,2375,3,,0.027671999996528,13841.0,824,9,,0.0704459000844508,12811.0,1169,5,,0.1538471999811008,12470.0,1717,3,
466,10556,12077.0,1.7035722000000533,wfa,0.3194885000120848,12393.0,2410,3,,0.024501800071448,13296.0,833,9,,0.0709464000537991,12852.0,1183,5,,0.1557020000182092,12449.0,1763,3,
467,10474,12098.0,1.6837046000000555,wfa,0.2972211999585852,12395.0,2285,3,,0.0241740000201389,13127.0,792,9,,0.0716126000043004,12574.0,1120,5,,0.1548901000060141,12385.0,1709,3,
468,10830,12448.0,1.47247779997997,wfa,0.3200139000546187,12630.0,2372,3,,0.0298778999131172,13772.0,804,9,,0.0696117000188678,13102.0,1145,5,,0.1550865999888628,12823.0,1717,3,
469,11250,12928.0,1.9805549000157043,wfa,0.3043836000142619,13243.0,2369,3,,0.0268262999597936,14640.0,834,9,,0.0716966999461874,13761.0,1175,5,,0.1636871000519022,13304.0,1758,3,
470,10688,12549.0,1.907401000004029,wfa,0.3129926999099552,12853.0,2406,3,,0.0300530000822618,13732.0,820,9,,0.0708854000549763,13174.0,1174,5,,0.158997599966824,12686.0,1714,3,
471,10457,11710.0,1.4485813000064809,wfa,0.2964806000236422,12071.0,2286,3,,0.024206299916841,13388.0,786,9,,0.0687562999082729,12551.0,1118,5,,0.1482570000225678,12243.0,1663,3,
472,10472,11796.0,1.710729500016896,wfa,0.3167364000109955,12094.0,2400,3,,0.0249436000594869,13414.0,811,9,,0.069694900070317,12584.0,1165,5,,0.1549607999622821,12295.0,1745,3,
473,10488,11747.0,1.6891095000028145,wfa,0.2996065999614075,12215.0,2271,3,,0.0301522000227123,13639.0,791,9,,0.0667014000937342,13091.0,1124,5,,0.1501033999957144,12391.0,1662,3,
474,10514,11932.0,1.433131500001764,wfa,0.3026510999770835,12255.0,2333,3,,0.0249815999995917,13606.0,793,9,,0.067765099927783,13069.0,1141,5,,0.1549185999901965,12767.0,1669,3,
475,10391,11885.0,1.681129000004148,wfa,0.3139428999274969,12052.0,2366,3,,0.0241070999763906,13460.0,793,9,,0.0682440999662503,12132.0,1130,5,,0.1531868999591097,11979.0,1669,3,
476,10975,12610.0,1.782444600015879,wfa,0.3202321000862866,12950.0,2444,3,,0.0285450998926535,14099.0,825,9,,0.0704074999084696,13275.0,1178,5,,0.1603408999508246,13061.0,1754,3,
477,10592,12174.0,1.854910200025188,wfa,0.3144531999714672,12426.0,2388,3,,0.0246713999658823,13235.0,812,9,,0.1212995999958366,12669.0,1160,5,,0.152060899999924,12444.0,1705,3,
478,10133,11278.0,1.5783990999916568,wfa,0.3126821999903768,11681.0,2322,3,,0.0270089000696316,13038.0,798,9,,0.0690160000231117,12248.0,1137,5,,0.1504073999822139,11893.0,1656,3,
479,9883,11011.0,1.6366161000041757,wfa,0.3000330000650137,11364.0,2241,3,,0.024236699915491,12573.0,775,9,,0.0655696000903844,11827.0,1083,5,,0.1470430999761447,11488.0,1643,3,
480,10528,11959.0,1.6939168999961112,wfa,0.3019890000578016,12483.0,2321,3,,0.0250327000394463,13681.0,810,9,,0.0712186000309884,12896.0,1152,5,,0.1542595999781042,12535.0,1704,3,
481,10610,12013.0,1.447861799999373,wfa,0.3067661999957636,12261.0,2339,3,,0.0268540999386459,13496.0,802,9,,0.068967800005339,12620.0,1143,5,,0.1579433999722823,12585.0,1717,3,
482,10851,12382.0,1.7672736000095028,wfa,0.3077509000431746,12760.0,2370,3,,0.0257926000049337,13713.0,804,9,,0.0695220000343397,13319.0,1166,5,,0.1582649999763816,12909.0,1720,3,
483,11069,12292.0,1.8660966000170447,wfa,0.2988201000262052,12872.0,2324,3,,0.025013200007379,14317.0,813,9,,0.0710053000366315,13509.0,1140,5,,0.1593034999677911,13007.0,1717,3,
484,11040,12683.0,1.6680778999871109,wfa,0.3043644999852404,12903.0,2384,3,,0.0306137999286875,14427.0,830,9,,0.0721646000165492,13442.0,1176,5,,0.1611701999790966,13089.0,1750,3,
485,11013,12423.0,1.914068899990525,wfa,0.3125284999841824,12778.0,2413,3,,0.0248548999661579,13949.0,821,9,,0.0688330000266432,13102.0,1160,5,,0.1572126999963075,12719.0,1747,3,
486,10836,12452.0,1.847289199999068,wfa,0.3096252999966964,12674.0,2370,3,,0.0276758999098092,13948.0,828,9,,0.07097929995507,13057.0,1177,5,,0.1558134999359026,12734.0,1743,3,
487,10496,11964.0,1.9119548000162467,wfa,0.2998520000837743,12607.0,2289,3,,0.0255266000749543,13780.0,813,9,,0.0702870999230071,13443.0,1152,5,,0.1560195999918505,12938.0,1720,3,
488,10851,12120.0,1.7412086999975145,wfa,0.300302300020121,12402.0,2294,3,,0.0254863000009208,13972.0,818,9,,0.0715802001068368,12924.0,1150,5,,0.1540739999618381,12677.0,1710,3,
489,10109,11200.0,1.641434899996966,wfa,0.3127981999423355,11569.0,2307,3,,0.0281931000063195,12680.0,793,9,,0.0679501000558957,12073.0,1135,5,,0.146478799986653,11681.0,1688,3,
490,10095,11347.0,1.643517000018619,wfa,0.3077236999524757,11751.0,2299,3,,0.023522000061348,12922.0,799,9,,0.0674148000543937,12399.0,1131,5,,0.1516847999300807,12077.0,1696,3,
491,10493,11752.0,1.445951300003799,wfa,0.3233347000787034,12078.0,2381,3,,0.0252075999742373,13529.0,819,9,,0.0702050999971106,13087.0,1174,5,,0.1613797999452799,12900.0,1727,3,
492,10600,11985.0,1.7205466000013985,wfa,0.2978642999660224,12216.0,2264,3,,0.0275870999321341,13733.0,790,9,,0.068101100041531,12744.0,1124,5,,0.1563413999974727,12530.0,1697,3,
493,10722,12036.0,1.7350565000087954,wfa,0.3073068999219686,12455.0,2347,3,,0.0262306999647989,13743.0,803,9,,0.0711833999957889,13114.0,1150,5,,0.1584542000200599,12948.0,1723,3,
494,10512,11675.0,1.798198800010141,wfa,0.3017913999501616,12158.0,2305,3,,0.0290059000253677,13343.0,808,9,,0.0695763000985607,12727.0,1151,5,,0.1538923000916838,12482.0,1723,3,
495,10576,11989.0,1.7188458000018727,wfa,0.2980796999763697,12318.0,2294,3,,0.0245145999360829,13123.0,790,9,,0.0674680999945849,12507.0,1107,5,,0.1509783000219613,12041.0,1649,3,
496,10583,12150.0,1.717462600005092,wfa,0.3131264999974519,12571.0,2395,3,,0.0250365000683814,13398.0,799,9,,0.0696732000214979,12765.0,1147,5,,0.1567183999577537,12464.0,1723,3,
497,10331,11532.0,1.6595652000105474,wfa,0.3155712999869138,11856.0,2360,3,,0.0303956000134348,13118.0,813,9,,0.0704419000539928,12437.0,1140,5,,0.1502360999584198,12046.0,1726,3,
498,10603,11972.0,1.4507846000196878,wfa,0.3137951999669894,12359.0,2393,3,,0.0258441999321803,13713.0,819,9,,0.0722888000309467,12917.0,1173,5,,0.1576696000993251,12459.0,1738,3,
499,10458,11631.0,1.684756800008472,wfa,0.3234851999441162,11994.0,2407,3,,0.0241515999659895,12905.0,807,9,,0.0702949999831616,12421.0,1153,5,,0.1510440999409183,12150.0,1718,3,
500,10424,11925.0,1.6965729000221472,wfa,0.292230499908328,12364.0,2266,3,,0.0288935999851673,13789.0,811,9,,0.0687379000009968,13300.0,1145,5,,0.1551984000252559,13026.0,1685,3,
501,10595,11777.0,1.46131830001832,wfa,0.326144199934788,12196.0,2418,3,,0.0244757999898865,13266.0,804,9,,0.0714983999496325,12853.0,1161,5,,0.1576673000818118,12582.0,1724,3,
502,10337,11870.0,1.7067640000022948,wfa,0.310436200001277,11906.0,2320,3,,0.0288958000019192,12817.0,779,9,,0.0696000999305397,12292.0,1116,5,,0.1516540999291464,12136.0,1692,3,
503,10859,12248.0,1.7541484000103085,wfa,0.3668789000948891,12538.0,2337,3,,0.0271949999732896,13934.0,809,9,,0.0710856999503448,13216.0,1145,5,,0.1555626000044867,12942.0,1705,3,
504,10327,11781.0,1.408473999996204,wfa,0.3141860000323504,12170.0,2363,3,,0.0248625000240281,13319.0,822,9,,0.0682112999493256,12615.0,1160,5,,0.1543889999156817,12129.0,1746,3,
505,10008,11370.0,1.6330516999878455,wfa,0.3064682999392971,11767.0,2251,3,,0.0289338000584393,12495.0,765,9,,0.0657912000315263,12029.0,1103,5,,0.1493336000712588,11779.0,1642,3,
506,10773,12001.0,1.7585888000030536,wfa,0.3000092000002041,12210.0,2300,3,,0.0265341000631451,13777.0,796,9,,0.0712712999666109,12756.0,1132,5,,0.1573642001021653,12577.0,1716,3,
507,10077,11280.0,1.3920943999837618,wfa,0.3079208000563085,11746.0,2297,3,,0.0248039999278262,13579.0,807,9,,0.0678737999405711,12555.0,1133,5,,0.1513646999374032,12239.0,1670,3,
508,10678,11977.0,1.716446399979759,wfa,0.3069139000726864,12299.0,2332,3,,0.0301273000659421,13809.0,826,9,,0.0717556999297812,12708.0,1162,5,,0.1591823999769985,12382.0,1717,3,
509,10523,11797.0,1.8452569000073709,wfa,0.3067930999677628,12049.0,2319,3,,0.0247726000379771,13290.0,805,9,,0.0677037999266758,12399.0,1133,5,,0.1494201000314206,12114.0,1682,3,
510,10427,11796.0,1.6891738999984227,wfa,0.3183150999248028,12222.0,2376,3,,0.024220100021921,13384.0,800,9,,0.071979200001806,12720.0,1153,5,,0.155580100021325,12347.0,1689,3,
511,10532,11722.0,1.4619968999759294,wfa,0.3199530000565573,12121.0,2387,3,,0.0298054000595584,13153.0,805,9,,0.0703829999547451,12625.0,1151,5,,0.1554162000538781,12222.0,1708,3,
512,11019,12515.0,1.790419800003292,wfa,0.3239620999665931,12792.0,2443,3,,0.0259441999951377,13828.0,819,9,,0.0703150999033823,13247.0,1184,5,,0.1615045000799,12990.0,1769,3,
513,10626,12105.0,1.7633563999843318,wfa,0.3202181000960991,12361.0,2399,3,,0.028368700062856,13213.0,816,9,,0.07173799991142,12788.0,1166,5,,0.156545800040476,12587.0,1789,3,
514,11140,12636.0,1.6667507000092885,wfa,0.3209555000066757,13010.0,2428,3,,0.0313895000144839,14184.0,850,9,,0.0748560000211,13667.0,1202,5,,0.1611639999318868,13428.0,1813,3,
515,10573,12108.0,1.8206580999831203,wfa,0.3169816000154242,12346.0,2337,3,,0.0234691998921334,13156.0,801,9,,0.0705505000660196,12909.0,1148,5,,0.1578212999738752,12687.0,1681,3,
516,10739,12267.0,1.8597467999788933,wfa,0.3219654000131413,12474.0,2412,3,,0.0323560000397264,13554.0,812,9,,0.0708663000259548,13211.0,1179,5,,0.1586734000593423,12919.0,1730,3,
517,11487,13058.0,1.9044687999994492,wfa,0.3216539000859484,13234.0,2490,3,,0.0293358999770134,14647.0,851,9,,0.0732274999609217,13877.0,1203,5,,0.1622443000087514,13669.0,1816,3,
518,10873,12302.0,1.6649634999921543,wfa,0.2993144999491051,12560.0,2329,3,,0.0305213000392541,13715.0,815,9,,0.0693631999893114,13101.0,1147,5,,0.156002499978058,12746.0,1744,3,
519,10759,12485.0,1.893123399990145,wfa,0.313788800034672,12929.0,2409,3,,0.0263956000562757,13936.0,841,9,,0.0714019999140873,13243.0,1191,5,,0.1573603000724688,12859.0,1768,3,
520,10340,11701.0,1.863003899983596,wfa,0.2954867000225931,12082.0,2245,3,,0.0247991000069305,13371.0,790,9,,0.0679417999926954,12740.0,1131,5,,0.1530632999492809,12359.0,1671,3,
521,10607,11938.0,1.4533482000115328,wfa,0.318479000008665,12181.0,2385,3,,0.0278742999071255,13331.0,809,9,,0.0691445000702515,12649.0,1150,5,,0.1551411999389529,12429.0,1760,3,
522,10640,12143.0,1.7595276999927592,wfa,0.3145051000174135,12549.0,2381,3,,0.024648500024341,13554.0,819,9,,0.072275900049135,13107.0,1180,5,,0.1570953000336885,12761.0,1750,3,
523,11176,12732.0,1.847250399994664,wfa,0.3203593000071123,12932.0,2438,3,,0.0292124999687075,14449.0,828,9,,0.0702100999187678,13570.0,1184,5,,0.1605356000363826,13461.0,1745,3,
524,10865,12352.0,1.8106573999975808,wfa,0.305961100035347,12869.0,2347,3,,0.0279765999875962,13918.0,802,9,,0.0684545999392867,13114.0,1120,5,,0.1560819000005722,12658.0,1712,3,
525,10709,12357.0,1.7582513999950606,wfa,0.3236142999958247,12645.0,2432,3,,0.0253565000602975,13624.0,812,9,,0.0694726000074297,13032.0,1174,5,,0.1571195999858901,12760.0,1746,3,
526,10540,12041.0,1.746218600019347,wfa,0.3130480000982061,12245.0,2365,3,,0.0300393000943586,13281.0,816,9,,0.0717597999610006,12842.0,1166,5,,0.154465000028722,12525.0,1713,3,
527,10073,11342.0,1.6435520999948494,wfa,0.3019105999264866,11644.0,2279,3,,0.0250953999347984,12630.0,794,9,,0.0676363999955356,12048.0,1117,5,,0.1490168999880552,11658.0,1666,3,
528,10592,12127.0,1.4606022000079977,wfa,0.2984968998935073,12526.0,2280,3,,0.0257746999850496,13312.0,789,9,,0.0716837999643758,12694.0,1133,5,,0.15419400006067,12332.0,1655,3,
529,10851,12241.0,1.75550500000827,wfa,0.3218571000033989,12647.0,2435,3,,0.0286503999959677,13861.0,814,9,,0.0705559999914839,13045.0,1155,5,,0.1572424999903887,12908.0,1777,3,
530,10457,12203.0,1.8156791000219528,wfa,0.3127267000963911,12381.0,2346,3,,0.0243949999567121,13429.0,812,9,,0.0689147999510169,13002.0,1148,5,,0.1543945999583229,12617.0,1709,3,
531,10865,12102.0,1.52116040000692,wfa,0.3183505999622866,12892.0,2412,3,,0.0253674000268802,14280.0,830,9,,0.0685798999620601,13289.0,1163,5,,0.1597435000585392,12619.0,1738,3,
532,10639,12037.0,1.8531870000006163,wfa,0.3122465000487864,12421.0,2350,3,,0.0306299000512808,13605.0,806,9,,0.0693000999744981,13140.0,1164,5,,0.1548058000626042,12750.0,1725,3,
533,10920,12299.0,1.802552499982994,wfa,0.3111958000808954,12597.0,2389,3,,0.0256805000826716,14066.0,820,9,,0.0712872999720275,12973.0,1168,5,,0.1594490999123081,12614.0,1740,3,
534,10215,11457.0,1.9186701999860816,wfa,0.3216061000712216,11744.0,2382,3,,0.0299567999318242,12752.0,809,9,,0.0723008000059053,12198.0,1144,5,,0.1491780000505969,11843.0,1699,3,
535,9846,10899.0,1.3663426999992223,wfa,0.3188186000334099,11243.0,2328,3,,0.0237642999272793,12164.0,783,9,,0.0750041999854147,11620.0,1113,5,,0.1468573999591171,11329.0,1660,3,
536,11385,12995.0,1.8615886000043247,wfa,0.321149600087665,13260.0,2467,3,,0.0282813999801874,14611.0,834,9,,0.0706242999294772,13622.0,1187,5,,0.1628977000946179,13428.0,1753,3,
537,10752,12353.0,1.7869505000126082,wfa,0.3256606000941247,12944.0,2396,3,,0.0275481999851763,13918.0,810,9,,0.0702531000133603,13000.0,1162,5,,0.1586709000403061,12423.0,1753,3,
538,10743,12199.0,1.6636744999850634,wfa,0.3002526999916881,12572.0,2334,3,,0.0274541999679058,14167.0,809,9,,0.0743621999863535,13059.0,1145,5,,0.1589678999735042,12790.0,1726,3,
539,10881,12752.0,1.783187099994393,wfa,0.3220776000525802,13101.0,2454,3,,0.0254182999487966,13767.0,822,9,,0.0709180999547243,13588.0,1189,5,,0.1641022999538108,13275.0,1762,3,
540,11056,12354.0,1.963734499993734,wfa,0.3200230000074953,12700.0,2460,3,,0.029283299925737,13962.0,834,9,,0.0717613999731838,13230.0,1187,5,,0.1601750000845641,12901.0,1800,3,
541,10877,12418.0,1.5956019000150263,wfa,0.3067264000419527,12762.0,2365,3,,0.026492099976167,14007.0,823,9,,0.0731329000554978,13555.0,1177,5,,0.1596204999368637,13298.0,1742,3,
542,9986,11516.0,1.6770168999792077,wfa,0.307948499917984,12086.0,2302,3,,0.0276750000193715,13274.0,797,9,,0.0692496000556275,12421.0,1120,5,,0.1490052000153809,11753.0,1682,3,
543,10728,12328.0,1.7790259000030346,wfa,0.2969275000505149,12964.0,2300,3,,0.0241258000023663,13629.0,800,9,,0.0702164999675005,13182.0,1144,5,,0.1540765999816358,12657.0,1697,3,
544,10798,12293.0,1.8786194999993315,wfa,0.3173259999603033,12660.0,2399,3,,0.0257859000703319,13700.0,823,9,,0.070643600076437,13206.0,1186,5,,0.159459299989976,12939.0,1778,3,
545,10332,11471.0,1.5613474000128915,wfa,0.3118883999995887,11861.0,2338,3,,0.0279860999435186,12998.0,803,9,,0.0682575999526307,12461.0,1145,5,,0.1548664000583812,12105.0,1713,3,
546,10208,11330.0,1.6848233999917284,wfa,0.3076678999932483,11842.0,2289,3,,0.0276190999429672,13023.0,808,9,,0.0740683999611064,12427.0,1148,5,,0.1554236999945715,12198.0,1698,3,
547,10414,11652.0,1.7074918999860529,wfa,0.3135408000089228,12038.0,2341,3,,0.024744400056079,13436.0,796,9,,0.0691206000046804,12381.0,1136,5,,0.1541268000146374,12139.0,1672,3,
548,10241,11700.0,1.4292240999930073,wfa,0.3007328999228775,12231.0,2266,3,,0.0828640999970957,13391.0,799,9,,0.0684656000230461,12445.0,1125,5,,0.1545978999929502,11987.0,1708,3,
549,10699,12122.0,1.7577907999802846,wfa,0.3123731999658048,12541.0,2368,3,,0.0253126000752672,13834.0,804,9,,0.0677824000595137,13126.0,1142,5,,0.1570250000804662,12452.0,1704,3,
550,11011,12622.0,1.7922020000114571,wfa,0.3159661999670788,12936.0,2433,3,,0.0286244000308215,14192.0,821,9,,0.0708739999681711,13244.0,1182,5,,0.1596204000525176,12844.0,1746,3,
551,9864,10980.0,1.5488402000046335,wfa,0.3182895000791177,11302.0,2330,3,,0.0222441999940201,12461.0,773,9,,0.0682941999984905,11575.0,1104,5,,0.1440663000103086,11295.0,1623,3,
552,10953,12466.0,1.7816923999926075,wfa,0.3254007000941783,12806.0,2438,3,,0.0246977999340742,13967.0,820,9,,0.071510300040245,13358.0,1158,5,,0.1544091000687331,13028.0,1709,3,
553,10742,12071.0,1.881656200013822,wfa,0.3125137999886647,12519.0,2367,3,,0.0305540999397635,13647.0,822,9,,0.0710354999173432,12823.0,1157,5,,0.1568333000177517,12581.0,1735,3,
554,10381,11763.0,1.7320903000072576,wfa,0.3113514999859035,12192.0,2330,3,,0.0246700000716373,13799.0,809,9,,0.0692038000561297,12415.0,1131,5,,0.1548098999774083,11928.0,1699,3,
555,10588,11828.0,1.5040081000188366,wfa,0.3262714999727905,12218.0,2409,3,,0.0249154000775888,13351.0,812,9,,0.0717038000002503,12868.0,1161,5,,0.1650625999318435,12472.0,1754,3,
556,10594,11838.0,1.73377600000822,wfa,0.302807500003837,12265.0,2300,3,,0.0319791000802069,13621.0,801,9,,0.0701758000068366,12820.0,1135,5,,0.1575912999687716,12737.0,1684,3,
557,10205,11362.0,1.686575300002005,wfa,0.3050662000896409,11744.0,2273,3,,0.0247731999261304,13022.0,789,9,,0.0681250999914482,12205.0,1120,5,,0.1508191000903025,11899.0,1688,3,
558,10713,12091.0,1.7219092000159435,wfa,0.315712200012058,12391.0,2359,3,,0.0291738000232726,13465.0,799,9,,0.0673783000092953,12697.0,1133,5,,0.1546487000305205,12389.0,1705,3,
559,10739,12419.0,1.770993299986003,wfa,0.3079121001064777,12647.0,2331,3,,0.026907299994491,13659.0,816,9,,0.0711333999643102,13298.0,1162,5,,0.1652317999396473,12786.0,1768,3,
560,11088,12802.0,2.0629488000122365,wfa,0.3220906000351533,13334.0,2461,3,,0.0255289999768137,13993.0,830,9,,0.0729505999479442,13530.0,1192,5,,0.1653023000108078,12964.0,1792,3,
561,10598,12086.0,1.780758800014155,wfa,0.3140331000322476,12653.0,2373,3,,0.0292672000359743,13909.0,819,9,,0.0691236000275239,13222.0,1152,5,,0.1502863999921828,12587.0,1719,3,
562,10411,12115.0,1.962604200001806,wfa,0.3068088999716565,12463.0,2350,3,,0.0271770000690594,13280.0,815,9,,0.0740050000604242,12780.0,1171,5,,0.1587507000658661,12526.0,1734,3,
563,10435,11764.0,1.710097000002861,wfa,0.3183833999792114,12172.0,2367,3,,0.0265640999423339,13307.0,820,9,,0.0703321999171748,12557.0,1153,5,,0.1697769000893458,12308.0,1755,3,
564,10622,12122.0,1.729651300003752,wfa,0.3086293999804184,12516.0,2348,3,,0.0298552999738603,13544.0,821,9,,0.0717163999797776,13011.0,1155,5,,0.1528073999797925,12608.0,1758,3,
565,10117,11232.0,1.795887699990999,wfa,0.3023171999957412,11509.0,2270,3,,0.0230194999603554,12516.0,776,9,,0.0671044000191614,11888.0,1102,5,,0.1469900000374764,11599.0,1645,3,
566,10300,11562.0,1.7006817999936177,wfa,0.293407000019215,12026.0,2241,3,,0.0294311998877674,13034.0,799,9,,0.0689692000159993,12464.0,1123,5,,0.1514778999844566,12221.0,1674,3,
567,10259,11764.0,1.697676700016018,wfa,0.3108624999877065,12023.0,2335,3,,0.0243463999358937,12873.0,806,9,,0.0687195999780669,12129.0,1138,5,,0.1511991000734269,11789.0,1700,3,
568,10694,12012.0,1.4958698999835178,wfa,0.3061920999316498,12265.0,2330,3,,0.0256114000221714,13892.0,823,9,,0.0693203000118956,12867.0,1151,5,,0.1565362000837922,12561.0,1729,3,
569,10125,11502.0,1.7842031999898609,wfa,0.3115622999612242,11870.0,2310,3,,0.0299341999925673,12974.0,810,9,,0.0693704000441357,12173.0,1143,5,,0.1523293000645935,11800.0,1689,3,
570,10367,11958.0,1.693073899979936,wfa,0.3120208999607712,12192.0,2352,3,,0.0256027999566867,13288.0,789,9,,0.0678340999875217,12559.0,1111,5,,0.1530191999627277,12247.0,1678,3,
571,9970,11071.0,1.3998016999976244,wfa,0.3123159999959171,11826.0,2300,3,,0.0234848998952657,12966.0,795,9,,0.0688966000452637,12397.0,1116,5,,0.150182000012137,11853.0,1639,3,
572,10858,12372.0,1.7887240999843923,wfa,0.3189186999807134,12697.0,2413,3,,0.0300221999641507,14246.0,822,9,,0.0703166999155655,13182.0,1159,5,,0.1579050000291317,12879.0,1758,3,
573,10526,11836.0,1.8211755999946035,wfa,0.3030875999247655,12260.0,2299,3,,0.0238045000005513,13556.0,803,9,,0.0697079999372363,12651.0,1134,5,,0.1511186000425368,12377.0,1661,3,
574,10753,12192.0,1.4906517999770583,wfa,0.3045802999986335,12472.0,2325,3,,0.0288681000238284,14027.0,806,9,,0.070935699972324,12907.0,1143,5,,0.1568607999943196,12607.0,1698,3,
575,10983,12744.0,1.854416099988157,wfa,0.3146457999246195,13295.0,2412,3,,0.026845599990338,14438.0,831,9,,0.072855900041759,13737.0,1187,5,,0.1631605000002309,13138.0,1772,3,
576,10526,11915.0,1.9598152999824376,wfa,0.3153755000093952,12171.0,2356,3,,0.023944400018081,13321.0,819,9,,0.0713212999980896,12770.0,1162,5,,0.1529808999039232,12451.0,1741,3,
577,10398,11831.0,1.7240774999954738,wfa,0.3083691999781877,12066.0,2328,3,,0.0275119000580161,13021.0,785,9,,0.1245138000231236,12254.0,1123,5,,0.1525956999976188,11988.0,1711,3,
578,10546,12018.0,1.4684605000074953,wfa,0.3129048000555485,12293.0,2375,3,,0.0261241000844165,13243.0,809,9,,0.0720598000334575,12681.0,1148,5,,0.1538891000673174,12445.0,1724,3,
579,10566,12113.0,1.7461252999783028,wfa,0.3005659999325871,12335.0,2286,3,,0.0244699000613763,13418.0,809,9,,0.0697899999795481,12397.0,1131,5,,0.1551733999513089,12219.0,1711,3,
580,11378,12852.0,1.8746777000196744,wfa,0.3258591999765485,13427.0,2482,3,,0.0299159999703988,14660.0,843,9,,0.0713343999814242,13885.0,1195,5,,0.1607871999731287,13402.0,1781,3,
581,10396,11804.0,1.7444550000072925,wfa,0.308187699993141,12195.0,2298,3,,0.0250432000029832,13458.0,803,9,,0.0717169001000002,12659.0,1127,5,,0.16176120005548,12427.0,1709,3,
582,10461,11746.0,1.817313000006834,wfa,0.3311210999963805,12029.0,2395,3,,0.0313963999506086,13351.0,815,9,,0.0748540998902171,12668.0,1164,5,,0.1589236999861896,12431.0,1736,3,
583,10403,11874.0,1.7601058000000194,wfa,0.308362300042063,12201.0,2319,3,,0.0245321999536827,13484.0,801,9,,0.0689162999624386,12476.0,1131,5,,0.1572359999408945,12191.0,1712,3,
584,10329,11663.0,1.4628976999956649,wfa,0.3036998000461608,12060.0,2284,3,,0.0249186999863013,13359.0,794,9,,0.0671199000207707,12655.0,1114,5,,0.1524157000239938,12163.0,1666,3,
585,10913,12538.0,1.797231099975761,wfa,0.3190766000188887,12758.0,2413,3,,0.0286892999429255,14275.0,816,9,,0.0720303999260068,13416.0,1160,5,,0.1642778000095859,13129.0,1759,3,
586,10301,11820.0,1.8504781000083312,wfa,0.3132104999385774,12030.0,2344,3,,0.0266182000050321,13067.0,810,9,,0.071954800048843,12579.0,1147,5,,0.1525266000535339,12299.0,1723,3,
587,10118,11175.0,1.6672767999989446,wfa,0.3197571999626234,11576.0,2342,3,,0.024217199999839,13063.0,789,9,,0.0704901999561116,12262.0,1131,5,,0.1532950000837445,11974.0,1690,3,
588,10460,12097.0,1.4709537000162527,wfa,0.3065842000069096,12369.0,2316,3,,0.0273453000700101,13041.0,787,9,,0.0692604000214487,12648.0,1142,5,,0.1513039999408647,12295.0,1691,3,
589,10598,12046.0,1.7734025999961889,wfa,0.3178070000139996,12729.0,2389,3,,0.0272062000585719,14138.0,839,9,,0.0727066000690683,13284.0,1193,5,,0.1587896000128239,12836.0,1737,3,
590,10361,11866.0,1.75765469999169,wfa,0.3118661999469623,12510.0,2351,3,,0.0288205000106245,13814.0,812,9,,0.0720482999458909,12994.0,1157,5,,0.1517755000386387,12503.0,1682,3,
591,10748,12009.0,1.497038600005908,wfa,0.3112083999440074,12486.0,2359,3,,0.0250856999773532,13832.0,819,9,,0.0693853999255225,12891.0,1153,5,,0.1556695000035688,12611.0,1733,3,
592,10644,11919.0,1.7994846999936271,wfa,0.3172182000707835,12207.0,2376,3,,0.0263357000658288,13590.0,821,9,,0.0703364999499172,12937.0,1169,5,,0.1570101000834256,12631.0,1727,3,
593,10173,11382.0,1.6938691000104882,wfa,0.3076547000091523,11691.0,2263,3,,0.0291930999374017,13366.0,774,9,,0.0667695999145507,12133.0,1092,5,,0.1497850999003276,11812.0,1640,3,
594,10015,11344.0,1.4050832999928389,wfa,0.2990769998868927,11622.0,2234,3,,0.0295852000126615,12777.0,797,9,,0.072010799893178,12146.0,1134,5,,0.1537201999453827,11760.0,1693,3,
595,11253,12765.0,1.8665553000173527,wfa,0.3211787999607622,13083.0,2421,3,,0.0271693000104278,14319.0,834,9,,0.0721583999693393,13615.0,1175,5,,0.1601227999199181,13479.0,1790,3,
596,10505,11664.0,1.92490050001652,wfa,0.3150045999791473,12031.0,2349,3,,0.028356899973005,13512.0,800,9,,0.070549700059928,12649.0,1133,5,,0.1529177000047639,12277.0,1684,3,
597,10155,11476.0,1.6736105000018142,wfa,0.3108472999883815,11884.0,2310,3,,0.0232854000059887,12781.0,788,9,,0.0698054999811574,12134.0,1130,5,,0.1517548999981954,11873.0,1662,3,
598,10008,11185.0,1.39506640000036,wfa,0.3186951000243425,11524.0,2299,3,,0.0231052000308409,12579.0,799,9,,0.0675228999461978,11792.0,1112,5,,0.1483811000362038,11593.0,1680,3,
599,10614,12269.0,1.7650791000050958,wfa,0.3056119999382645,12627.0,2321,3,,0.029281000024639,13669.0,806,9,,0.069793100003153,12985.0,1136,5,,0.1567166000604629,12669.0,1720,3,
600,10255,11633.0,1.7497053999977652,wfa,0.3102620000718161,12014.0,2313,3,,0.0307656000368297,13178.0,795,9,,0.0685805000830441,12539.0,1126,5,,0.1533081999514252,12222.0,1703,3,
601,10044,11231.0,1.585760099987965,wfa,0.310351200052537,11660.0,2286,3,,0.0273233000189065,12827.0,788,9,,0.0684081999352201,12170.0,1119,5,,0.1518102999543771,11870.0,1698,3,
602,10820,12415.0,1.8939786000119057,wfa,0.3110794000094756,12643.0,2339,3,,0.0257393000647425,13564.0,811,9,,0.0706031000008806,12869.0,1150,5,,0.1571185000939294,12645.0,1746,3,
603,10634,12083.0,2.0010588000004645,wfa,0.3890736999455839,12482.0,2385,3,,0.0252633000491186,13720.0,821,9,,0.0713355999905616,13422.0,1177,5,,0.1642811000347137,12992.0,1768,3,
604,10493,11926.0,1.6677768000226934,wfa,0.3207364999689162,12087.0,2371,3,,0.0284994998946785,13418.0,809,9,,0.0709155000513419,12486.0,1146,5,,0.1553947000065818,12168.0,1716,3,
605,11159,12494.0,1.8531547999882605,wfa,0.3175586999859661,12880.0,2374,3,,0.0297395000234246,14024.0,807,9,,0.0708068000385537,13618.0,1147,5,,0.1562666000099852,13212.0,1694,3,
606,10668,11893.0,1.922406300000148,wfa,0.3073932999977842,12427.0,2320,3,,0.0268202000297606,13796.0,804,9,,0.070904100080952,13064.0,1144,5,,0.1598339000483974,12791.0,1731,3,
607,10837,12559.0,1.7432712999871,wfa,0.3253143000183627,12785.0,2419,3,,0.0294068999355658,13712.0,811,9,,0.0717759999679401,13272.0,1182,5,,0.15759220009204,12966.0,1747,3,
608,10943,12362.0,2.0095770999905653,wfa,0.3128719999222085,12446.0,2377,2,,0.0254319000523537,13679.0,808,8,,0.0711394000099971,12926.0,1146,4,,0.1553098999429494,12816.0,1717,3,
609,10262,11514.0,1.901929899991956,wfa,0.3093086000299081,12262.0,2289,3,,0.0284902999410405,13170.0,797,9,,0.0686382999410852,12845.0,1134,5,,0.1523788999766111,12271.0,1693,3,
610,10690,12062.0,1.7606364999955986,wfa,0.3036942000035196,12384.0,2320,3,,0.0251387999160215,13441.0,810,9,,0.0709798000752925,12828.0,1150,5,,0.1593149999389425,12677.0,1695,3,
611,10420,11882.0,1.4461732999770902,wfa,0.3375251999823376,12211.0,2442,3,,0.0257715999614447,13570.0,829,9,,0.0728737999452278,12726.0,1174,5,,0.1541113998973742,12316.0,1744,3,
612,10461,11854.0,1.7613476999977138,wfa,0.3201751000015065,12203.0,2387,3,,0.0291194999590516,13426.0,822,9,,0.0721981000388041,12915.0,1170,5,,0.1559202999342233,12831.0,1744,3,
613,9896,10926.0,1.6637462999788113,wfa,0.3103798000374809,11324.0,2262,3,,0.0231584999710321,12635.0,787,9,,0.0668906000209972,11672.0,1095,5,,0.1476308999117463,11365.0,1673,3,
614,10631,11934.0,1.4978747999994084,wfa,0.3050992999924347,12080.0,2300,3,,0.0249873999273404,13547.0,807,9,,0.0688937000231817,12769.0,1133,5,,0.1557727000908926,12558.0,1710,3,
615,11188,12831.0,1.840394800005015,wfa,0.3221067000413313,13081.0,2432,3,,0.0292404000647366,14199.0,817,9,,0.0729856999823823,13350.0,1167,5,,0.1626262000063434,13166.0,1795,3,
616,10919,12411.0,1.9169477999967055,wfa,0.3187651999760419,12964.0,2386,3,,0.0256935999495908,14088.0,821,9,,0.0694652999518439,13443.0,1158,5,,0.1580798999639228,12883.0,1739,3,
617,10243,11550.0,1.8490143999806603,wfa,0.3147281999699771,11750.0,2317,3,,0.0273482999764382,12714.0,789,9,,0.0691960999974981,12349.0,1125,5,,0.155519500025548,12119.0,1679,3,
618,11004,12419.0,1.8242915000009816,wfa,0.3111993999918923,12772.0,2369,3,,0.0247796999756246,13759.0,800,9,,0.0701398999663069,13030.0,1152,5,,0.1568908999906852,12756.0,1702,3,
619,10730,12156.0,1.966878799983533,wfa,0.3187449999386444,12484.0,2371,3,,0.0237124999985098,13415.0,806,9,,0.0709724000189453,12608.0,1155,5,,0.1524012999143451,12350.0,1696,3,
620,10499,11958.0,1.751742699998431,wfa,0.3075929000042379,12270.0,2313,3,,0.0287122000008821,13779.0,809,9,,0.0694688999792561,12748.0,1132,5,,0.1521309999516233,12436.0,1666,3,
621,10269,11556.0,1.4289107999939006,wfa,0.3213160999584943,11895.0,2368,3,,0.0251060000155121,13274.0,816,9,,0.0706354000139981,12800.0,1169,5,,0.1566965000238269,12463.0,1733,3,
622,10851,12165.0,1.7960573000018485,wfa,0.3132694000378251,12541.0,2369,3,,0.0287156000267714,13773.0,804,9,,0.0744931999361142,13180.0,1156,5,,0.1597108000423759,12857.0,1726,3,
623,11032,13025.0,2.036995599977672,wfa,0.3163916999474168,13357.0,2398,3,,0.0299968000035733,14306.0,813,9,,0.0716987000778317,13718.0,1166,5,,0.1595691000111401,13191.0,1735,3,
624,10859,12340.0,1.819557699986035,wfa,0.3101828000508249,12641.0,2355,3,,0.0247547000180929,13835.0,812,9,,0.0692296000197529,12918.0,1137,5,,0.153539799968712,12603.0,1694,3,
625,9934,11416.0,1.6691197000036482,wfa,0.3128648999845609,11694.0,2280,3,,0.0284669999964535,12855.0,802,9,,0.0701217999448999,12267.0,1128,5,,0.1536128999432549,11931.0,1678,3,
626,10740,12238.0,1.7925363999966066,wfa,0.3195439999690279,12497.0,2356,3,,0.0255391999380663,13383.0,787,9,,0.069774099974893,13005.0,1130,5,,0.1541455000406131,12662.0,1689,3,
627,10324,11654.0,1.4592540000157896,wfa,0.3129951000446453,11989.0,2257,3,,0.026676999987103,13278.0,793,9,,0.0699024000205099,12457.0,1112,5,,0.1611253999872133,12183.0,1669,3,
628,10631,11999.0,1.7541855999734253,wfa,0.308939200011082,12363.0,2325,3,,0.0296593999955803,13358.0,809,9,,0.0702992000151425,12692.0,1141,5,,0.1564350000116974,12286.0,1719,3,
629,10924,12477.0,1.819697200000519,wfa,0.3230272000655532,12972.0,2417,3,,0.025823300005868,14436.0,827,9,,0.0711153000593185,13298.0,1167,5,,0.1577899999683722,12741.0,1720,3,
630,10533,11743.0,1.788702199992258,wfa,0.3076727000297978,12174.0,2309,3,,0.0264955000020563,13539.0,810,9,,0.0700297999428585,12659.0,1148,5,,0.1636773999780416,12370.0,1724,3,
631,10569,11965.0,1.4947287999966647,wfa,0.3063638999592513,12369.0,2298,3,,0.027072700089775,13156.0,770,9,,0.0674226999981328,12709.0,1109,5,,0.1512451999587938,12524.0,1633,3,
632,10129,11331.0,1.6958019000012428,wfa,0.3146925999317318,11686.0,2329,3,,0.0238130999496206,12987.0,780,9,,0.0688145000021904,12204.0,1113,5,,0.1497187999775633,11977.0,1677,3,
633,10600,12130.0,1.7526295999996364,wfa,0.3222868000157177,12522.0,2406,3,,0.0296550999628379,13516.0,811,9,,0.0727282000007107,12916.0,1165,5,,0.1560576000483706,12697.0,1709,3,
634,10054,11505.0,1.5921661000174936,wfa,0.3218502999516204,11853.0,2323,3,,0.0232714000158011,12622.0,798,9,,0.0690983000677079,12175.0,1131,5,,0.1496949000284075,11886.0,1665,3,
635,10584,12296.0,1.7469260999932883,wfa,0.3161475999513641,12550.0,2360,3,,0.025363799999468,13771.0,815,9,,0.0691791999852284,12804.0,1141,5,,0.1563422000035643,12423.0,1702,3,
636,10376,11684.0,1.7917905999929644,wfa,0.3239356999984011,12058.0,2385,3,,0.0311069999588653,13403.0,830,9,,0.0713249999098479,12623.0,1171,5,,0.1545610999455675,12523.0,1749,3,
637,10349,11792.0,1.4660086999938358,wfa,0.3028521999949589,12322.0,2288,3,,0.0238869000459089,13575.0,810,9,,0.0696211999747902,12734.0,1132,5,,0.1516242999350652,12088.0,1690,3,
638,10339,11527.0,1.7247814000002109,wfa,0.3150466000661254,12097.0,2316,3,,0.0248168000252917,13271.0,787,9,,0.0693654000060632,12534.0,1106,5,,0.1536780999740585,12148.0,1685,3,
639,10529,12207.0,1.734182200016221,wfa,0.3202188001014292,12576.0,2375,3,,0.0288062000181525,13364.0,804,9,,0.069844500045292,12560.0,1148,5,,0.1571493999799713,12286.0,1695,3,
640,11133,12464.0,1.7328471000073478,wfa,0.3213863000273704,12755.0,2420,3,,0.0261230000760406,14151.0,824,9,,0.0714689999585971,13341.0,1160,5,,0.1616013000020757,13029.0,1754,3,
641,11034,12481.0,2.093195099994773,wfa,0.3215656999964267,13096.0,2409,3,,0.030694399960339,14440.0,828,9,,0.0721295999828726,13317.0,1180,5,,0.1566537000471726,12827.0,1730,3,
642,9926,11338.0,1.7830480000120588,wfa,0.3285206999862566,11684.0,2396,3,,0.02410429995507,12656.0,795,9,,0.0743374999146908,12103.0,1150,5,,0.1539810999529436,11849.0,1692,3,
643,10552,12167.0,1.7627769999962766,wfa,0.3205075999721885,12768.0,2388,3,,0.0252425000071525,13683.0,815,9,,0.0709595000371337,13229.0,1172,5,,0.1580579000292346,12620.0,1714,3,
644,10728,12151.0,1.6653254000120796,wfa,0.3120792000554502,12491.0,2353,3,,0.0308333999710157,13424.0,800,9,,0.0687821999890729,12729.0,1129,5,,0.1523584999376908,12311.0,1679,3,
645,10280,11568.0,1.7424996999907307,wfa,0.3222438000375405,11929.0,2361,3,,0.0249340001028031,13144.0,811,9,,0.0715016999747604,12548.0,1153,5,,0.1552950999466702,12231.0,1728,3,
646,10931,12514.0,1.845024199981708,wfa,0.3107341000577435,13016.0,2357,3,,0.0257016000105068,14222.0,821,9,,0.0707512999651953,13494.0,1158,5,,0.1573422000510618,13326.0,1716,3,
647,10316,11535.0,1.7206868999928702,wfa,0.3084170999936759,12076.0,2294,3,,0.0278822999680414,13574.0,806,9,,0.0728222000179812,12778.0,1141,5,,0.1536442000651732,12106.0,1709,3,
648,10694,12327.0,1.7964943000115454,wfa,0.3288460000185296,12751.0,2458,3,,0.0813953999895602,13652.0,829,9,,0.0745129999704659,13025.0,1173,5,,0.1632072000065818,12763.0,1762,3,
649,10832,12326.0,1.812964299984742,wfa,0.3109255000017583,12613.0,2343,3,,0.0310493999859318,14063.0,813,9,,0.0727419999893754,13351.0,1143,5,,0.1614334000041708,13117.0,1705,3,
650,9941,11168.0,1.7355835000053048,wfa,0.3122798000695184,11378.0,2285,3,,0.0240046000108122,12923.0,786,9,,0.0678239000262692,12071.0,1115,5,,0.1497802999801933,11651.0,1670,3,
651,10385,11806.0,1.4758731999900192,wfa,0.3085702999960631,12451.0,2285,3,,0.0295930999564006,13905.0,794,9,,0.0715991999022662,12663.0,1116,5,,0.1547871999209746,12098.0,1685,3,
652,10568,12553.0,1.743048300006194,wfa,0.3151370000559836,12786.0,2366,3,,0.0281814000336453,13255.0,798,9,,0.0703846999676898,13164.0,1139,5,,0.1592880000825971,12732.0,1707,3,
653,10530,11878.0,1.8988220000173897,wfa,0.3075349000282585,12151.0,2307,3,,0.024615200003609,13181.0,796,9,,0.0684985000407323,12662.0,1133,5,,0.1543689999962225,12316.0,1692,3,
654,10614,12105.0,1.8924490000063088,wfa,0.3232749999733642,12488.0,2403,3,,0.0250457000220194,13643.0,818,9,,0.0703117999946698,12808.0,1167,5,,0.1583911000052467,12406.0,1720,3,
655,11671,13161.0,2.018411600001855,wfa,0.3298765000654384,13721.0,2503,3,,0.031951600103639,15030.0,858,9,,0.0763531000120565,14467.0,1235,5,,0.1670730001060292,13955.0,1827,3,
656,10781,12114.0,1.80397870001616,wfa,0.3221814000280574,12534.0,2396,3,,0.0281036000233143,13631.0,822,9,,0.0699418999720364,13038.0,1163,5,,0.1577718999469652,12735.0,1749,3,
657,11256,12752.0,1.83209879999049,wfa,0.3148221999872476,13348.0,2407,3,,0.0324947999324649,14523.0,829,9,,0.0734455999918282,13865.0,1190,5,,0.1620933000231161,13347.0,1781,3,
658,10018,11212.0,1.6657371999754105,wfa,0.3186762999976054,11485.0,2322,3,,0.0233595001045614,12636.0,801,9,,0.0705092001007869,11783.0,1133,5,,0.1502154000336304,11543.0,1667,3,
659,10542,12092.0,1.7589549999975134,wfa,0.3082712999312207,12359.0,2312,3,,0.0246590999886393,13222.0,802,9,,0.0694645000621676,12916.0,1141,5,,0.1581701999530196,12557.0,1703,3,
660,11067,12879.0,1.882661800016649,wfa,0.3284272999735549,13030.0,2437,3,,0.0308705999050289,14296.0,837,9,,0.0726793999783694,13473.0,1183,5,,0.162991699995473,13296.0,1789,3,
661,11083,12613.0,1.5961354000028225,wfa,0.3094190000556409,12978.0,2346,3,,0.0261176999192684,14067.0,817,9,,0.0713095000246539,13314.0,1151,5,,0.1573817000025883,13063.0,1711,3,
662,10522,11945.0,1.795647100021597,wfa,0.3085770000470802,12327.0,2313,3,,0.0267706000013276,13757.0,806,9,,0.0725987000623717,13129.0,1154,5,,0.1657749000005424,12871.0,1711,3,
663,10382,11527.0,1.7425740000035148,wfa,0.3230176999932155,11814.0,2347,3,,0.0290627999929711,13221.0,798,9,,0.0692862999858334,12680.0,1140,5,,0.1515949999447912,12463.0,1691,3,
664,10557,11870.0,1.4805572000041138,wfa,0.3134582000784576,12349.0,2335,3,,0.0250252999830991,13247.0,795,9,,0.0693131000734865,12209.0,1115,5,,0.1504786000587046,11905.0,1654,3,
665,10636,12067.0,1.7823842999932822,wfa,0.3256127999629825,12460.0,2418,3,,0.0296939000254496,13382.0,822,9,,0.0735859000124037,12795.0,1183,5,,0.1587668999563902,12502.0,1760,3,
666,10725,11948.0,1.7843979999888688,wfa,0.3206763999769464,12322.0,2384,3,,0.0261939999181777,13637.0,802,9,,0.0706348000094294,12787.0,1147,5,,0.1594114999752491,12555.0,1700,3,
667,10789,12361.0,1.8145746999944092,wfa,0.3144753000233322,12770.0,2382,3,,0.0252846999792382,13901.0,827,9,,0.0708125999663025,13039.0,1157,5,,0.1585711999796331,12813.0,1747,3,
668,10356,11793.0,1.7609602000156883,wfa,0.3178704999154433,12360.0,2358,3,,0.0303266999544575,13752.0,811,9,,0.0710603999905288,12765.0,1149,5,,0.1528956000693142,12172.0,1710,3,
669,10483,11930.0,1.7645277999981772,wfa,0.3191886000568047,12205.0,2357,3,,0.0280770999379456,13808.0,815,9,,0.0780839000362902,13095.0,1163,5,,0.1588322999887168,12900.0,1730,3,
670,10703,12289.0,1.7923382000008132,wfa,0.3108932999894023,12500.0,2341,3,,0.025462600053288,13443.0,801,9,,0.0751579999923706,13016.0,1155,5,,0.1639696999918669,12758.0,1725,3,
671,10795,12261.0,1.541259999998147,wfa,0.337926400010474,12535.0,2401,3,,0.0277345000067725,13315.0,798,9,,0.0714386999607086,12727.0,1151,5,,0.15688639995642,12421.0,1690,3,
672,10650,11857.0,1.881194899993716,wfa,0.3249110999749973,12284.0,2398,3,,0.0258709000190719,13522.0,810,9,,0.0709572000196203,12644.0,1158,5,,0.160124700050801,12332.0,1770,3,
673,10792,12327.0,1.963650699995924,wfa,0.3176085000159219,12737.0,2377,3,,0.0312618999741971,13722.0,818,9,,0.0718979000812396,13258.0,1167,5,,0.1613224999746307,12972.0,1746,3,
674,9674,10641.0,1.7606665999919642,wfa,0.3145609000930562,11072.0,2274,3,,0.0238468000898137,12538.0,775,9,,0.0684307999908924,11735.0,1099,5,,0.1475751999532804,11466.0,1636,3,
675,10391,11760.0,1.734090300014941,wfa,0.3010533999186009,12196.0,2255,3,,0.0244381999364122,13754.0,792,9,,0.0686512000393122,12375.0,1107,5,,0.1486000000732019,12032.0,1680,3,
676,10264,11488.0,1.7199659000034444,wfa,0.2999250000575557,11895.0,2256,3,,0.0283115999773144,13286.0,782,9,,0.0674197999760508,12296.0,1088,5,,0.1488113000523299,12120.0,1670,3,
677,9768,10878.0,1.357799099991098,wfa,0.3166592000052333,11135.0,2285,3,,0.0242127000819891,12876.0,813,9,,0.1258038999512791,11976.0,1142,5,,0.1520620000082999,11642.0,1714,3,
678,10793,12205.0,1.8020590000087395,wfa,0.315549400052987,12490.0,2364,3,,0.027811300009489,13606.0,806,9,,0.0714549000840634,13122.0,1165,5,,0.1609869999811053,12812.0,1732,3,
679,10321,11756.0,1.8966588999901437,wfa,0.3117971000028774,12047.0,2300,3,,0.0299249000381678,12981.0,799,9,,0.0728763999650254,12482.0,1137,5,,0.1549645999912172,12093.0,1694,3,
680,10426,11778.0,1.943937400006689,wfa,0.3152228000108152,12136.0,2346,3,,0.0254242999944835,13041.0,806,9,,0.0701576999854296,12536.0,1147,5,,0.1553909000940621,12261.0,1711,3,
681,10372,11651.0,1.8485304999921937,wfa,0.3177852999651804,12377.0,2354,3,,0.0265749999089166,13493.0,811,9,,0.0711708000162616,12551.0,1153,5,,0.1544098999584093,12089.0,1723,3,
682,10514,12024.0,1.9906950000149664,wfa,0.3249253999674693,12349.0,2393,3,,0.0325899999588727,13372.0,816,9,,0.071041400078684,12557.0,1159,5,,0.158512599999085,12339.0,1732,3,
683,10733,12205.0,1.9993987000198103,wfa,0.3128446999471634,12567.0,2336,3,,0.0272798999212682,13493.0,806,9,,0.0721350000239908,13040.0,1153,5,,0.1582079000072553,12597.0,1700,3,
684,10711,12122.0,2.027115600008983,wfa,0.3176914999494329,12881.0,2371,3,,0.030324500054121,13798.0,817,9,,0.071700399974361,13334.0,1166,5,,0.160835099988617,12845.0,1741,3,
685,10660,12017.0,2.001098899985664,wfa,0.321623699972406,12433.0,2368,3,,0.0246148000005632,13596.0,804,9,,0.0700353999854996,12939.0,1151,5,,0.159349099965766,12742.0,1687,3,
686,10674,12144.0,1.972234800021397,wfa,0.310479799984023,12489.0,2330,3,,0.0254473000532016,13084.0,801,9,,0.0705599000211805,12771.0,1143,5,,0.1581591999856755,12489.0,1705,3,
687,10982,12747.0,1.8735639000078663,wfa,0.3121199000161141,13007.0,2378,3,,0.031132600037381,14138.0,811,9,,0.0707811000756919,13419.0,1158,5,,0.1624405999900773,13050.0,1708,3,
688,10664,11971.0,1.967779900005553,wfa,0.3222522999858483,12390.0,2372,3,,0.0251474999822676,13516.0,816,9,,0.0703495999332517,12849.0,1155,5,,0.1562018999829888,12475.0,1736,3,
689,10910,12283.0,2.0367758000211325,wfa,0.3162952999118715,12542.0,2370,3,,0.0260875000385567,13946.0,820,9,,0.0712505999254062,13242.0,1167,5,,0.1575478999875486,12737.0,1741,3,
690,10635,11918.0,1.856589899980463,wfa,0.3121562999440357,12698.0,2329,3,,0.0289806999498978,14077.0,810,9,,0.0696966999676078,13348.0,1148,5,,0.1560644999844953,12814.0,1727,3,
691,10404,11693.0,1.6264280999894254,wfa,0.3155773999169469,11999.0,2326,3,,0.0243597000371664,13250.0,796,9,,0.0696612999308854,12376.0,1123,5,,0.1533704999601468,12064.0,1680,3,
692,10412,11935.0,1.7862344000022858,wfa,0.3190202999394387,12170.0,2344,3,,0.0323710000375285,13396.0,818,9,,0.0714707999723032,12643.0,1153,5,,0.1545946999685838,12356.0,1732,3,
693,10207,11801.0,1.7229518000094686,wfa,0.3261568000307306,12242.0,2360,3,,0.0239664999535307,13214.0,794,9,,0.0746678999857977,12430.0,1134,5,,0.1524835999589413,12014.0,1676,3,
694,10273,11684.0,1.5068428000085987,wfa,0.3164079000707716,11976.0,2295,3,,0.0235020000254735,13099.0,785,9,,0.0702634999761357,12138.0,1112,5,,0.1522392000770196,11833.0,1645,3,
695,10747,12196.0,1.8006710000045132,wfa,0.3302960000000894,12538.0,2410,3,,0.0327417000662535,13548.0,827,9,,0.0747677000472322,12821.0,1167,5,,0.1620142000028863,12711.0,1731,3,
696,10294,11546.0,1.8008234000008088,wfa,0.3215405000373721,11897.0,2344,3,,0.0279480998869985,13463.0,810,9,,0.0758383000502362,13153.0,1159,5,,0.1541286000283435,12721.0,1700,3,
697,10243,11354.0,1.545685700024478,wfa,0.3239537000190466,11716.0,2353,3,,0.0244261000771075,12826.0,794,9,,0.0704216000158339,11821.0,1130,5,,0.1543994999956339,11524.0,1694,3,
698,11339,13040.0,1.867636899987701,wfa,0.3182315999874845,13364.0,2415,3,,0.0322965000523254,14349.0,825,9,,0.0731688999803736,13525.0,1186,5,,0.1654629999538883,13330.0,1783,3,
699,10290,11862.0,1.7841375000134576,wfa,0.3135876000160351,12149.0,2333,3,,0.0239815000677481,13153.0,797,9,,0.0719227000372484,12483.0,1127,5,,0.1508268999168649,12264.0,1683,3,
700,10291,11506.0,1.8001480999810155,wfa,0.3006486999802291,11846.0,2252,3,,0.0304990999866276,12905.0,796,9,,0.0712705999612808,12430.0,1140,5,,0.1544255999615416,12110.0,1678,3,
701,10434,12096.0,1.7648917000042277,wfa,0.3267598000820726,12387.0,2397,3,,0.0251943999901413,13220.0,808,9,,0.0727765999035909,12486.0,1155,5,,0.16009630006738,12170.0,1730,3,
702,10244,11581.0,1.751209000009112,wfa,0.3300683000124991,12215.0,2350,3,,0.0242385999299585,12921.0,807,9,,0.0714712999761104,12499.0,1147,5,,0.1531053999206051,11975.0,1683,3,
703,10480,11971.0,1.7592008000065107,wfa,0.3682570999953896,12308.0,2255,3,,0.0302016000496223,13235.0,792,9,,0.0713807999854907,12437.0,1118,5,,0.1538091999245807,12149.0,1695,3,
704,10761,12249.0,1.5196572999993805,wfa,0.3113109999103471,12603.0,2333,3,,0.0261663000565022,13734.0,818,9,,0.0709725000197067,13130.0,1145,5,,0.1544045000337064,12689.0,1725,3,
705,11230,12860.0,1.870421300001908,wfa,0.3174347000895068,13236.0,2392,3,,0.0275952999945729,14613.0,824,9,,0.0757446000352501,13656.0,1160,5,,0.1635382999666035,13367.0,1754,3,
706,10934,12402.0,1.8262429000169504,wfa,0.3195948000065982,12857.0,2365,3,,0.0316458999877795,13711.0,819,9,,0.0712083999533206,13222.0,1174,5,,0.1594102999661117,12851.0,1730,3,
707,10405,11757.0,1.7388624000013806,wfa,0.3225605000043288,12064.0,2337,3,,0.0284159999573603,13071.0,792,9,,0.0752299999585375,12354.0,1135,5,,0.1558580999262631,11975.0,1682,3,
708,10686,12080.0,1.80749000000651,wfa,0.3261473999591544,12538.0,2421,3,,0.0289200999541208,13558.0,807,9,,0.074668199988082,13420.0,1180,5,,0.1629502000287175,13172.0,1766,3,
709,11034,12885.0,1.844153899990488,wfa,0.3231426000129431,13121.0,2413,3,,0.0256844999967142,13841.0,810,9,,0.0729849999770522,13580.0,1176,5,,0.1627798000117764,13359.0,1751,3,
710,10859,12346.0,1.8851021000009496,wfa,0.3152582000475377,12652.0,2357,3,,0.02777370007243,14062.0,820,9,,0.0768633000552654,13205.0,1163,5,,0.1597334000980481,12994.0,1734,3,
711,10525,11855.0,1.4750485000258775,wfa,0.3064015000127256,12145.0,2273,3,,0.0289452000288292,13396.0,801,9,,0.0709369999822229,12518.0,1131,5,,0.1554355999687686,12368.0,1711,3,
712,10470,11958.0,1.754799099988304,wfa,0.3106608000816777,12289.0,2305,3,,0.0248578999890014,13333.0,783,9,,0.0698243000078946,12733.0,1111,5,,0.1571474999655038,12465.0,1668,3,
713,10415,11772.0,1.7701063000131398,wfa,0.3191306999651715,12034.0,2337,3,,0.0251092000398784,13141.0,804,9,,0.0734608001075685,12577.0,1151,5,,0.1574133000103756,12337.0,1711,3,
714,10911,12340.0,1.6556032999942545,wfa,0.3228300000773743,13002.0,2408,3,,0.0319956000894308,14235.0,830,9,,0.0704816000070422,13454.0,1175,5,,0.1611859999829903,12847.0,1731,3,
715,10690,12142.0,1.8322485000244344,wfa,0.3201640999177471,12384.0,2381,3,,0.0261361999437212,13374.0,804,9,,0.0701965000480413,12753.0,1147,5,,0.1614134999690577,12576.0,1738,3,
716,10081,11311.0,1.9350896000105424,wfa,0.3276322999736294,11625.0,2325,3,,0.0293813999742269,12978.0,795,9,,0.0726448999485001,12102.0,1130,5,,0.1575742000713944,11871.0,1671,3,
717,10051,11336.0,1.419341800006805,wfa,0.3094278000062331,11957.0,2257,3,,0.0251184999942779,13317.0,795,9,,0.0692214999580755,12335.0,1113,5,,0.1524590000044554,11756.0,1674,3,
718,9967,11426.0,1.858167899976252,wfa,0.3346937999594956,11647.0,2361,3,,0.0268666000338271,12787.0,803,9,,0.0725424999836832,11750.0,1117,5,,0.1515115000074729,11476.0,1663,3,
719,10257,11417.0,1.7321421000233386,wfa,0.3286877999780699,11712.0,2363,3,,0.0295277000404894,12735.0,799,9,,0.0705433000111952,12215.0,1145,5,,0.1559741999953985,11874.0,1717,3,
720,10486,11652.0,1.5010639999818522,wfa,0.318282000022009,12189.0,2346,3,,0.0249263000441715,13329.0,803,9,,0.0735699000069871,12364.0,1140,5,,0.1547604999504983,12150.0,1685,3,
721,9985,11345.0,1.771238599991193,wfa,0.3172008999390527,11672.0,2271,3,,0.0244478000095114,12789.0,787,9,,0.0700342999771237,11951.0,1103,5,,0.1618674000492319,11485.0,1651,3,
722,10599,12096.0,1.7712356999982148,wfa,0.3116431999951601,12329.0,2315,3,,0.0328730000182986,13535.0,807,9,,0.0725597999989986,12856.0,1143,5,,0.1587946000508964,12672.0,1708,3,
723,10313,11564.0,1.6378630000108387,wfa,0.3186729999724775,11911.0,2330,3,,0.0249173999764025,13295.0,795,9,,0.0703718999866396,12391.0,1140,5,,0.1551650000037625,12092.0,1686,3,
724,10665,12085.0,1.7831930000102147,wfa,0.3339511000085622,12757.0,2417,3,,0.0318785000126808,14009.0,839,9,,0.0733756000408902,13458.0,1197,5,,0.1661046999506652,12999.0,1770,3,
725,10053,11264.0,1.794739999982994,wfa,0.3227697999682277,11472.0,2302,3,,0.0261861000908538,12821.0,787,9,,0.0730714000528678,11900.0,1104,5,,0.1517675999784842,11680.0,1642,3,
726,10517,11902.0,1.7916510000068229,wfa,0.3268576000118628,12330.0,2403,3,,0.0270719999680295,13649.0,821,9,,0.0730753999669104,12964.0,1170,5,,0.1624813000671565,12574.0,1752,3,
727,10608,11785.0,1.8352079999749549,wfa,0.305455100024119,12135.0,2264,3,,0.0314284999622032,13368.0,788,9,,0.0696170999435707,12599.0,1119,5,,0.1552962000714615,12193.0,1661,3,
728,10273,11806.0,1.7449081999948248,wfa,0.318086399929598,12013.0,2314,3,,0.0294448999920859,12822.0,794,9,,0.0748797999694943,12214.0,1131,5,,0.1554887000238523,11860.0,1715,3,
729,9788,10832.0,1.650209499988705,wfa,0.3132987000280991,10994.0,2235,3,,0.0235401999671012,12325.0,770,9,,0.067211200017482,11561.0,1083,5,,0.1489258999936282,11229.0,1663,3,
730,10379,12063.0,1.4858724999940025,wfa,0.3074102000100538,12229.0,2288,3,,0.0294515000423416,13245.0,792,9,,0.0722876000218093,12789.0,1139,5,,0.1583654000423848,12482.0,1708,3,
731,11118,12680.0,1.9084148000110872,wfa,0.3209901000373065,13412.0,2409,3,,0.0274308000225573,15142.0,843,9,,0.0734075999353081,13854.0,1179,5,,0.1632920999545604,13401.0,1774,3,
732,10530,11760.0,1.9032717000227424,wfa,0.3115696999011561,12033.0,2293,3,,0.0259924000129103,13627.0,812,9,,0.0719404000556096,12608.0,1142,5,,0.1562267000554129,12474.0,1679,3,
733,10124,11415.0,1.6962017999903765,wfa,0.3191292999545112,11913.0,2301,3,,0.0286432999419048,13416.0,785,9,,0.068810399970971,12146.0,1107,5,,0.1499449999537319,11762.0,1640,3,
734,10737,12202.0,1.802760299993679,wfa,0.3210673000430688,12666.0,2374,3,,0.0266837999224662,13737.0,812,9,,0.0728183999890461,13123.0,1167,5,,0.1620328000281006,12576.0,1761,3,
735,10635,12024.0,1.900718199991388,wfa,0.3157188000623137,12319.0,2324,3,,0.029517599963583,13726.0,806,9,,0.0720565000083297,12631.0,1138,5,,0.1559022000292316,12311.0,1706,3,
736,10254,11441.0,1.748071899986826,wfa,0.318917499971576,11882.0,2337,3,,0.0247229000087827,12858.0,794,9,,0.0718005000380799,12207.0,1128,5,,0.1508569999132305,11821.0,1678,3,
737,11034,12555.0,1.880025399994338,wfa,0.337082700105384,12840.0,2470,3,,0.0265838000923395,13970.0,837,9,,0.0761753000551834,13193.0,1184,5,,0.161254399921745,12864.0,1750,3,
738,10458,11800.0,1.8120720000006256,wfa,0.3166361000621691,12130.0,2299,3,,0.0325714000500738,13090.0,790,9,,0.070817400002852,12477.0,1120,5,,0.1604196999687701,12152.0,1686,3,
739,11038,12617.0,1.867570000002161,wfa,0.3410831000655889,12835.0,2492,3,,0.0297363999998196,13838.0,829,9,,0.0796729000285267,13050.0,1180,5,,0.1599401999264955,12648.0,1777,3,
740,10070,11430.0,1.5594949000224003,wfa,0.3245360000291839,11749.0,2340,3,,0.0250085999723523,12765.0,786,9,,0.0707495000679045,12418.0,1124,5,,0.1543832999886945,12110.0,1679,3,
741,10546,11966.0,1.7821080000139773,wfa,0.3213416000362485,12127.0,2357,3,,0.0312369999010115,13217.0,807,9,,0.0735509999794885,12631.0,1138,5,,0.1549634999828413,12300.0,1696,3,
742,10356,11431.0,1.7555393000075128,wfa,0.3174661999801174,11899.0,2325,3,,0.0249929999699816,13584.0,786,9,,0.0719165999908,12565.0,1125,5,,0.1524155000224709,12386.0,1678,3,
743,10448,11939.0,1.510583499999484,wfa,0.3247820999240502,12423.0,2361,3,,0.0290221000323072,13329.0,806,9,,0.0723415999673307,12590.0,1156,5,,0.1554161000531166,12263.0,1719,3,
744,9756,10812.0,1.6903564999811351,wfa,0.3006008999655023,11254.0,2201,3,,0.0260439000558108,12355.0,759,9,,0.0667967000044882,11551.0,1074,5,,0.1480792000656947,11163.0,1606,3,
745,10976,12668.0,1.8614912000193728,wfa,0.3108150999760255,12943.0,2336,3,,0.0258319999556988,13755.0,809,9,,0.0712639999110251,13447.0,1144,5,,0.1579443999798968,13148.0,1730,3,
746,9702,10916.0,1.6686728999775369,wfa,0.3212116999784484,11201.0,2301,3,,0.0289702999871224,12195.0,776,9,,0.0701148000080138,11580.0,1104,5,,0.1500415999908,11287.0,1632,3,
747,10350,11780.0,1.7444885000004433,wfa,0.3173167000059038,12060.0,2325,3,,0.0265027999412268,13205.0,793,9,,0.0699464000063017,12624.0,1127,5,,0.1549301999621093,12402.0,1670,3,
748,10101,11637.0,1.714359900011914,wfa,0.3104459999594837,11921.0,2263,3,,0.0240316999843344,12695.0,779,9,,0.0687911000568419,12154.0,1098,5,,0.1653046000283211,11865.0,1664,3,
749,9984,11249.0,1.4441879999940284,wfa,0.3182055000215769,11512.0,2298,3,,0.0792424000101164,12946.0,796,9,,0.0700051999883726,11981.0,1117,5,,0.1482392000034451,11713.0,1645,3,
750,10872,12303.0,1.8437346999999136,wfa,0.3212360000470653,12634.0,2395,3,,0.0259865999687463,13903.0,818,9,,0.0704570999369025,13024.0,1165,5,,0.1578643000684678,12715.0,1729,3,
751,10686,12398.0,1.8529292000166608,wfa,0.3231641999445855,12718.0,2376,3,,0.0314787999959662,13749.0,822,9,,0.0716365000698715,12864.0,1159,5,,0.1606570000294596,12661.0,1710,3,
752,10853,12398.0,1.93041549998452,wfa,0.3239669000031426,12585.0,2383,3,,0.030287200002931,13870.0,815,9,,0.0738219000631943,13073.0,1157,5,,0.1618172000162303,12639.0,1705,3,
753,10527,11743.0,1.822220300004119,wfa,0.312099999981001,12076.0,2296,3,,0.0257426999742165,13252.0,806,9,,0.0720973999705165,13037.0,1144,5,,0.1582767000654712,12788.0,1752,3,
754,10246,11622.0,1.736740499996813,wfa,0.3207311000442132,12127.0,2330,3,,0.031203499995172,13158.0,801,9,,0.0733952999580651,12769.0,1150,5,,0.1546348000410944,12169.0,1700,3,
755,10536,12006.0,1.8049604000116235,wfa,0.3187985999975353,12353.0,2340,3,,0.0257600999902933,13501.0,804,9,,0.0699897999875247,12894.0,1137,5,,0.1535991999553516,12548.0,1710,3,
756,10582,12000.0,1.5334301999828313,wfa,0.32738359994255,12428.0,2380,3,,0.027393199969083,13463.0,817,9,,0.0718384999781847,12898.0,1161,5,,0.1646902998909354,12457.0,1721,3,
757,10596,11815.0,2.1362739999894984,wfa,0.3013512000907212,12193.0,2267,3,,0.0297907999483868,13151.0,781,9,,0.0732757999794557,12634.0,1111,5,,0.1545895000454038,12338.0,1668,3,
758,10648,12175.0,1.928062899998622,wfa,0.3112506000325084,12443.0,2309,3,,0.0270200000377371,13725.0,793,9,,0.0717214000178501,13051.0,1132,5,,0.1605320000089705,12786.0,1716,3,
759,10840,12439.0,1.7116973999945913,wfa,0.3285758000565693,12812.0,2401,3,,0.0309243000810965,13543.0,814,9,,0.0727248999755829,13158.0,1173,5,,0.1618666000431403,12876.0,1773,3,
760,10640,12655.0,1.9929081999871412,wfa,0.3309359000995755,13207.0,2393,3,,0.0273053999990224,14182.0,826,9,,0.0725077000679448,13351.0,1171,5,,0.1620232999557629,12687.0,1705,3,
761,10657,12007.0,1.9954403000010643,wfa,0.3225319000193849,12363.0,2357,3,,0.0280146000441163,13654.0,816,9,,0.0794291000347584,12952.0,1164,5,,0.1607387000694871,12609.0,1747,3,
762,10704,11962.0,1.965848299994832,wfa,0.3110077000455931,12325.0,2312,3,,0.0296689999522641,13872.0,797,9,,0.0729341000551357,13109.0,1132,5,,0.159795599989593,12930.0,1716,3,
763,10507,11797.0,1.856460299983155,wfa,0.3228470999747515,12069.0,2347,3,,0.027405499946326,13639.0,796,9,,0.0716680999612435,12916.0,1144,5,,0.1568050000350922,12651.0,1695,3,
764,9801,11157.0,1.6827365000208374,wfa,0.3204965000040829,11224.0,2280,2,,0.0243031999561935,12276.0,795,8,,0.0716091999784112,11712.0,1128,4,,0.1571243000216782,11754.0,1725,3,
765,10543,12462.0,1.7909971000044609,wfa,0.3209531999891624,12627.0,2354,3,,0.032102599972859,13841.0,811,9,,0.0702719999244436,12707.0,1141,5,,0.1570888999849558,12495.0,1678,3,
766,11339,12884.0,1.6480876000132412,wfa,0.3240706999786198,13666.0,2424,3,,0.026855899952352,14882.0,840,9,,0.0762143000029027,14132.0,1191,5,,0.1643613000633195,13635.0,1760,3,
767,10190,11484.0,1.762061100016581,wfa,0.3221087999409064,11712.0,2342,3,,0.0297960999887436,12704.0,789,9,,0.0697445999830961,11948.0,1125,5,,0.1503310999833047,11693.0,1690,3,
768,10720,12033.0,1.8277441000100223,wfa,0.319529699976556,12644.0,2333,3,,0.0262355000013485,13883.0,810,9,,0.0720296000363305,13151.0,1139,5,,0.1607702999608591,12522.0,1675,3,
769,10674,12030.0,1.8717086000251584,wfa,0.3251830000663176,12336.0,2377,3,,0.0261155000189319,13599.0,795,9,,0.072820600005798,12920.0,1135,5,,0.1601898999651894,12687.0,1705,3,
770,10543,11949.0,1.832318899978418,wfa,0.3155978999566287,12251.0,2328,3,,0.0341580000240355,13719.0,805,9,,0.0721345000201836,12949.0,1145,5,,0.1619929999578744,12614.0,1725,3,
771,10733,12088.0,1.823073300009128,wfa,0.3209733000257984,12453.0,2356,3,,0.0239472999237477,13414.0,791,9,,0.0708625999977812,12867.0,1139,5,,0.1592168000061065,12542.0,1711,3,
772,10505,11739.0,1.8083465000090653,wfa,0.317294199950993,12330.0,2310,3,,0.0258551000151783,13825.0,807,9,,0.0730667000170797,12885.0,1152,5,,0.15847149991896,12237.0,1717,3,
773,10110,11361.0,1.4506450000044424,wfa,0.3271665000356734,11657.0,2329,3,,0.0308391000144183,13027.0,797,9,,0.0726624999660998,12246.0,1149,5,,0.1570880999788642,11961.0,1694,3,
774,10977,12468.0,1.8613608999876303,wfa,0.3169087000424042,12645.0,2362,3,,0.0266016999958083,13751.0,815,9,,0.0737271000398323,13094.0,1171,5,,0.1676122000208124,12830.0,1752,3,
775,10577,12001.0,1.8247878999973184,wfa,0.3272921999450773,12421.0,2376,3,,0.0256825999822467,13580.0,802,9,,0.0711837999988347,12766.0,1153,5,,0.1602692999877035,12471.0,1699,3,
776,10347,11755.0,1.7549861000152305,wfa,0.3236621998948976,12126.0,2343,3,,0.0287140998989343,13258.0,795,9,,0.0709494999609887,12527.0,1139,5,,0.1560006000800058,12277.0,1680,3,
777,10739,12104.0,1.824200700008077,wfa,0.3089976001065224,12644.0,2299,3,,0.025858899927698,13755.0,786,9,,0.1280003000283613,13160.0,1115,5,,0.1615557000041008,12763.0,1693,3,
778,10319,11817.0,2.0583431999839377,wfa,0.3112638000166043,12165.0,2288,3,,0.0313068999676033,13312.0,808,9,,0.069671000004746,12526.0,1122,5,,0.1556234000017866,12290.0,1677,3,
779,10536,12032.0,1.5205977000005078,wfa,0.3282507000258192,12265.0,2370,3,,0.0260275000473484,13587.0,811,9,,0.07264660007786,12615.0,1152,5,,0.160693799960427,12313.0,1731,3,
780,10037,11290.0,1.7257247999950778,wfa,0.3342536001000553,11786.0,2369,3,,0.0252140000229701,12767.0,817,9,,0.0728651999961584,12021.0,1140,5,,0.1531240999465808,11881.0,1705,3,
781,10596,12208.0,1.7910293000168167,wfa,0.3279284000163898,12603.0,2379,3,,0.0308550000190734,13486.0,804,9,,0.0726572000421583,12985.0,1156,5,,0.1597943999804556,12788.0,1715,3,
782,10706,12240.0,1.5301503000082448,wfa,0.3347529999446124,12572.0,2424,3,,0.0266055999090895,13649.0,812,9,,0.0722109000198543,12657.0,1165,5,,0.1592719000764191,12392.0,1724,3,
783,10221,11690.0,1.9685617000213824,wfa,0.3333578000310808,11897.0,2349,3,,0.0263944000471383,13220.0,799,9,,0.0727371999528259,12103.0,1121,5,,0.1572021000320091,11867.0,1678,3,
784,10297,11603.0,1.7644680000084918,wfa,0.313618200016208,12036.0,2287,3,,0.0296589999925345,13157.0,782,9,,0.0709884000243619,12572.0,1111,5,,0.1556269000284373,12233.0,1680,3,
785,9917,11032.0,1.7281312999839429,wfa,0.3238640000345185,11642.0,2304,3,,0.0250941000413149,12765.0,795,9,,0.0723568999674171,12116.0,1128,5,,0.1558324999641627,11904.0,1673,3,
786,9937,11406.0,1.419944299996132,wfa,0.3113235998898744,11700.0,2254,3,,0.0305087000597268,12354.0,761,9,,0.0702784999739378,11998.0,1085,5,,0.1526822000741958,11712.0,1630,3,
787,10571,12136.0,1.795396699977573,wfa,0.3172654999652877,12604.0,2324,3,,0.0266089999349787,13502.0,795,9,,0.0707677999744191,12828.0,1130,5,,0.1607346000382676,12498.0,1689,3,
788,10244,11346.0,1.7588992999808395,wfa,0.3385621000779792,11749.0,2397,3,,0.0255744999740272,12868.0,811,9,,0.0733754000393673,12647.0,1172,5,,0.1578592000296339,12270.0,1743,3,
789,10201,11351.0,1.4816748999874108,wfa,0.3180391000350937,11850.0,2311,3,,0.030771299963817,12954.0,778,9,,0.0699634999036789,12007.0,1106,5,,0.1519593999255448,11718.0,1642,3,
790,10613,12236.0,1.8181497000041416,wfa,0.3189753000624478,12511.0,2352,3,,0.0273151999572291,13526.0,817,9,,0.0724664999870583,13082.0,1166,5,,0.1629864999558776,12801.0,1774,3,
791,10967,12753.0,1.9307637000165412,wfa,0.3102710999082774,13093.0,2321,3,,0.0267396999988704,13829.0,804,9,,0.0724280000431463,13429.0,1145,5,,0.1653573999647051,13185.0,1709,3,
792,11069,12412.0,1.8125532999983989,wfa,0.3265099000418558,12836.0,2435,3,,0.0340612001018598,14196.0,831,9,,0.073193599935621,13320.0,1181,5,,0.1638356999028474,13213.0,1758,3,
793,10354,11902.0,1.907459000009112,wfa,0.3314877999946475,12251.0,2386,3,,0.0265187999466434,13609.0,829,9,,0.074073199997656,12812.0,1179,5,,0.161144100013189,12511.0,1750,3,
794,10780,12660.0,1.8214986000093631,wfa,0.3220065999776125,12866.0,2378,3,,0.0303355000214651,13504.0,799,9,,0.0706004999810829,13048.0,1153,5,,0.1608648999826982,12743.0,1730,3,
795,11060,12451.0,1.8907866000081408,wfa,0.3297974000452086,12759.0,2408,3,,0.0269588000373914,13993.0,830,9,,0.07503980002366,13417.0,1182,5,,0.1709929999196902,13094.0,1750,3,
796,10546,12122.0,2.051298600010341,wfa,0.3307753999251872,12519.0,2381,3,,0.0269614000571891,13534.0,818,9,,0.0740391000872477,12950.0,1173,5,,0.1645999000174924,12708.0,1751,3,
797,10461,11960.0,1.863611400010996,wfa,0.3237604999449104,12227.0,2345,3,,0.0302217000862583,13607.0,814,9,,0.0735463999444618,12485.0,1150,5,,0.1558029999723658,12278.0,1707,3,
798,10347,11654.0,1.786651600006735,wfa,0.3179512999486178,12015.0,2324,3,,0.0260371000040322,13080.0,804,9,,0.0721036999020725,12623.0,1152,5,,0.1574006000300869,12309.0,1718,3,
799,10444,11897.0,1.4912199999962468,wfa,0.326743199955672,12158.0,2371,3,,0.0267953000729903,13210.0,810,9,,0.0729987000813707,12579.0,1153,5,,0.1601871999446302,12309.0,1730,3,
800,10644,12282.0,1.8065615999803413,wfa,0.3174098000163212,12551.0,2336,3,,0.0320235000690445,13683.0,818,9,,0.0727691000793129,12820.0,1145,5,,0.1612428000662475,12530.0,1732,3,
801,10911,12391.0,1.873268199997256,wfa,0.3224280000431463,12844.0,2361,3,,0.0265066999709233,13931.0,785,9,,0.0714098000898957,13170.0,1131,5,,0.1619349000975489,12721.0,1706,3,
802,10237,11302.0,1.6424057000258472,wfa,0.3217270000604912,11700.0,2304,3,,0.0311193999368697,13075.0,798,9,,0.0708941000048071,12597.0,1132,5,,0.1565545999910682,12358.0,1709,3,
803,10733,12122.0,1.838596299989149,wfa,0.400865999981761,12476.0,2419,3,,0.0254354000790044,13618.0,829,9,,0.072918500052765,12814.0,1158,5,,0.1588658000109717,12526.0,1754,3,
804,10219,11440.0,1.9158024000062144,wfa,0.3371013000141829,11795.0,2352,3,,0.0255416999571025,13031.0,802,9,,0.0714231999590992,12479.0,1147,5,,0.1574819999514147,12160.0,1689,3,
805,10490,11820.0,1.497714500001166,wfa,0.3343151999870315,12583.0,2405,3,,0.0340517000295221,14034.0,825,9,,0.0749656999250873,12935.0,1161,5,,0.1582341999746859,12537.0,1734,3,
806,10872,12550.0,1.840175099991029,wfa,0.325361100025475,12856.0,2396,3,,0.0269090000074356,14018.0,825,9,,0.072893499978818,13183.0,1169,5,,0.1624774999218061,12979.0,1767,3,
807,10797,12042.0,1.9396670999994967,wfa,0.3310988999437541,12493.0,2379,3,,0.0259924000129103,13697.0,811,9,,0.0707827999722212,13094.0,1154,5,,0.1628896999172866,12601.0,1715,3,
808,9833,11191.0,1.838144800014561,wfa,0.326539299916476,11595.0,2335,3,,0.0313500999473035,12590.0,803,9,,0.0713243000209331,11678.0,1125,5,,0.1535288000013679,11356.0,1693,3,
809,10566,12236.0,1.5676956000097562,wfa,0.3280758999753743,12776.0,2389,3,,0.0256741000339388,13896.0,813,9,,0.0715378000168129,13205.0,1150,5,,0.157666299957782,12572.0,1701,3,
810,10330,11532.0,1.978922300011618,wfa,0.3273400999605655,12157.0,2366,3,,0.0318310000002384,13252.0,807,9,,0.0724358999868854,12881.0,1154,5,,0.1552737000165507,12237.0,1706,3,
811,11092,12466.0,1.868509099993389,wfa,0.3288200000533834,13022.0,2423,3,,0.0259893999900668,14270.0,831,9,,0.0743027999997139,13616.0,1166,5,,0.1624733000062406,13132.0,1758,3,
812,10449,11721.0,1.6649729999771807,wfa,0.3301166999153793,12123.0,2383,3,,0.0253636999987065,13055.0,794,9,,0.0709867998957634,12447.0,1132,5,,0.1598880999954417,12298.0,1690,3,
813,9975,10984.0,1.724675000004936,wfa,0.3284100999590009,11291.0,2314,3,,0.0294275999767705,12321.0,768,9,,0.0719514000229537,11717.0,1113,5,,0.1581864000763744,11430.0,1630,3,
814,10987,12495.0,1.8702864999941085,wfa,0.338115599937737,12875.0,2462,3,,0.0267447000369429,13773.0,829,9,,0.0760219000512734,13321.0,1192,5,,0.1650828000856563,12771.0,1732,3,
815,10850,12358.0,1.7093751000065822,wfa,0.3213730999268591,12643.0,2362,3,,0.0265635999385267,14118.0,824,9,,0.0720052999677136,13139.0,1167,5,,0.1649448000825941,12962.0,1739,3,
816,10376,11963.0,1.9853579999762587,wfa,0.323823600076139,12224.0,2353,3,,0.0296670000534504,13240.0,793,9,,0.0700895999325439,12505.0,1131,5,,0.1560140000656247,12118.0,1701,3,
817,10365,11877.0,1.7577157000196166,wfa,0.3304907999699935,12273.0,2335,3,,0.026329500018619,13444.0,811,9,,0.072786399978213,12969.0,1155,5,,0.1593283000402152,12482.0,1705,3,
818,10114,11381.0,1.7341557999898214,wfa,0.3183941999450326,11944.0,2298,3,,0.0315142000326886,13033.0,787,9,,0.0713931999634951,12420.0,1112,5,,0.156103300047107,12061.0,1655,3,
819,10456,11792.0,1.516955200000666,wfa,0.3218771999236196,12014.0,2344,3,,0.0264135000761598,13129.0,795,9,,0.0722989001078531,12389.0,1147,5,,0.1596340999240055,12049.0,1691,3,
820,10248,11609.0,1.9201900999760253,wfa,0.3197277999715879,11965.0,2297,3,,0.0266599999740719,13495.0,816,9,,0.0734858000651001,12970.0,1150,5,,0.1593599000480026,12656.0,1726,3,
821,10357,11586.0,1.78116760001285,wfa,0.3192018000409007,12045.0,2317,3,,0.0300452000228688,13118.0,810,9,,0.071839699987322,12563.0,1140,5,,0.1569936999585479,12290.0,1701,3,
822,10210,11232.0,1.462137900001835,wfa,0.3348968999926001,11428.0,2390,2,,0.0253212999086827,12639.0,809,8,,0.0756436999654397,11797.0,1141,4,,0.152428500005044,11767.0,1688,3,
823,11074,12528.0,1.8736014000023715,wfa,0.3211276000365615,12854.0,2346,3,,0.0294162000063806,13823.0,802,9,,0.0736110999714583,12942.0,1139,5,,0.1702510000905022,12825.0,1727,3,
824,11256,13052.0,1.9733736000198403,wfa,0.3177859999705106,13625.0,2356,3,,0.0326149000320583,14664.0,820,9,,0.0733997999923303,13607.0,1152,5,,0.1626469000475481,13098.0,1721,3,
825,10666,12078.0,1.8723590000008696,wfa,0.3313315999694168,12483.0,2395,3,,0.0264444999629631,13174.0,812,9,,0.0721915999893099,12640.0,1150,5,,0.1566586000844836,12336.0,1707,3,
826,10656,12000.0,2.047846200002823,wfa,0.3305181999458,12295.0,2380,3,,0.0313930000411346,13602.0,795,9,,0.0724250000203028,12783.0,1129,5,,0.1579832999268546,12730.0,1699,3,
827,10256,12003.0,1.77059180001379,wfa,0.3298710000235587,12265.0,2331,3,,0.0251455999678,12934.0,803,9,,0.0714335000375285,12464.0,1135,5,,0.1595664999913424,12088.0,1716,3,
828,10417,12025.0,1.806657800014364,wfa,0.3011564000044018,12340.0,2241,3,,0.0277818000176921,13751.0,806,9,,0.0718336999416351,12769.0,1124,5,,0.1575624999823048,12529.0,1684,3,
829,10711,12083.0,1.5406690000090748,wfa,0.3425224999664351,12491.0,2431,3,,0.0303892999654635,13831.0,830,9,,0.0738265999825671,12953.0,1174,5,,0.1602489000651985,12736.0,1746,3,
830,10592,11890.0,2.027021799993236,wfa,0.3301325999200344,12213.0,2400,3,,0.0269985999912023,13717.0,811,9,,0.0742304999148473,13304.0,1155,5,,0.164175699930638,12923.0,1726,3,
831,10638,12005.0,1.8286933999916075,wfa,0.3140088999643922,12403.0,2273,3,,0.0279168999986723,13605.0,786,9,,0.0761832999996841,13156.0,1123,5,,0.1667091000126674,12884.0,1707,3,
832,10311,11489.0,1.5174131999956444,wfa,0.3294980999780819,12079.0,2371,3,,0.0308679000008851,13268.0,801,9,,0.0738713999744504,12685.0,1143,5,,0.1588963000103831,12077.0,1708,3,
833,10535,11709.0,1.952492100012023,wfa,0.3302078999113291,12040.0,2380,3,,0.0253508000168949,13116.0,802,9,,0.074222799972631,12458.0,1141,5,,0.1569480000762269,12152.0,1716,3,
834,10397,11838.0,2.059486699989065,wfa,0.317413100041449,12096.0,2304,3,,0.0308118000393733,13210.0,812,9,,0.072993200039491,12472.0,1136,5,,0.1540207000216469,12292.0,1708,3,
835,10403,11745.0,1.769331499992404,wfa,0.3195251000579446,12020.0,2303,3,,0.026358800008893,13128.0,796,9,,0.072918500052765,12375.0,1144,5,,0.1592931000050157,12165.0,1692,3,
836,11120,12685.0,1.9296502000070177,wfa,0.3311207999940961,13136.0,2433,3,,0.027596200001426,14512.0,852,9,,0.0741977000143379,13554.0,1189,5,,0.1654828999890014,13325.0,1774,3,
837,10473,11995.0,1.8436972000054084,wfa,0.3267133999615907,12346.0,2350,3,,0.0341032999567687,13703.0,807,9,,0.0722210999811068,12703.0,1135,5,,0.1629558999557048,12433.0,1696,3,
838,9991,11220.0,1.7402473000111058,wfa,0.3193647000007331,11497.0,2292,3,,0.0254720000084489,12745.0,784,9,,0.0704020999837666,11976.0,1127,5,,0.1573334999848157,11704.0,1692,3,
839,10366,11594.0,1.5018153000273742,wfa,0.3176673999987542,11913.0,2307,3,,0.0261723999865353,13313.0,794,9,,0.0706429000711068,12760.0,1129,5,,0.1684135000687092,12559.0,1693,3,
840,10328,11808.0,1.7547126999998,wfa,0.3278328999876976,12136.0,2362,3,,0.0324526999611407,13481.0,805,9,,0.0708674000343307,12656.0,1136,5,,0.1590906999772414,12394.0,1728,3,
841,10576,12014.0,1.7946086000010837,wfa,0.3300123999360949,12357.0,2386,3,,0.0263632000423967,13173.0,809,9,,0.0719813000177964,12836.0,1159,5,,0.1608602999476716,12652.0,1731,3,
842,9968,11309.0,1.726313699997263,wfa,0.3323591999942437,11574.0,2308,3,,0.0310388000216335,12394.0,794,9,,0.0727420999901369,11772.0,1135,5,,0.1555854000616818,11532.0,1696,3,
843,10273,11544.0,1.799742100003641,wfa,0.3347703000763431,11947.0,2373,3,,0.0267142000375315,13395.0,823,9,,0.0780322999926284,12421.0,1167,5,,0.1616700999438762,12170.0,1739,3,
844,10718,12044.0,1.847983400017256,wfa,0.3149806999135762,12388.0,2321,3,,0.0269304999383166,13259.0,784,9,,0.0719292999710887,12692.0,1133,5,,0.1638903999701142,12482.0,1704,3,
845,10238,11548.0,1.475784799986286,wfa,0.3307383999926969,12055.0,2372,3,,0.030864999978803,13309.0,811,9,,0.0742779000429436,12454.0,1134,5,,0.157165199983865,11992.0,1686,3,
846,10397,11735.0,1.770445500005735,wfa,0.3364263999974355,12010.0,2416,3,,0.0257226999383419,13543.0,825,9,,0.0741675000172108,12586.0,1167,5,,0.1599011000944301,12330.0,1732,3,
847,10376,11712.0,1.7982333000109063,wfa,0.3353498000651598,12030.0,2368,3,,0.0257795000215992,13107.0,809,9,,0.0727907000109553,12509.0,1153,5,,0.1587982999626547,12195.0,1696,3,
848,10335,11638.0,1.5001141999964602,wfa,0.316631400026381,11971.0,2282,3,,0.0877508999546989,13248.0,789,9,,0.0740008000284433,12578.0,1118,5,,0.1593200000934302,12272.0,1657,3,
849,10147,11324.0,1.7650882999878377,wfa,0.3182456000940874,11665.0,2284,3,,0.0264520000200718,13239.0,792,9,,0.0735264000250026,12360.0,1125,5,,0.1584867000347003,12019.0,1681,3,
850,10660,11942.0,1.8307124000275508,wfa,0.3214946999214589,12282.0,2339,3,,0.0279271000763401,13701.0,805,9,,0.0728571000508964,12819.0,1142,5,,0.1599264000542462,12501.0,1729,3,
851,10244,11670.0,1.911160399991786,wfa,0.3325640999246388,11848.0,2353,3,,0.0309580999892205,13040.0,809,9,,0.0737501999828964,12207.0,1149,5,,0.159791300073266,12006.0,1689,3,
852,10746,12340.0,1.835557999991579,wfa,0.332960500032641,12736.0,2430,3,,0.0290019999956712,14079.0,816,9,,0.073812699993141,12990.0,1174,5,,0.1627993999281898,12621.0,1760,3,
853,10365,11751.0,1.8389635999919849,wfa,0.3319540999364108,12079.0,2378,3,,0.0309700999641791,12945.0,806,9,,0.072054999996908,12366.0,1147,5,,0.1602806999580934,12055.0,1760,3,
854,10243,11740.0,1.775187699997332,wfa,0.3287134999409318,12045.0,2341,3,,0.025001100031659,13072.0,792,9,,0.0713227000087499,12348.0,1126,5,,0.1524546999717131,12122.0,1697,3,
855,10593,11872.0,1.5319670000171757,wfa,0.3374646999873221,12181.0,2420,3,,0.0250027999281883,13471.0,816,9,,0.0718000000342726,12601.0,1157,5,,0.1561718999873846,12312.0,1736,3,
856,10273,11608.0,1.955033400008688,wfa,0.3102810999844223,11893.0,2259,3,,0.0300732000032439,12935.0,795,9,,0.0703339000465348,12188.0,1111,5,,0.1547178999753669,11888.0,1684,3,
857,10483,11984.0,1.801112199987983,wfa,0.3407069999957457,12521.0,2427,3,,0.0257082000607624,13263.0,827,9,,0.0756089999340474,12612.0,1185,5,,0.1605881000868976,12152.0,1726,3,
858,11057,12941.0,1.6041931999789083,wfa,0.3159627999411896,13216.0,2369,3,,0.0265973999630659,14315.0,807,9,,0.073069000034593,13462.0,1137,5,,0.1628498000791296,13236.0,1705,3,
859,10163,11645.0,1.8442949999880511,wfa,0.3134874000679701,11910.0,2261,3,,0.0322011000243946,13168.0,779,9,,0.0727676999522373,12666.0,1125,5,,0.1612164999824017,12393.0,1720,3,
860,10595,12128.0,1.8325643000134733,wfa,0.3171400999417528,12490.0,2330,3,,0.0277802000055089,13551.0,815,9,,0.0743829000275582,13089.0,1156,5,,0.1632484999718144,12851.0,1734,3,
861,10489,12146.0,1.5281357000058051,wfa,0.3193994999164715,12442.0,2320,3,,0.0320596999954432,13613.0,808,9,,0.0738089999649673,12786.0,1137,5,,0.1626154000405222,12631.0,1689,3,
862,10649,11931.0,1.8048147000081367,wfa,0.3321600999915972,12305.0,2383,3,,0.0260720000369474,13319.0,806,9,,0.0731182000599801,12635.0,1143,5,,0.1583988000638783,12562.0,1721,3,
863,9999,11308.0,1.7251548999920487,wfa,0.3378571999492124,11576.0,2356,3,,0.0251293000765144,12983.0,809,9,,0.073084200033918,12126.0,1141,5,,0.1575017001014202,11855.0,1726,3,
864,9986,11384.0,1.7176107999985106,wfa,0.3260219999356195,11705.0,2286,3,,0.0306609999388456,12616.0,781,9,,0.0709198999684304,11919.0,1113,5,,0.1554880000185221,11637.0,1658,3,
865,10352,11541.0,1.5003842000151053,wfa,0.3284304999979213,11995.0,2351,3,,0.0251924999756738,13120.0,807,9,,0.0751110999844968,12395.0,1150,5,,0.1545379000017419,11945.0,1677,3,
866,9495,10733.0,1.6673193000024185,wfa,0.3063416000222787,11013.0,2167,3,,0.0243620999390259,12257.0,770,9,,0.0715039999922737,11442.0,1076,5,,0.1465670999605208,11101.0,1605,3,
867,10212,11256.0,1.7766387999872677,wfa,0.3287410999182611,11577.0,2316,3,,0.0289737000130116,12801.0,783,9,,0.0716086999746039,11937.0,1111,5,,0.1532596999313682,11627.0,1646,3,
868,9707,10744.0,1.3900395999953616,wfa,0.3224540000082925,11183.0,2276,3,,0.0255953000159934,12263.0,800,9,,0.0724786999635398,11578.0,1124,5,,0.1508275000378489,11085.0,1641,3,
869,10270,11537.0,1.764297699992312,wfa,0.3212913000024855,11971.0,2316,3,,0.0313562999945133,12944.0,801,9,,0.0728419000515714,12289.0,1142,5,,0.1617173999547958,12001.0,1696,3,
870,10576,12049.0,1.8397850999899676,wfa,0.3280282999621704,12294.0,2361,3,,0.0290101999416947,13911.0,820,9,,0.0764182999264448,12770.0,1151,5,,0.1681480000261217,12576.0,1697,3,
871,9964,11560.0,1.4502933000039775,wfa,0.3258965000277385,11709.0,2319,3,,0.025397399906069,12436.0,794,9,,0.0729441000148654,12029.0,1124,5,,0.1574022999266162,11707.0,1694,3,
872,10556,12010.0,1.8363030000182332,wfa,0.3392858000006526,12328.0,2412,3,,0.0318441999843344,13544.0,814,9,,0.0744507999625057,12615.0,1142,5,,0.1551875999430194,12283.0,1683,3,
873,10275,11572.0,1.931825600011507,wfa,0.3228289000689983,11787.0,2300,3,,0.026017100084573,13286.0,798,9,,0.0713958999840542,12251.0,1123,5,,0.1604884000262245,11993.0,1680,3,
874,10024,11268.0,1.4431230000045616,wfa,0.3202783999731764,11574.0,2272,3,,0.026115300017409,12819.0,792,9,,0.0733181999530643,12011.0,1123,5,,0.157370000029914,11767.0,1671,3,
875,10147,11607.0,1.738131299993256,wfa,0.3248346999753266,12029.0,2327,3,,0.032763099996373,13227.0,802,9,,0.0737137999385595,12490.0,1140,5,,0.155847999965772,12094.0,1699,3,
876,10449,11921.0,1.8324000000138767,wfa,0.3119469999801367,12073.0,2277,3,,0.0263773000333458,13572.0,790,9,,0.0726114000426605,12572.0,1123,5,,0.1577476999955251,12191.0,1676,3,
877,10448,12231.0,1.5185740999877453,wfa,0.3267708000494167,12459.0,2363,3,,0.0255439999746158,13692.0,807,9,,0.1267522999551147,12688.0,1143,5,,0.1580707000102847,12403.0,1692,3,
878,10072,11363.0,1.739853699982632,wfa,0.3466952999588102,11638.0,2405,3,,0.0306618999456986,13051.0,809,9,,0.0733236001105979,12221.0,1168,5,,0.1559666999382898,11931.0,1711,3,
879,10182,11527.0,1.736095400003251,wfa,0.3377450000261888,11810.0,2356,3,,0.0254761000396683,12765.0,805,9,,0.0741895999526605,11966.0,1137,5,,0.1581428999779746,11696.0,1677,3,
880,10594,12023.0,1.5271719000011217,wfa,0.3245325000025332,12374.0,2358,3,,0.0311999000841751,13692.0,813,9,,0.0722567000193521,12711.0,1149,5,,0.1606609999435022,12362.0,1730,3,
881,10171,11513.0,1.900002499984112,wfa,0.3389033999992534,11856.0,2373,3,,0.0250828999560326,13150.0,805,9,,0.0725837999489158,12549.0,1149,5,,0.1590813000220805,12211.0,1702,3,
882,10312,11432.0,1.8380635000066832,wfa,0.3157990999752655,11661.0,2254,3,,0.0257883000886067,12879.0,783,9,,0.0711882999166846,12401.0,1112,5,,0.1581565000815317,12021.0,1688,3,
883,10208,11770.0,1.7675155000179077,wfa,0.3373824000591412,12035.0,2375,3,,0.0319322000723332,12898.0,794,9,,0.0741705999244004,12272.0,1151,5,,0.1601685000350698,12035.0,1715,3,
884,10635,12252.0,1.5293340999924112,wfa,0.3329410000005737,12590.0,2401,3,,0.0273035999853163,13436.0,816,9,,0.0760258000809699,12749.0,1165,5,,0.1597233000211417,12413.0,1749,3,
885,10500,12248.0,1.969326399994316,wfa,0.3185504999710247,12390.0,2310,3,,0.0261104999808594,13222.0,787,9,,0.0718516999622806,12911.0,1125,5,,0.1616929000010714,12556.0,1680,3,
886,10460,12049.0,1.7814398999908008,wfa,0.3259247000096366,12592.0,2340,3,,0.0327418999513611,13603.0,803,9,,0.072543799993582,12928.0,1141,5,,0.1583746999967843,12417.0,1707,3,
887,10977,12258.0,1.5868823000055272,wfa,0.3276113000465557,12776.0,2374,3,,0.0268995999358594,14411.0,812,9,,0.0725159998983144,13570.0,1156,5,,0.1627586999675259,13094.0,1707,3,
888,10278,11640.0,2.063857400004053,wfa,0.3155613000271842,12161.0,2269,3,,0.0325799999991431,13328.0,791,9,,0.0713902999414131,12686.0,1110,5,,0.1589183999458328,12446.0,1677,3,
889,10546,11794.0,1.813577199995052,wfa,0.3371494999155402,12169.0,2417,3,,0.0265834999736398,13386.0,825,9,,0.0760613000020384,12820.0,1188,5,,0.1636985999066382,12517.0,1757,3,
890,9959,11186.0,1.718359699996654,wfa,0.3247103000758216,11449.0,2268,3,,0.0250768000259995,12540.0,785,9,,0.0709970999741926,11906.0,1106,5,,0.1518646000185981,11529.0,1654,3,
891,10873,12422.0,1.8377371999959,wfa,0.3330963000189513,12642.0,2409,3,,0.0323712000390514,13783.0,809,9,,0.0748573000309988,13100.0,1151,5,,0.166861500008963,12869.0,1720,3,
892,10027,11299.0,1.7481128000072204,wfa,0.3261652999790385,11744.0,2332,3,,0.0250844999682158,12837.0,803,9,,0.0744474000530317,12161.0,1128,5,,0.1584830000065267,11874.0,1721,3,
893,11037,12467.0,1.597309700009646,wfa,0.3218631000490859,12690.0,2336,3,,0.0293631999520584,13875.0,799,9,,0.0745209999149665,13101.0,1134,5,,0.1647376000182703,12778.0,1704,3,
894,10426,11765.0,2.0205725000123493,wfa,0.3291367000201717,12123.0,2349,3,,0.0305679000448435,13140.0,806,9,,0.0718465999234467,12653.0,1141,5,,0.1614364999113604,12511.0,1735,3,
895,10466,11796.0,1.8050781000056304,wfa,0.3308932000072673,12328.0,2365,3,,0.0266595999710261,13512.0,800,9,,0.0715917999623343,13229.0,1139,5,,0.1614348000148311,12558.0,1672,3,
896,10531,11988.0,1.801963000005344,wfa,0.3297625000122934,12204.0,2343,3,,0.0325436000712215,13542.0,807,9,,0.0726293999468907,12565.0,1144,5,,0.1637104999972507,12379.0,1723,3,
897,10559,11887.0,1.5786809000128414,wfa,0.3142179000424221,12376.0,2300,3,,0.0278509999625384,13919.0,818,9,,0.0736888999817892,13122.0,1139,5,,0.1668572999769821,12830.0,1710,3,
898,10391,11856.0,1.7756933000055142,wfa,0.3409488999750465,12161.0,2394,3,,0.0251884999452158,13139.0,794,9,,0.0744292000308632,12207.0,1137,5,,0.1578342999564483,11977.0,1674,3,
899,10166,11656.0,1.7478687000111677,wfa,0.3199748999904841,11942.0,2277,3,,0.0315602999180555,12988.0,808,9,,0.0734859000658616,12554.0,1142,5,,0.1595729000400751,12255.0,1705,3,
900,9891,11392.0,1.491168500011554,wfa,0.3259768000571057,11809.0,2299,3,,0.0259873999748379,12529.0,807,9,,0.0764976000646129,11908.0,1149,5,,0.1582946999697014,11615.0,1727,3,
901,10751,12151.0,1.8432947000255808,wfa,0.3237245000200346,12551.0,2349,3,,0.0259844999527558,13684.0,793,9,,0.0714303000131622,12964.0,1128,5,,0.1707591000013053,12436.0,1699,3,
902,11531,13299.0,2.2037268999847583,wfa,0.3452481999993324,13709.0,2517,3,,0.0333933000219985,14451.0,846,9,,0.076045099995099,14041.0,1216,5,,0.1721652999985963,13700.0,1809,3,
903,9801,11007.0,1.6591495999891777,wfa,0.3919455000432208,11347.0,2300,3,,0.025095299934037,12460.0,786,9,,0.0728808999992907,11767.0,1112,5,,0.1583491000346839,11414.0,1622,3,
904,10431,11662.0,1.7822478000016415,wfa,0.3398228000150993,12075.0,2404,3,,0.0339502000715583,13578.0,828,9,,0.0729370000772178,12401.0,1164,5,,0.160776300006546,12057.0,1738,3,
905,10626,11975.0,1.8224098999926357,wfa,0.3284768000012263,12227.0,2345,3,,0.0283468000125139,13292.0,787,9,,0.0729526000795885,12904.0,1120,5,,0.158140099956654,12686.0,1677,3,
906,10286,11763.0,1.7714532999962105,wfa,0.3395552000729367,11926.0,2377,3,,0.02608980005607,13050.0,811,9,,0.0740482000401243,12562.0,1167,5,,0.1605261999648064,12287.0,1725,3,
907,11323,12955.0,1.9452351000218189,wfa,0.3314206000650301,13166.0,2435,3,,0.0320924000116065,13935.0,830,9,,0.0740502000553533,13573.0,1175,5,,0.1673313000937923,13254.0,1743,3,
908,10706,12206.0,1.834810899978038,wfa,0.3078244000207633,12496.0,2270,3,,0.0264059000182896,13403.0,785,9,,0.0725815000478178,12970.0,1116,5,,0.1578746999148279,12661.0,1657,3,
909,10433,11936.0,1.7867960000003222,wfa,0.3204985000193119,12256.0,2305,3,,0.0272089999634772,13359.0,802,9,,0.0734270999673754,12569.0,1147,5,,0.17334470001515,12316.0,1739,3,
910,11456,13179.0,1.6671597000095062,wfa,0.3260443999897688,13449.0,2418,3,,0.0338469999842345,14641.0,829,9,,0.0744806999573484,13900.0,1180,5,,0.1668125999858603,13601.0,1780,3,
911,10504,11903.0,1.985009900003206,wfa,0.3097019999986514,12385.0,2252,3,,0.0261654999339953,13570.0,783,9,,0.0703952000476419,12944.0,1093,5,,0.1564952000044286,12619.0,1654,3,
912,10957,12715.0,1.956148299999768,wfa,0.3325315000256523,12951.0,2426,3,,0.0339796999469399,14178.0,834,9,,0.0741455999668687,13320.0,1176,5,,0.1694592999992892,13073.0,1775,3,
913,10144,11395.0,1.7083783999842126,wfa,0.3146762000396848,11748.0,2225,3,,0.027070999960415,12826.0,767,9,,0.0719876999501138,12192.0,1094,5,,0.1624093001009896,11952.0,1683,3,
914,10580,11920.0,1.822607699985383,wfa,0.3199088999535888,12231.0,2320,3,,0.0290874999482184,13652.0,787,9,,0.077101600007154,12894.0,1122,5,,0.1738695999374613,12561.0,1677,3,
915,10937,12294.0,1.8611105000018144,wfa,0.3260630000149831,12845.0,2366,3,,0.0319938000757247,14080.0,831,9,,0.0756921999854967,13432.0,1175,5,,0.1676157000474631,12907.0,1768,3,
916,10685,11905.0,1.84495239998796,wfa,0.3241370000177994,12227.0,2304,3,,0.0277562999399378,13682.0,813,9,,0.072527699987404,12851.0,1148,5,,0.1615480999462306,12493.0,1721,3,
917,11023,12699.0,1.5963020999915898,wfa,0.3399683999596163,13244.0,2453,3,,0.0271872000303119,14251.0,812,9,,0.0748958999756723,13556.0,1165,5,,0.171130400034599,13026.0,1711,3,
918,10616,11875.0,1.862055000005057,wfa,0.3316286000190303,12539.0,2374,3,,0.031253199907951,13853.0,808,9,,0.0724657999817282,13356.0,1155,5,,0.1641608000500127,12806.0,1749,3,
919,10464,11897.0,1.8185295999865048,wfa,0.3274382000090554,12351.0,2344,3,,0.0262676000129431,13337.0,795,9,,0.0721920999931171,12810.0,1145,5,,0.162586500053294,12487.0,1729,3,
920,10133,11501.0,1.4786136999900918,wfa,0.3238108000950888,11843.0,2307,3,,0.0314947000006213,12828.0,796,9,,0.074200400034897,12245.0,1139,5,,0.1565449000336229,12057.0,1714,3,
921,10168,11494.0,1.7476107999973465,wfa,0.3149446999887004,11887.0,2254,3,,0.0257052000379189,12718.0,781,9,,0.0711038999725133,12138.0,1114,5,,0.1535005000187084,11931.0,1669,3,
922,10727,12360.0,1.839634500007378,wfa,0.3287500999867916,12585.0,2387,3,,0.0280025000683963,14494.0,834,9,,0.0731864999979734,13541.0,1181,5,,0.1642334000207483,13115.0,1728,3,
923,10845,12111.0,1.581259400001727,wfa,0.3194230999797582,12359.0,2331,3,,0.0330242000054568,13618.0,804,9,,0.0726961999898776,12915.0,1135,5,,0.1617971999803558,12529.0,1695,3,
924,10826,12111.0,2.0100458999804687,wfa,0.3220648999558761,12583.0,2352,3,,0.0278704999946057,13850.0,815,9,,0.0728375000180676,13295.0,1170,5,,0.1628353999694809,12928.0,1715,3,
925,10745,12429.0,1.874320300004911,wfa,0.3380897999741137,12824.0,2424,3,,0.0337584000080823,13899.0,840,9,,0.0758120000828057,13308.0,1188,5,,0.167916200007312,12841.0,1736,3,
926,10445,11570.0,1.8178849999967497,wfa,0.3195621999911964,11888.0,2304,3,,0.0326631000498309,13005.0,794,9,,0.0721007999964058,12474.0,1134,5,,0.1606852000113576,12198.0,1724,3,
927,10518,11977.0,1.5187019000004511,wfa,0.323507499997504,12288.0,2321,3,,0.0279825000325217,13367.0,797,9,,0.07475719996728,12634.0,1133,5,,0.1612873000558465,12265.0,1684,3,
928,10215,11437.0,1.770832399983192,wfa,0.318886800087057,12104.0,2289,3,,0.0319575000321492,13697.0,814,9,,0.0735001000575721,12893.0,1136,5,,0.1558686000062152,12531.0,1690,3,
929,10649,12166.0,1.8129648999893109,wfa,0.3320762000512332,12521.0,2385,3,,0.0268051999155432,13554.0,822,9,,0.0759656999725848,12764.0,1176,5,,0.1657560999738052,12539.0,1752,3,
930,10526,12029.0,1.59389319998445,wfa,0.3121638000011444,12393.0,2268,3,,0.0267367000924423,13057.0,785,9,,0.0729390999767929,12577.0,1128,5,,0.1595569000346586,12247.0,1701,3,
931,10689,12103.0,1.8613605999853464,wfa,0.3203361999476328,12444.0,2331,3,,0.0318507999181747,13468.0,802,9,,0.0730977000202983,13117.0,1154,5,,0.1647171999793499,12633.0,1728,3,
932,10930,12431.0,1.855715899990173,wfa,0.3340883000055328,12812.0,2429,3,,0.0276109999977052,13923.0,818,9,,0.0756032000062987,13495.0,1173,5,,0.1709671000717207,13318.0,1753,3,
933,11432,13069.0,1.6567047999997158,wfa,0.3349766000173986,13346.0,2441,3,,0.0283644000301137,14516.0,825,9,,0.0757690001046285,13724.0,1172,5,,0.1703026000177487,13311.0,1772,3,
934,9753,11210.0,1.8580915000056848,wfa,0.324882399989292,11526.0,2297,3,,0.0292868000688031,12311.0,784,9,,0.0722572000231593,11776.0,1116,5,,0.1528431000187993,11359.0,1633,3,
935,10826,12431.0,1.8513535000092816,wfa,0.3395928000099957,12830.0,2411,3,,0.0276128000114113,13649.0,843,9,,0.0775418999837711,13322.0,1199,5,,0.1717099000234156,12942.0,1795,3,
936,10344,11755.0,1.8828456999908667,wfa,0.3260769000044092,12028.0,2325,3,,0.0333892999915406,13501.0,811,9,,0.0750564000336453,12716.0,1146,5,,0.1637178000528365,12513.0,1694,3,
937,10149,11587.0,1.4778373000153806,wfa,0.3208946000086143,11988.0,2290,3,,0.0254440000280737,12982.0,792,9,,0.0709878000197932,12099.0,1121,5,,0.1579119999660179,11824.0,1679,3,
938,10553,11930.0,1.798761599988211,wfa,0.3136594999814406,12167.0,2278,3,,0.0265488000586628,13265.0,797,9,,0.0743951000040397,12798.0,1130,5,,0.1653979000402614,12597.0,1721,3,
939,10046,11331.0,1.7344706000003498,wfa,0.3311311999568715,11776.0,2309,3,,0.0339491999475285,12927.0,795,9,,0.0718836999731138,12165.0,1127,5,,0.1561926000285893,11862.0,1691,3,
940,10883,12177.0,1.5750107000058051,wfa,0.3342319000512361,12489.0,2389,3,,0.0277925999835133,13718.0,813,9,,0.0742741000140085,13004.0,1166,5,,0.1677398000610992,12750.0,1743,3,
941,10660,12266.0,1.8964638999896124,wfa,0.3283107000170275,12580.0,2352,3,,0.0268492000177502,13474.0,808,9,,0.072549800039269,12983.0,1155,5,,0.1613981999689713,12702.0,1693,3,
942,10276,11593.0,1.9698675999825357,wfa,0.3171350000193342,11962.0,2259,3,,0.03126209997572,13204.0,788,9,,0.0713038999820128,12459.0,1114,5,,0.1592023000121116,12041.0,1641,3,
943,9839,11194.0,1.4364746999926865,wfa,0.3251874999841675,11522.0,2302,3,,0.0255088999401778,12445.0,778,9,,0.0725524999434128,11532.0,1105,5,,0.154871099977754,11198.0,1597,3,
944,11098,12563.0,1.8918326999992128,wfa,0.340556800016202,12970.0,2455,3,,0.0275772999739274,14061.0,830,9,,0.0756630999967455,13170.0,1170,5,,0.1676435000263154,13000.0,1738,3,
945,10438,11995.0,1.8891764999716545,wfa,0.3193101999349892,12252.0,2295,3,,0.0327063000295311,13099.0,804,9,,0.0753753000171855,12527.0,1143,5,,0.1603215000359341,12285.0,1701,3,
946,10829,12436.0,1.8526764999842271,wfa,0.3312047999352216,12680.0,2388,3,,0.027870999998413,13876.0,824,9,,0.0745357000268995,12990.0,1162,5,,0.1651077999267727,12794.0,1740,3,
947,10446,11963.0,1.9092314000008628,wfa,0.3271871999604627,12549.0,2351,3,,0.0328188999556005,13464.0,808,9,,0.0745072000427171,12940.0,1160,5,,0.163926100009121,12307.0,1725,3,
948,10769,12378.0,1.910104799986584,wfa,0.3174787999596447,12797.0,2334,3,,0.0274140000110492,13596.0,795,9,,0.0744254000019282,13221.0,1145,5,,0.1637393999844789,13069.0,1720,3,
949,10582,12154.0,2.169649599993136,wfa,0.3460994999622926,12396.0,2422,3,,0.0737334999721497,13263.0,811,9,,0.0742396999849006,12830.0,1151,5,,0.1643269000342115,12619.0,1696,3,
950,10078,11431.0,1.678679000004195,wfa,0.3276557999197393,11769.0,2330,3,,0.0312735999468714,12963.0,796,9,,0.0723796000238508,12166.0,1127,5,,0.157219500048086,11931.0,1670,3,
951,11024,12672.0,1.8937363000004552,wfa,0.3247128999792039,13214.0,2361,3,,0.026796199963428,14415.0,809,9,,0.0730498000048101,13538.0,1143,5,,0.1630348999751731,12992.0,1711,3,
952,11088,12497.0,2.0923427999950945,wfa,0.3263144999509677,12757.0,2379,3,,0.0270815000403672,13990.0,809,9,,0.0739959999918937,13356.0,1157,5,,0.1654676999896764,13196.0,1754,3,
953,10682,11869.0,1.8343237999943085,wfa,0.3305705999955535,12132.0,2336,3,,0.0325776000972837,13464.0,809,9,,0.0747496999101713,12610.0,1145,5,,0.1621022999752313,12342.0,1713,3,
954,10843,12357.0,1.9089784999960104,wfa,0.3338299000170082,12683.0,2412,3,,0.0281087000621482,14098.0,832,9,,0.0756722000660374,13389.0,1189,5,,0.1684328999835997,13227.0,1754,3,
955,10819,12640.0,2.0203216999943834,wfa,0.3239596999483183,13106.0,2332,3,,0.032074199989438,13925.0,827,9,,0.0770523999817669,13038.0,1153,5,,0.1625013999873772,12575.0,1722,3,
956,10184,11418.0,1.9461760999984108,wfa,0.3340893000131473,11749.0,2322,3,,0.0260299000656232,13018.0,814,9,,0.0749902999959886,12510.0,1155,5,,0.1579684999305755,12259.0,1707,3,
957,11093,12798.0,1.609459200000856,wfa,0.3315469999797642,13122.0,2383,3,,0.0310453000711277,14092.0,820,9,,0.0772793999640271,13460.0,1164,5,,0.1712652000132948,13172.0,1732,3,
958,10444,11813.0,1.9687807000009343,wfa,0.3271957000251859,12118.0,2320,3,,0.0316136999754235,13128.0,789,9,,0.072648899978958,12697.0,1123,5,,0.1661226000869646,12474.0,1681,3,
959,10373,11691.0,1.7777157000091393,wfa,0.3222025000723079,12058.0,2301,3,,0.0265013999305665,13274.0,799,9,,0.0724422999192029,12535.0,1131,5,,0.1583213999401778,12225.0,1694,3,
960,10336,11580.0,1.5517618999874685,wfa,0.3326636999845505,11988.0,2349,3,,0.0268080000532791,13121.0,804,9,,0.0735533999977633,12517.0,1147,5,,0.162598600029014,12184.0,1690,3,
961,10861,12255.0,1.8631032000121197,wfa,0.3380861000623554,12825.0,2399,3,,0.0326400999911129,14094.0,806,9,,0.072916799923405,13197.0,1153,5,,0.1649768999777734,12825.0,1715,3,
962,11183,12746.0,2.1503454000048805,wfa,0.3355184999527409,13103.0,2433,3,,0.0281090999487787,14222.0,829,9,,0.0754254999337717,13612.0,1176,5,,0.169001100002788,13371.0,1768,3,
963,10755,11980.0,1.7082694999990051,wfa,0.3373773000203073,12410.0,2398,3,,0.0320509999291971,13516.0,826,9,,0.0736292999936267,12840.0,1161,5,,0.1618139999918639,12700.0,1749,3,
964,10066,11146.0,1.8299233999860007,wfa,0.3126858999021351,11542.0,2215,3,,0.0267271000193431,12658.0,789,9,,0.0749522000551223,12071.0,1122,5,,0.1593621000647544,12033.0,1671,3,
965,10814,12328.0,1.8388488999917167,wfa,0.3317684000357985,12685.0,2378,3,,0.0274372999556362,13631.0,804,9,,0.072827500058338,13253.0,1164,5,,0.1617496999679133,13082.0,1722,3,
966,10896,12293.0,2.0866094999946654,wfa,0.3447496999287978,12702.0,2460,3,,0.0315798999508842,13871.0,830,9,,0.0767920999787747,13471.0,1183,5,,0.1684064000146463,13312.0,1778,3,
967,9847,11116.0,1.803082899976289,wfa,0.3297556999605149,11469.0,2303,3,,0.0257098999572917,12398.0,784,9,,0.0739342999877408,11875.0,1114,5,,0.1588793999981135,11620.0,1657,3,
968,10213,11350.0,1.777389900002163,wfa,0.3307458000490442,11677.0,2309,3,,0.0261567999841645,13115.0,803,9,,0.071912599960342,12114.0,1128,5,,0.1592791000148281,11794.0,1711,3,
969,11068,12768.0,1.8972432999871671,wfa,0.3398499999893829,13288.0,2455,3,,0.0336080999113619,14890.0,846,9,,0.0767846000380814,14130.0,1202,5,,0.1701302999863401,13539.0,1783,3,
970,10475,11790.0,1.709734899981413,wfa,0.3390575000084936,12117.0,2382,3,,0.0265177999390289,13211.0,803,9,,0.0729879999998956,12467.0,1147,5,,0.163795500062406,12190.0,1710,3,
971,10063,11515.0,1.7459742999926675,wfa,0.3355643000686541,11957.0,2347,3,,0.0307097000768408,12472.0,797,9,,0.0735352999763563,12293.0,1136,5,,0.159971100045368,11952.0,1709,3,
972,10567,12160.0,1.8482481999963056,wfa,0.3303178999340161,12365.0,2353,3,,0.0275102999294176,13442.0,816,9,,0.0751883999910205,12443.0,1158,5,,0.1614545000484213,12148.0,1748,3,
973,10435,11997.0,1.5294398000114595,wfa,0.3375482000410557,12664.0,2382,3,,0.026056700036861,13504.0,794,9,,0.0747731000883504,12758.0,1138,5,,0.1611276000039652,12264.0,1699,3,
974,9896,11224.0,1.8142440999799876,wfa,0.3392592999152839,11547.0,2359,3,,0.0318773000035434,12664.0,801,9,,0.0754738999530673,11647.0,1139,5,,0.1583532999502495,11454.0,1699,3,
975,10860,12257.0,1.855933200014988,wfa,0.3276820000028237,12621.0,2367,3,,0.0302616000408306,14464.0,821,9,,0.0763241000240668,13506.0,1172,5,,0.1702256000135094,13314.0,1772,3,
976,10497,12033.0,1.68831319999299,wfa,0.3361832000082358,12287.0,2353,3,,0.0269993999972939,13473.0,815,9,,0.0743828999111428,12674.0,1159,5,,0.1679543000645935,12437.0,1729,3,
977,10503,11846.0,1.7981239999935497,wfa,0.3401218999642879,12439.0,2393,3,,0.0334805001039058,13659.0,817,9,,0.127828299999237,12957.0,1164,5,,0.1612248999299481,12400.0,1719,3,
978,10022,11230.0,1.7853915999876335,wfa,0.3332706999499351,11697.0,2322,3,,0.0272783000255003,12741.0,783,9,,0.075577599927783,12039.0,1121,5,,0.1589266000082716,11748.0,1648,3,
979,10777,12401.0,1.86140609998256,wfa,0.3203835999593138,13022.0,2303,3,,0.0337477999273687,13772.0,795,9,,0.0730930999852716,13091.0,1139,5,,0.1610755999572575,12521.0,1677,3,
980,10857,12316.0,1.6105526000028476,wfa,0.3191136999521404,12578.0,2324,3,,0.0276098999893292,13740.0,790,9,,0.0754309999756515,13001.0,1134,5,,0.1705100999679416,12789.0,1691,3,
981,10382,11833.0,1.8544330000004263,wfa,0.3432903999928385,12108.0,2392,3,,0.0306144999340176,13436.0,808,9,,0.0747209000401198,12909.0,1162,5,,0.1663471000501886,12675.0,1746,3,
982,10682,11958.0,1.943562000000384,wfa,0.32631879998371,12335.0,2324,3,,0.0336178999859839,13291.0,806,9,,0.0738092000829055,12656.0,1132,5,,0.1640535000478848,12286.0,1686,3,
983,10474,11733.0,1.5153387000027578,wfa,0.3264257999835536,12046.0,2338,3,,0.0268729999661445,13361.0,800,9,,0.0724343999754637,12570.0,1136,5,,0.1599340999964624,12353.0,1694,3,
984,10985,12360.0,1.9452365000033751,wfa,0.3151374000590294,12683.0,2302,3,,0.02720849995967,13755.0,789,9,,0.0725865999702364,13100.0,1110,5,,0.1629987000487744,12789.0,1676,3,
985,10476,11787.0,1.9645490999973845,wfa,0.3302117999410257,12377.0,2327,3,,0.0320624000160023,13945.0,804,9,,0.0734836000483483,12918.0,1138,5,,0.1642662000376731,12284.0,1686,3,
986,10388,11900.0,1.6892558000108693,wfa,0.327295400085859,12014.0,2334,3,,0.0280906000407412,13273.0,806,9,,0.0733353999676182,12569.0,1150,5,,0.1645217000041157,12292.0,1714,3,
987,10384,11865.0,1.8521698999975345,wfa,0.3230751999653876,12210.0,2321,3,,0.0327674999134615,13281.0,800,9,,0.0729996999725699,12631.0,1135,5,,0.1664387000491842,12445.0,1683,3,
988,10671,11950.0,1.8386473999999,wfa,0.3261043999809772,12363.0,2358,3,,0.0264273000648245,13700.0,814,9,,0.0725416999775916,13082.0,1147,5,,0.1634091000305488,12883.0,1736,3,
989,10205,11193.0,1.8334965000103691,wfa,0.3222351999720558,11684.0,2281,3,,0.0267468000529333,12980.0,796,9,,0.0739109000423923,12194.0,1137,5,,0.1615793000673875,11930.0,1663,3,
990,10738,12172.0,1.6309864000068046,wfa,0.3325258999830112,12716.0,2378,3,,0.0318862999556586,13821.0,823,9,,0.0756148999789729,13503.0,1178,5,,0.1693104000296443,13234.0,1763,3,
991,10272,11617.0,1.9428361000027508,wfa,0.316835599951446,11897.0,2277,3,,0.026566999964416,13117.0,789,9,,0.0727869999827817,12415.0,1115,5,,0.1582688000053167,12099.0,1681,3,
992,10844,12226.0,1.8560593999864068,wfa,0.341118499985896,12588.0,2427,3,,0.0268620999995619,13791.0,822,9,,0.0739655999932438,13028.0,1162,5,,0.1836563000688329,12933.0,1776,3,
993,10761,12153.0,1.849930600001244,wfa,0.3320024999557063,12546.0,2382,3,,0.031820600037463,13734.0,808,9,,0.0730763999745249,12927.0,1144,5,,0.1606118999188766,12686.0,1729,3,
994,9864,10887.0,1.751019199989969,wfa,0.3361236000200733,11272.0,2325,3,,0.0294854000676423,12363.0,802,9,,0.0755946000572294,11676.0,1130,5,,0.153282199986279,11474.0,1680,3,
995,10529,12021.0,1.835873600008199,wfa,0.3265556000405922,12477.0,2330,3,,0.0318161000031977,13190.0,798,9,,0.0753030999330803,12678.0,1135,5,,0.1592547000618651,12368.0,1729,3,
996,10284,11502.0,1.56551740001305,wfa,0.3241569999372586,11886.0,2306,3,,0.0259191000368446,13609.0,809,9,,0.0731604000320658,12570.0,1126,5,,0.1579705999465659,12289.0,1708,3,
997,10309,11528.0,1.8006940000050236,wfa,0.3322025000816211,11897.0,2302,3,,0.0269840999972075,13169.0,801,9,,0.0720953999552875,12498.0,1126,5,,0.1625326999928802,12238.0,1702,3,
998,10728,12080.0,1.8314842999971008,wfa,0.3310065999394282,12499.0,2344,3,,0.0347791999811306,13448.0,792,9,,0.0727028000401333,12882.0,1133,5,,0.1635535999666899,12562.0,1697,3,
999,10581,11988.0,1.80610639997758,wfa,0.3449099999852478,12332.0,2408,3,,0.0284188999794423,13297.0,807,9,,0.0786630000220611,12840.0,1157,5,,0.1655115999747067,12639.0,1714,3,
