matrix_index,bvn_perms,bvn_cycle,bvn_runtime,bvn_matching,heavy_16_time,heavy_16_cycle,heavy_16_perms,heavy_16_planes,heavy_16_split,heavy_2_time,heavy_2_cycle,heavy_2_perms,heavy_2_planes,heavy_2_split,heavy_4_time,heavy_4_cycle,heavy_4_perms,heavy_4_planes,heavy_4_split,heavy_8_time,heavy_8_cycle,heavy_8_perms,heavy_8_planes,heavy_8_split
0,1130,7790.0,2.9337095999799203,heavy,0.8360926000168547,8414.0,1410,3,,2.129855400067754,11164.0,636,9,,0.1469743000343442,9738.0,867,5,,0.4155317000113427,9326.0,1150,3,
1,1132,8743.0,1.4658323999901768,heavy,1.029594299965538,9671.0,1446,3,,0.1172464000992477,12103.0,668,9,,0.1583332999143749,10831.0,915,5,,0.4629117000149563,10287.0,1200,3,
2,1129,8178.0,1.412607999984175,heavy,0.9039797999430448,8914.0,1450,3,,0.0330910000484436,11520.0,667,9,,0.1763103000121191,10178.0,913,5,,0.4330216000089422,9818.0,1214,3,
3,1108,7950.0,1.3885897000145633,heavy,0.8771868000039831,8670.0,1441,3,,0.0340365000301972,11204.0,673,9,,0.1632268000394106,9906.0,911,5,,0.429041700088419,9566.0,1192,3,
4,1109,8126.0,1.4183347999933176,heavy,0.9574357001110912,8782.0,1415,3,,0.0366394000593572,11210.0,668,9,,0.1845291000790894,9994.0,905,5,,0.4820239000255242,9662.0,1165,3,
5,1131,8907.0,1.4169787999999244,heavy,0.8800285999896005,9611.0,1479,3,,0.0312849000329151,12227.0,682,9,,0.1700653000734746,10955.0,935,5,,0.4597779000177979,10587.0,1244,3,
6,1148,7901.0,1.4653837000078056,heavy,0.9916361999930814,8605.0,1430,3,,0.0343465999467298,10823.0,653,9,,0.1638929999899119,9649.0,905,5,,0.4863988999277353,9333.0,1208,3,
7,1181,8173.0,1.5050998000078837,heavy,0.8366423998959363,8845.0,1417,3,,0.0290636999998241,11167.0,643,9,,0.1409786998992785,10369.0,892,5,,0.4266652999212965,10077.0,1205,3,
8,1121,8178.0,1.420457100000931,heavy,1.0097046999726444,8802.0,1379,3,,0.034091499983333,11410.0,662,9,,0.1677771999966353,10314.0,899,5,,0.4533466000575572,10002.0,1174,3,
9,1139,8759.0,1.4760493000212591,heavy,1.1043842999497429,9687.0,1463,3,,0.0464530999306589,12445.0,681,9,,0.2290940000675618,11175.0,938,5,,0.4836704999906942,10663.0,1262,3,
10,1082,8005.0,1.3461063000140712,heavy,0.8705695000244305,8629.0,1368,3,,0.0353344000177457,10851.0,652,9,,0.1626763000385835,9801.0,895,5,,0.4231849000789225,9461.0,1167,3,
11,1119,8391.0,1.444612599996617,heavy,0.9941033000359312,9015.0,1419,3,,0.0344283001031726,11505.0,660,9,,0.1739769000560045,10367.0,904,5,,0.44820250000339,10055.0,1225,3,
12,1085,8245.0,1.3424866999848746,heavy,0.9430135999573396,8901.0,1406,3,,0.0353387999348342,11543.0,662,9,,0.1619550000177696,10129.0,910,5,,0.4196215999545529,9813.0,1182,3,
13,1130,8055.0,1.4384662999946158,heavy,0.9472731999121606,8711.0,1400,3,,0.0428637000732123,11039.0,651,9,,0.1896085999906063,9923.0,894,5,,0.4918724000453949,9511.0,1188,3,
14,1127,7590.0,1.4124220000230707,heavy,0.8917141000274569,8214.0,1378,3,,0.0371761000715196,10486.0,641,9,,0.1601403000531718,9722.0,898,5,,0.4119822999928146,9366.0,1154,3,
15,1114,8496.0,1.4306094000057783,heavy,0.9096470000222324,9152.0,1403,3,,0.0371226000133901,11748.0,667,9,,0.1548403999768197,10232.0,889,5,,0.4384665000252425,9904.0,1185,3,
16,1149,8113.0,1.4595719999924768,heavy,0.9504493999993427,8705.0,1357,3,,0.0352488999487832,11157.0,671,9,,0.1656480999663472,10025.0,908,5,,0.4882344000507146,9689.0,1202,3,
17,1128,8710.0,1.4175423000124283,heavy,0.8850187000352889,9622.0,1447,3,,0.0422770000295713,12354.0,668,9,,0.2086336000356823,10870.0,912,5,,0.5046956000151113,10406.0,1200,3,
18,1148,8183.0,1.466616699995939,heavy,1.0427609001053495,8791.0,1379,3,,0.033945900038816,11299.0,661,9,,0.1734774999786168,10039.0,905,5,,0.4575512000592425,9815.0,1216,3,
19,1132,8277.0,1.4231468999932986,heavy,0.9047848000191152,8981.0,1414,3,,0.0326604000292718,11415.0,657,9,,0.1583663000492379,10041.0,893,5,,0.4370274000102654,9693.0,1160,3,
20,1126,8446.0,1.4443273000069894,heavy,0.987376100034453,9150.0,1436,3,,0.0375133000779897,11478.0,668,9,,0.1758089000359177,10378.0,908,5,,0.5217602000338957,10046.0,1179,3,
21,1140,7743.0,1.4448175000143235,heavy,0.9805007999530062,8351.0,1341,3,,0.0324480000417679,10795.0,636,9,,0.1628518999787047,9671.0,880,5,,0.4819140000035986,9327.0,1169,3,
22,1123,8168.0,1.41104949999135,heavy,0.9722615999635308,8824.0,1411,3,,0.0441668999847024,11490.0,646,9,,0.1941381000215187,10176.0,890,5,,0.4400171999586746,9856.0,1185,3,
23,1104,7910.0,1.4601019000110682,heavy,0.938869799952954,8790.0,1398,3,,0.0320862999651581,11232.0,653,9,,0.1700510000810027,10074.0,884,5,,0.4393890000646934,9454.0,1139,3,
24,1138,8103.0,1.5788760999857914,heavy,0.9111778999213128,8711.0,1359,3,,0.0354858000064268,11039.0,646,9,,0.1707764000166207,9875.0,896,5,,0.4543730000732466,9535.0,1138,3,
25,1146,7987.0,1.4563490000145976,heavy,0.8951851000310853,8563.0,1325,3,,0.0326701999874785,11155.0,647,9,,0.1589577000122517,9851.0,876,5,,0.4582221999298781,9467.0,1156,3,
26,1142,8057.0,1.4516587000107393,heavy,0.8624453999800608,8697.0,1404,3,,0.0399590999586507,11423.0,665,9,,0.1957338000647723,10333.0,922,5,,0.5050899999914691,9985.0,1183,3,
27,1092,8140.0,1.3565123000007588,heavy,0.790828000055626,8732.0,1316,3,,0.0369330999674275,11150.0,646,9,,0.2053181000519544,9972.0,881,5,,0.3965033000567928,9684.0,1180,3,
28,1126,8521.0,1.4302251000190154,heavy,0.8795956000685692,9177.0,1456,3,,0.0425681000342592,11575.0,661,9,,0.1580934000667184,10393.0,920,5,,0.4101797000039369,10137.0,1192,3,
29,1131,8305.0,1.4096744999988005,heavy,0.8854562999913469,9009.0,1468,3,,0.0378702000016346,11706.0,673,9,,0.1904431000584736,10153.0,919,5,,0.4272568000014871,9793.0,1190,3,
30,1102,8254.0,1.3930207999947015,heavy,0.9437366999918596,8846.0,1374,3,,0.0334330000914633,11276.0,665,9,,0.1609154000179842,10054.0,906,5,,0.4691326000029221,9654.0,1170,3,
31,1142,8309.0,1.4616405999986457,heavy,0.8910740999272093,8901.0,1386,3,,0.0310392999090254,11245.0,647,9,,0.1484769999515265,10117.0,882,5,,0.4117701998911798,9845.0,1186,3,
32,1134,8541.0,1.4587569999857806,heavy,0.9126298000337556,9213.0,1471,3,,0.0327341000083833,12005.0,677,9,,0.1612906999653205,10721.0,937,5,,0.4299090000567958,10397.0,1223,3,
33,1136,8641.0,1.449053799995454,heavy,0.95647899992764,9249.0,1370,3,,0.0322051999391987,11697.0,656,9,,0.1631198999239131,10513.0,913,5,,0.431531099951826,10177.0,1182,3,
34,1117,7749.0,1.3996255999954883,heavy,0.8248376999981701,8373.0,1375,3,,0.0307482000207528,10669.0,642,9,,0.1544291001046076,9605.0,884,5,,0.4322589000221342,9309.0,1171,3,
35,1120,8244.0,1.4289532999973744,heavy,0.997107999981381,8836.0,1330,3,,0.0333910000044852,11470.0,646,9,,0.1598229000810533,10445.0,895,5,,0.4687099000439048,10068.0,1163,3,
36,1125,8188.0,1.416208100010408,heavy,0.9075121999485418,8844.0,1389,3,,0.0317321999464184,11046.0,645,9,,0.1586512000067159,10248.0,894,5,,0.4299196999054402,9884.0,1176,3,
37,1128,7929.0,1.435173899983056,heavy,0.8840059000067413,8553.0,1381,3,,0.032306500012055,10863.0,639,9,,0.1640307999914512,9885.0,897,5,,0.4194372999481857,9545.0,1173,3,
38,1123,7861.0,1.4059530000085942,heavy,0.8630058000562713,8485.0,1379,3,,0.035033700056374,11061.0,661,9,,0.1643959000939503,9769.0,905,5,,0.4512264999793842,9477.0,1176,3,
39,1137,8747.0,1.4559202000091318,heavy,1.032181499991566,9323.0,1385,3,,0.0353872999548912,12107.0,675,9,,0.1759275000076741,10715.0,918,5,,0.4406950999982655,10427.0,1209,3,
40,1122,8381.0,1.4187932999921031,heavy,1.0204604000318795,9069.0,1421,3,,0.0337075000861659,11819.0,666,9,,0.1658314999658614,10369.0,906,5,,0.4432343000080436,9990.0,1182,3,
41,1120,8583.0,1.4616335000027902,heavy,1.000168400001712,9463.0,1387,3,,0.0339587000198662,12257.0,681,9,,0.1686845000367611,10859.0,931,5,,0.4641409000614658,10279.0,1228,3,
42,1146,7990.0,1.4910881999821868,heavy,0.9890969000989572,8614.0,1387,3,,0.0329724000766873,10924.0,659,9,,0.1633650000439956,9830.0,900,5,,0.4368582000024616,9486.0,1177,3,
43,1116,8198.0,1.426642000005813,heavy,0.8491577999666333,8822.0,1410,3,,0.0300196999451145,11304.0,662,9,,0.1524605999002233,10090.0,912,5,,0.4270451000193134,9806.0,1201,3,
44,1112,8270.0,1.3855548999854364,heavy,0.8789437001105398,8926.0,1404,3,,0.0315324000548571,11216.0,648,9,,0.1545189000898972,10242.0,899,5,,0.414647200028412,9862.0,1165,3,
45,1125,8212.0,1.4358256999985315,heavy,0.8600875999545678,8852.0,1409,3,,0.0322095999727025,11292.0,653,9,,0.1641713000135496,10080.0,897,5,,0.4376438999315724,9692.0,1170,3,
46,1123,8141.0,1.4201469999970868,heavy,0.818174900021404,8749.0,1374,3,,0.0391130000352859,11357.0,646,9,,0.1636889000656083,10041.0,887,5,,0.4043959999689832,9877.0,1200,3,
47,1120,8209.0,1.4202041999960784,heavy,0.8528580999700353,8881.0,1415,3,,0.031308599980548,11019.0,655,9,,0.1616373000433668,10025.0,895,5,,0.4260389000410214,9705.0,1199,3,
48,1121,7860.0,1.4246458999987226,heavy,0.8552060999209061,8500.0,1398,3,,0.0327426999574527,10700.0,652,9,,0.1568887999746948,9708.0,897,5,,0.420649400097318,9404.0,1189,3,
49,1122,8445.0,1.4188677000056489,heavy,0.9032954999711365,9325.0,1355,3,,0.0318119999719783,11879.0,663,9,,0.1650857999920845,10761.0,897,5,,0.4410168000031262,10077.0,1194,3,
50,1115,8468.0,1.420641200005775,heavy,0.8127242000773549,9156.0,1393,3,,0.0314580999547615,11734.0,677,9,,0.1600143000250682,10532.0,930,5,,0.4108488999772817,10124.0,1226,3,
51,1127,8203.0,1.4237948000081817,heavy,0.8848084000637755,8827.0,1412,3,,0.0340482000028714,11223.0,664,9,,0.1626063999719917,10291.0,904,5,,0.3965304000303149,9963.0,1220,3,
52,1112,7933.0,1.4244520000065677,heavy,0.8538612999254838,8557.0,1387,3,,0.0311167000327259,10745.0,645,9,,0.156300599919632,9953.0,901,5,,0.4530177999986335,9605.0,1182,3,
53,1152,8322.0,1.5072392000001855,heavy,0.8846306999912485,9010.0,1442,3,,0.0331287999870255,11450.0,665,9,,0.1619829999981448,10526.0,924,5,,0.438446499989368,10154.0,1222,3,
54,1139,8489.0,1.4548872000013944,heavy,0.927306899917312,9129.0,1442,3,,0.0338693000376224,11665.0,673,9,,0.1672045000595972,10397.0,924,5,,0.4572859000181779,10049.0,1191,3,
55,1103,7856.0,1.389163300016662,heavy,0.8916363000171259,8512.0,1416,3,,0.0312142999609932,10984.0,647,9,,0.1632430999306962,10024.0,906,5,,0.423048899974674,9592.0,1182,3,
56,1148,8506.0,1.4619473000057042,heavy,0.8745238999836147,9178.0,1446,3,,0.0323075999040156,11890.0,679,9,,0.21813779999502,10426.0,924,5,,0.4013253999873996,10034.0,1184,3,
57,1118,7959.0,1.424092400004156,heavy,0.9422865000087768,8583.0,1410,3,,0.032056700089015,10979.0,650,9,,0.1575370000209659,9875.0,891,5,,0.4044802000280469,9455.0,1168,3,
58,1117,7987.0,1.4740978000045288,heavy,0.8400853000348434,8627.0,1401,3,,0.0314897000789642,10967.0,658,9,,0.1548735999967903,9751.0,894,5,,0.4259178999345749,9507.0,1207,3,
59,1119,8007.0,1.4474047000112478,heavy,0.9246078000869602,8727.0,1472,3,,0.0309396999655291,11211.0,653,9,,0.1584179999772459,10187.0,921,5,,0.4607524999883026,9847.0,1216,3,
60,1107,7781.0,1.3890545000031125,heavy,0.8630546999629587,8389.0,1377,3,,0.0314823000226169,10981.0,650,9,,0.159435199922882,9601.0,880,5,,0.3966246000491082,9349.0,1170,3,
61,1166,8818.0,1.519004000001587,heavy,0.9621317000128328,9842.0,1490,3,,0.0337603000225499,12244.0,674,9,,0.172431300044991,11374.0,951,5,,0.4867728999815881,10698.0,1253,3,
62,1116,7838.0,1.4262412000098266,heavy,0.8906630000565201,8510.0,1384,3,,0.0321233998984098,10724.0,644,9,,0.1575583999510854,9642.0,877,5,,0.3990629999898374,9342.0,1149,3,
63,1133,8401.0,1.6717714999977034,heavy,0.9010912999510764,9137.0,1454,3,,0.0321737000485882,11621.0,657,9,,0.1529335000086575,10509.0,915,5,,0.389845099998638,10073.0,1173,3,
64,1136,8436.0,1.5096938000060618,heavy,0.8652190000284463,9076.0,1417,3,,0.0321415999205783,11306.0,657,9,,0.1516426000744104,10536.0,904,5,,0.4100534999743104,10204.0,1193,3,
65,1118,7823.0,1.431679000001168,heavy,0.8867744000162929,8479.0,1416,3,,0.0337930000387132,11007.0,649,9,,0.1539304000325501,9880.0,898,5,,0.4047952000983059,9551.0,1185,3,
66,1095,7958.0,1.388446800003294,heavy,0.8336263000965118,8582.0,1377,3,,0.0308050999883562,11010.0,645,9,,0.144224900053814,9930.0,881,5,,0.39132219995372,9591.0,1165,3,
67,1114,7956.0,1.4165107999870088,heavy,0.8400727999396622,8596.0,1362,3,,0.03921590000391,11086.0,642,9,,0.1610644999891519,10140.0,900,5,,0.4038313999772072,9780.0,1187,3,
68,1122,7901.0,1.4106487999961246,heavy,0.8805164999794215,8557.0,1413,3,,0.0376269000116735,10897.0,646,9,,0.153750899946317,9849.0,899,5,,0.5347021999768913,9429.0,1184,3,
69,1118,7851.0,1.4444337000022642,heavy,0.9534180000191554,8587.0,1388,3,,0.0334053999977186,10937.0,643,9,,0.1644225999480113,9879.0,890,5,,0.4372934999410063,9531.0,1157,3,
70,1125,7667.0,1.435100299975602,heavy,0.8501412000041455,8307.0,1372,3,,0.0317353999707847,10619.0,646,9,,0.1557586999842897,9615.0,878,5,,0.3958946999628097,9323.0,1196,3,
71,1100,8073.0,1.381072399992263,heavy,0.9466857999796048,8681.0,1347,3,,0.0333438999950885,11037.0,662,9,,0.1575888000661507,9913.0,910,5,,0.4182852000230923,9617.0,1225,3,
72,1121,8119.0,1.451481900003273,heavy,0.9765416000736876,8759.0,1419,3,,0.0365819999715313,11089.0,661,9,,0.1680580999236554,10299.0,912,5,,0.4815099000697955,9919.0,1189,3,
73,1117,7807.0,1.40968630000134,heavy,0.8453223999822512,8415.0,1296,3,,0.0299434999469667,11135.0,631,9,,0.1485551999649033,9927.0,864,5,,0.4091005999362096,9527.0,1159,3,
74,1094,8010.0,1.4227605999913069,heavy,0.9233887000009418,8618.0,1362,3,,0.0333122999873012,11210.0,641,9,,0.1642134999856352,9950.0,881,5,,0.4409164999378845,9626.0,1161,3,
75,1107,8209.0,1.4084519000025466,heavy,1.0137341000372544,8945.0,1447,3,,0.0341944999527186,11213.0,657,9,,0.1579210000345483,10185.0,902,5,,0.4324215999804437,9889.0,1168,3,
76,1125,8105.0,1.440107700007502,heavy,0.8616183999693021,8761.0,1367,3,,0.0353972999146208,11225.0,654,9,,0.1542591999750584,10101.0,902,5,,0.425022599985823,9721.0,1200,3,
77,1106,8543.0,1.422480999986874,heavy,0.9161241999827324,9151.0,1429,3,,0.0353328998899087,11467.0,669,9,,0.1766566999722272,10499.0,918,5,,0.5061996999429539,10247.0,1219,3,
78,1103,7833.0,1.415132199996151,heavy,0.8443092999514192,8425.0,1341,3,,0.0313250999897718,10821.0,636,9,,0.1572651000460609,9737.0,886,5,,0.4157765000127256,9601.0,1162,3,
79,1126,8295.0,1.4394287999894004,heavy,0.962638400029391,8887.0,1360,3,,0.0336729000555351,11525.0,659,9,,0.1657740999944508,10163.0,892,5,,0.4642899000318721,9831.0,1201,3,
80,1099,8143.0,1.3855115000042133,heavy,0.9165487999562174,8751.0,1364,3,,0.0330922999419271,11097.0,651,9,,0.1600545999826863,10072.0,883,5,,0.4254344999790191,9823.0,1201,3,
81,1143,8275.0,1.460571900010109,heavy,0.9465260000433772,8899.0,1425,3,,0.0356916000600904,11267.0,659,9,,0.156784399994649,10080.0,900,5,,0.4355922000249848,9683.0,1170,3,
82,1118,7904.0,1.4385889999975916,heavy,0.8231749000260606,8784.0,1398,3,,0.0326738000148907,11164.0,642,9,,0.1478785000508651,10000.0,895,5,,0.4011126999976113,9432.0,1169,3,
83,1095,8249.0,1.3623413000022992,heavy,0.8753088000230491,8937.0,1429,3,,0.0344950000289827,11553.0,671,9,,0.1616496000206098,10185.0,911,5,,0.4158851999090984,9809.0,1197,3,
84,1146,8557.0,1.48276579999947,heavy,0.8400515000103042,9181.0,1394,3,,0.0331955000292509,11617.0,682,9,,0.164879500051029,10665.0,941,5,,0.4668827999848872,10293.0,1211,3,
85,1117,8034.0,1.433730499993544,heavy,0.9806411999743432,8690.0,1368,3,,0.0332235000096261,11092.0,656,9,,0.1623527000192552,10046.0,901,5,,0.4740683999843895,9722.0,1210,3,
86,1119,8087.0,1.4229365999926813,heavy,0.8596575000556186,8967.0,1393,3,,0.0324675999581813,11211.0,670,9,,0.1623380000237375,10387.0,915,5,,0.4255199000472203,9895.0,1227,3,
87,1109,8234.0,1.430573399993591,heavy,0.8836270000319928,8890.0,1383,3,,0.0321148000657558,11268.0,652,9,,0.1554063000949099,10178.0,896,5,,0.4408045000163838,9850.0,1190,3,
88,1126,8513.0,1.4464255000057165,heavy,0.832320100045763,9105.0,1348,3,,0.0474402999971061,11695.0,666,9,,0.173418499995023,10537.0,914,5,,0.4700900000752881,10241.0,1198,3,
89,1104,8332.0,1.4121150000137277,heavy,1.0361831999616695,9004.0,1427,3,,0.0389285000273957,11492.0,670,9,,0.17485690000467,10412.0,925,5,,0.483702199999243,10068.0,1201,3,
90,1134,8425.0,1.4762205999868456,heavy,0.8567529999418184,9129.0,1434,3,,0.0322727001039311,11641.0,663,9,,0.1671527000144124,10497.0,924,5,,0.4567118999548256,10145.0,1216,3,
91,1112,7584.0,1.407951500004856,heavy,0.9058944999706,8176.0,1345,3,,0.0369222000008448,10648.0,648,9,,0.1731941999169066,9328.0,866,5,,0.448039099923335,9064.0,1181,3,
92,1109,8324.0,1.4418560000194702,heavy,0.9076454000314698,8948.0,1411,3,,0.0334649999858811,11452.0,663,9,,0.1552464000415057,10256.0,912,5,,0.4212989000370726,9884.0,1169,3,
93,1122,7729.0,1.4588703000044916,heavy,0.933102099923417,8369.0,1383,3,,0.0339551999932155,10835.0,645,9,,0.1556089000077918,9825.0,896,5,,0.4169428000459447,9513.0,1178,3,
94,1095,8057.0,1.434293099999195,heavy,0.9856069000670686,8921.0,1403,3,,0.0344724999740719,11341.0,659,9,,0.1724510999629274,10309.0,897,5,,0.4767277000937611,9729.0,1185,3,
95,1128,8407.0,1.4766397000057625,heavy,0.8667974000563845,9031.0,1398,3,,0.0350149000296369,11261.0,665,9,,0.1609523999504745,10151.0,911,5,,0.4377103999722749,9807.0,1186,3,
96,1109,7715.0,1.4121962999925015,heavy,1.0581054999493062,8371.0,1373,3,,0.0355082999449223,10647.0,639,9,,0.1617776999482885,9659.0,892,5,,0.4175638000015169,9299.0,1148,3,
97,1098,7924.0,1.4361876000184566,heavy,0.936804800061509,8292.0,1391,2,,0.0320964999264106,10696.0,650,8,,0.1532120999181643,9824.0,895,4,,0.4353761000093072,9684.0,1189,3,
98,1102,8157.0,1.4290652000054251,heavy,0.8756614000303671,8797.0,1438,3,,0.0815063000191003,10933.0,640,9,,0.1626500999554991,9997.0,898,5,,0.4281135998899117,9581.0,1165,3,
99,1129,8570.0,1.4545469000004232,heavy,0.8755891000619158,9226.0,1427,3,,0.0316846000496298,11750.0,652,9,,0.1511688999598845,10595.0,894,5,,0.4027792999986559,10274.0,1184,3,
100,1147,8061.0,1.6692220999975689,heavy,1.079297999967821,8717.0,1420,3,,0.0384696000255644,10967.0,649,9,,0.1694935000268742,10053.0,905,5,,0.4267483000876382,9805.0,1214,3,
101,1126,8197.0,1.470434999995632,heavy,0.9624783999752252,8821.0,1437,3,,0.0350818999577313,11147.0,664,9,,0.1598305999068543,9913.0,901,5,,0.4342549999710172,9581.0,1173,3,
102,1113,8206.0,1.421933200006606,heavy,0.8648031000047922,8798.0,1399,3,,0.0349844000302255,11240.0,662,9,,0.2078094000462442,10254.0,912,5,,0.4566714999964461,9982.0,1231,3,
103,1130,8283.0,1.4911616999888793,heavy,0.8612339999526739,8907.0,1396,3,,0.0316433000843972,11287.0,649,9,,0.1527918999781832,10299.0,877,5,,0.438001099973917,9971.0,1189,3,
104,1115,8203.0,1.4495767999906093,heavy,0.91615130007267,8859.0,1396,3,,0.0356175999622792,11113.0,671,9,,0.1615399000002071,10255.0,926,5,,0.4505787999369204,9947.0,1235,3,
105,1125,7787.0,1.4575536000193097,heavy,0.9209826999576762,8379.0,1325,3,,0.0311258999863639,10559.0,627,9,,0.14976589998696,9639.0,867,5,,0.4249445999739691,9331.0,1148,3,
106,1148,8528.0,1.5108898999751543,heavy,1.065116100013256,9184.0,1450,3,,0.0349794999929145,11649.0,666,9,,0.1740730999736115,10576.0,914,5,,0.4734416001010686,10288.0,1222,3,
107,1143,8609.0,1.505589800013695,heavy,0.8646957000019029,9249.0,1410,3,,0.0334090000251308,11733.0,676,9,,0.1710096000460907,10641.0,919,5,,0.4701668999623507,10281.0,1221,3,
108,1105,8201.0,1.4097404000058305,heavy,0.8665428999811411,8841.0,1389,3,,0.0448979999637231,11543.0,667,9,,0.2206617000047117,10297.0,901,5,,0.4460165000054985,9945.0,1184,3,
109,1139,8452.0,1.4972934999968857,heavy,0.8443292999872938,9348.0,1408,3,,0.0335364000638946,11850.0,661,9,,0.1653032000176608,10776.0,922,5,,0.4154106000205502,10084.0,1192,3,
110,1096,8142.0,1.4186139000230469,heavy,0.910354100051336,8782.0,1409,3,,0.0309898999985307,10876.0,644,9,,0.1556863998994231,10198.0,891,5,,0.4303675999399274,9830.0,1188,3,
111,1140,8181.0,1.4886453000071924,heavy,0.9092426999704912,8805.0,1374,3,,0.0359121999936178,11175.0,651,9,,0.1728656000923365,10001.0,888,5,,0.4087027000496164,9629.0,1170,3,
112,1130,8248.0,1.4789166999980807,heavy,0.9990819999948144,8888.0,1388,3,,0.0342452999902889,11320.0,654,9,,0.1667947999667376,10156.0,906,5,,0.4158605999546125,9824.0,1168,3,
113,1099,8181.0,1.4266823999932967,heavy,0.9967627000296488,8773.0,1374,3,,0.0351779999909922,11337.0,658,9,,0.1708309000823646,10161.0,902,5,,0.4105363000417128,9805.0,1154,3,
114,1121,7819.0,1.4621310000075027,heavy,0.8952079999726266,8459.0,1385,3,,0.0322532000718638,10517.0,644,9,,0.1565766000421717,9659.0,890,5,,0.4595772000029683,9291.0,1173,3,
115,1154,8437.0,1.536043600004632,heavy,0.8627724000252783,9061.0,1391,3,,0.033598699956201,11605.0,645,9,,0.1562816000077873,10149.0,881,5,,0.4003278999589383,9837.0,1148,3,
116,1138,8573.0,1.475292899995111,heavy,0.9070958000374958,9213.0,1421,3,,0.0354229999938979,11589.0,666,9,,0.1668656000401824,10633.0,921,5,,0.4499937000218779,10325.0,1248,3,
117,1143,8490.0,1.5104837999970189,heavy,0.9770640999777244,9146.0,1418,3,,0.0332767999498173,11624.0,664,9,,0.1678145000478252,10466.0,918,5,,0.4612568999873474,10082.0,1189,3,
118,1100,7630.0,1.4207607000134883,heavy,0.917717200005427,8318.0,1453,3,,0.0337722999975085,10508.0,650,9,,0.1841091000242158,9558.0,895,5,,0.4318363999482244,9214.0,1179,3,
119,1143,8315.0,1.5268991000193637,heavy,0.8977538000326604,8971.0,1406,3,,0.0346311000175774,11603.0,665,9,,0.1613179000560194,10075.0,903,5,,0.4321611999766901,9755.0,1178,3,
120,1137,8584.0,1.5106576000107452,heavy,0.993744199979119,9464.0,1397,3,,0.0329695000546053,12046.0,662,9,,0.1645855999086052,10836.0,918,5,,0.4656859999522567,10280.0,1186,3,
121,1134,8330.0,1.4904576999833807,heavy,1.023280099965632,9018.0,1473,3,,0.0358164000790566,11586.0,661,9,,0.1768724001012742,10662.0,921,5,,0.518455500015989,10202.0,1185,3,
122,1112,7661.0,1.4476633000012953,heavy,0.9971427000127732,8301.0,1329,3,,0.0311645000474527,10557.0,632,9,,0.1589962999569252,9505.0,869,5,,0.4406701000407338,9157.0,1127,3,
123,1111,8306.0,1.382210200012196,heavy,0.8141661999979988,8914.0,1357,3,,0.0366396999452263,11500.0,662,9,,0.1542992000468075,10334.0,911,5,,0.4377957000397146,10034.0,1212,3,
124,1113,7829.0,1.5066723999916576,heavy,0.934318199986592,8437.0,1385,3,,0.0502474999520927,10825.0,657,9,,0.220239800051786,9629.0,894,5,,0.4959206000203267,9261.0,1193,3,
125,1139,8149.0,1.4551805999944918,heavy,0.9002369999652728,8789.0,1440,3,,0.0329630000051111,11501.0,670,9,,0.1639195999596268,10125.0,922,5,,0.4804047000361606,9965.0,1199,3,
126,1125,7971.0,1.4220612999924924,heavy,0.8830845999764279,8579.0,1387,3,,0.0335751000093296,10973.0,656,9,,0.1649608000880107,10059.0,912,5,,0.4063911000266671,9707.0,1205,3,
127,1108,8094.0,1.42035400000168,heavy,0.8890659000026062,8926.0,1369,3,,0.0361408999888226,11104.0,650,9,,0.1667419000295922,10082.0,883,5,,0.4097084999084472,9542.0,1169,3,
128,1115,8294.0,1.4189236999955028,heavy,1.0266167999943718,8902.0,1417,3,,0.0344519999343901,11556.0,653,9,,0.1630130000412464,10354.0,900,5,,0.4404293999541551,9974.0,1196,3,
129,1162,7944.0,1.5043346000020392,heavy,1.031809399952181,8584.0,1417,3,,0.0355554000707343,10966.0,662,9,,0.1629442000994458,9740.0,889,5,,0.4416117999935522,9392.0,1197,3,
130,1096,8441.0,1.3673297000059392,heavy,0.9258413000497968,9033.0,1345,3,,0.0324164000339806,11353.0,653,9,,0.1659562999848276,10278.0,898,5,,0.4395670000230893,9993.0,1189,3,
131,1129,8161.0,1.4472590000077616,heavy,1.047182200010866,8849.0,1439,3,,0.0386523000197485,11317.0,670,9,,0.1676404000027105,10069.0,913,5,,0.4848653000080958,9649.0,1183,3,
132,1122,7985.0,1.520788299996639,heavy,1.129637200036086,8657.0,1415,3,,0.0334983000066131,11105.0,653,9,,0.2118962999666109,9918.0,904,5,,0.5018737999489531,9441.0,1165,3,
133,1140,7966.0,1.507121400005417,heavy,1.1495019999565557,8590.0,1386,3,,0.0328882999019697,10946.0,631,9,,0.1598336000461131,9726.0,876,5,,0.4583226999966427,9414.0,1154,3,
134,1138,8372.0,1.5532548000046518,heavy,0.973496500053443,8980.0,1376,3,,0.0362464999780058,11734.0,664,9,,0.1798966000787913,10348.0,911,5,,0.5318132999818772,9988.0,1226,3,
135,1139,8366.0,1.5106689999811351,heavy,1.019118000054732,8942.0,1362,3,,0.0345354999881237,11566.0,656,9,,0.163772500003688,10586.0,910,5,,0.4405200999462977,10198.0,1199,3,
136,1145,8792.0,1.6710882000043057,heavy,0.8678978000534698,9416.0,1416,3,,0.0318405999569222,12118.0,681,9,,0.1590566999511793,10796.0,930,5,,0.4281241000862792,10480.0,1230,3,
137,1121,8707.0,1.4285285999940245,heavy,0.9088718000566588,9363.0,1420,3,,0.0337120000040158,11919.0,675,9,,0.1775695999385789,10855.0,936,5,,0.4703121000202372,10555.0,1243,3,
138,1121,8007.0,1.4565172999864444,heavy,0.9015776999294758,8679.0,1432,3,,0.0331519999308511,11099.0,649,9,,0.1635843000840395,9727.0,886,5,,0.4222085000947118,9399.0,1150,3,
139,1107,8467.0,1.41864849999547,heavy,0.9311938000610098,9091.0,1418,3,,0.0329071000451222,11695.0,655,9,,0.1652185000712052,10567.0,903,5,,0.473120899987407,10227.0,1174,3,
140,1166,8232.0,1.487346100009745,heavy,0.9299374999245628,9096.0,1410,3,,0.0340506000211462,11670.0,671,9,,0.1616195000242442,10512.0,901,5,,0.4672242000233382,9904.0,1195,3,
141,1124,8399.0,1.4364150000037623,heavy,1.1229125999379903,9055.0,1416,3,,0.0395252000307664,11511.0,653,9,,0.1787149000447243,10351.0,888,5,,0.4629056999692693,10015.0,1185,3,
142,1111,8072.0,1.4123488999903202,heavy,0.9315629999618976,9000.0,1421,3,,0.0383037000428885,11490.0,674,9,,0.1738496000180021,10356.0,914,5,,0.4991479999152943,9792.0,1192,3,
143,1144,8626.0,1.4707474000169896,heavy,0.8668044999940321,9506.0,1395,3,,0.0429032000247389,12268.0,676,9,,0.2309260999318212,10810.0,923,5,,0.4350527001079172,10194.0,1221,3,
144,1137,8201.0,1.4569284000026528,heavy,0.9661089999135584,8777.0,1344,3,,0.0330297000473365,11303.0,653,9,,0.1716185000259429,10029.0,890,5,,0.4251985000446439,9705.0,1148,3,
145,1107,8121.0,1.397876900009578,heavy,0.8263465999625623,8745.0,1384,3,,0.0325295999646186,10937.0,645,9,,0.156017699977383,10193.0,892,5,,0.4057425999781117,9825.0,1203,3,
146,1106,8162.0,1.400045800022781,heavy,0.9543500000145286,8772.0,1378,3,,0.0327484000008553,11122.0,648,9,,0.1602782999398186,10098.0,887,5,,0.4263193999649957,9778.0,1149,3,
147,1109,8239.0,1.3807474999921396,heavy,0.889809500076808,8927.0,1408,3,,0.0350912999128922,11233.0,666,9,,0.1716773000080138,10307.0,922,5,,0.4915691999485716,9887.0,1180,3,
148,1137,8068.0,1.482154500001343,heavy,0.835896399919875,8660.0,1351,3,,0.0368988000554963,11012.0,658,9,,0.1662971000187099,10000.0,915,5,,0.4409118000185117,9620.0,1199,3,
149,1120,8346.0,1.4275423000217415,heavy,1.0625113000860438,8954.0,1360,3,,0.0342185000190511,11488.0,654,9,,0.1639221999794244,10482.0,896,5,,0.4393179999897256,10123.0,1163,3,
150,1181,8519.0,1.5345152000081723,heavy,0.9957016999833286,9143.0,1389,3,,0.0446527999592945,11625.0,660,9,,0.2048390000127256,10359.0,900,5,,0.4754911999916658,9999.0,1172,3,
151,1102,8356.0,1.410960999986855,heavy,0.8774908999912441,8964.0,1380,3,,0.0338923999806866,11452.0,663,9,,0.1688235000474378,10632.0,921,5,,0.4657071999972686,10276.0,1236,3,
152,1112,8108.0,1.4176527000090573,heavy,0.861981299938634,8700.0,1352,3,,0.0344585999846458,11154.0,647,9,,0.1532817999832332,10036.0,885,5,,0.4181371999438852,9676.0,1179,3,
153,1122,8183.0,1.438948099996196,heavy,0.8715754000004381,8855.0,1387,3,,0.0331221000524237,11293.0,652,9,,0.1597209000028669,10187.0,901,5,,0.4164213999174535,9840.0,1169,3,
154,1114,8794.0,1.421148399997037,heavy,0.964168900041841,9386.0,1404,3,,0.034660100005567,12294.0,668,9,,0.1691117000300437,11062.0,922,5,,0.4493457999778911,10714.0,1224,3,
155,1099,7879.0,1.4010309999866877,heavy,1.058601600001566,8567.0,1431,3,,0.0347800001036375,10769.0,660,9,,0.174720500013791,9911.0,917,5,,0.4539997999090701,9631.0,1208,3,
156,1129,8278.0,1.453443200007314,heavy,1.1126590999774637,8950.0,1423,3,,0.0358555000275373,11552.0,662,9,,0.1737739999080076,10182.0,899,5,,0.4838508000830188,9846.0,1182,3,
157,1125,8353.0,1.4295528000220656,heavy,0.8881431999616325,8945.0,1376,3,,0.035660000052303,11619.0,659,9,,0.1618138999911025,10385.0,905,5,,0.4766505999723449,10089.0,1203,3,
158,1113,7990.0,1.4229994000052102,heavy,0.9619452999904752,8614.0,1370,3,,0.0343634000746533,11350.0,659,9,,0.1735109000001102,9890.0,894,5,,0.4728519000345841,9534.0,1184,3,
159,1102,8453.0,1.387321599991992,heavy,0.8994442000985146,9189.0,1454,3,,0.0328986999811604,11715.0,670,9,,0.1643284000456333,10433.0,930,5,,0.446158800041303,10037.0,1213,3,
160,1138,8380.0,1.4650851000042169,heavy,0.9532125999685376,9036.0,1421,3,,0.0326903000241145,11654.0,657,9,,0.167547499993816,10200.0,896,5,,0.4532919999910518,9884.0,1200,3,
161,1121,8311.0,1.4381753000197932,heavy,0.8670223999070004,8935.0,1390,3,,0.0432174999732524,11393.0,662,9,,0.1934330000076443,10167.0,899,5,,0.4231718999799341,9823.0,1188,3,
162,1113,8499.0,1.4384253000025635,heavy,0.8820110999513417,9379.0,1421,3,,0.0330266000237315,11911.0,662,9,,0.1671064000111073,10851.0,929,5,,0.4627465000376105,10243.0,1212,3,
163,1139,8147.0,1.469291900022654,heavy,0.8678495999192819,8787.0,1385,3,,0.0339148000348359,11075.0,658,9,,0.1654608000535518,10171.0,917,5,,0.4594357999740168,9819.0,1213,3,
164,1105,8144.0,1.3901464999944435,heavy,0.8706648000515997,8736.0,1363,3,,0.0328989999834448,11012.0,642,9,,0.1684186999918893,9916.0,885,5,,0.4646445999387651,9608.0,1165,3,
165,1130,8293.0,1.4509799999941606,heavy,0.9592963000759482,8965.0,1449,3,,0.0391369999852031,11547.0,651,9,,0.1706395000219345,10205.0,902,5,,0.4587560000363737,9829.0,1168,3,
166,1133,8144.0,1.4679884999932256,heavy,1.1116538000060243,8784.0,1380,3,,0.035656200023368,11344.0,672,9,,0.173536799964495,10312.0,929,5,,0.4859059000154957,10048.0,1233,3,
167,1121,8547.0,1.4430797999957576,heavy,0.9014740999555216,9187.0,1430,3,,0.0359201999381184,11719.0,662,9,,0.1685596000170335,10503.0,912,5,,0.4407921000383794,10259.0,1228,3,
168,1105,8074.0,1.4000031999894418,heavy,0.9332576000597328,8650.0,1368,3,,0.0377161999931559,11170.0,667,9,,0.1885683999862522,10094.0,900,5,,0.4956994999665767,9802.0,1214,3,
169,1088,7835.0,1.3970796999929007,heavy,0.8640046999789774,8459.0,1356,3,,0.0346032000379636,11023.0,650,9,,0.1598706999793648,9851.0,895,5,,0.4635991998948157,9563.0,1213,3,
170,1156,8070.0,1.512181400001282,heavy,0.8513712999410927,8710.0,1347,3,,0.0351670999079942,11270.0,639,9,,0.1651769999880343,10026.0,888,5,,0.4864457999356091,9638.0,1167,3,
171,1094,8331.0,1.6377652999944985,heavy,0.9357426000060514,8971.0,1398,3,,0.046490199980326,11339.0,660,9,,0.1803260999731719,10423.0,907,5,,0.4474361999891698,10011.0,1187,3,
172,1120,7518.0,1.450089099991601,heavy,0.906787300016731,8174.0,1369,3,,0.0319418999133631,10930.0,634,9,,0.166397999972105,9358.0,867,5,,0.4045454000588506,8958.0,1125,3,
173,1107,7677.0,1.4806755000026897,heavy,1.1427736999467015,8317.0,1388,3,,0.0341686999890953,10561.0,643,9,,0.1658219000091776,9541.0,882,5,,0.4499630999052897,9197.0,1181,3,
174,1122,8819.0,1.463694799982477,heavy,1.0050139999948442,9411.0,1389,3,,0.0356704000150784,11835.0,660,9,,0.170081099960953,10575.0,913,5,,0.4584884999785572,10179.0,1163,3,
175,1125,8344.0,1.4772626000049058,heavy,0.950916799949482,9000.0,1424,3,,0.0354047999717295,11638.0,666,9,,0.1655207999283448,10364.0,930,5,,0.4471578999655321,10016.0,1222,3,
176,1130,7425.0,1.4642608999856748,heavy,1.0860585999907926,8097.0,1363,3,,0.0380088000092655,10369.0,626,9,,0.1989581000525504,9581.0,878,5,,0.4764782000565901,9217.0,1184,3,
177,1120,7924.0,1.4414590999949723,heavy,1.006854800041765,8580.0,1365,3,,0.0334443999454379,11068.0,647,9,,0.1638456999789923,9884.0,883,5,,0.4615999000379815,9532.0,1166,3,
178,1140,8203.0,1.4952033000008669,heavy,1.1307440999662504,8859.0,1379,3,,0.0446337999310344,11391.0,650,9,,0.2273358000675216,9859.0,881,5,,0.4531838999828323,9507.0,1149,3,
179,1095,8109.0,1.4103882999916095,heavy,1.0387431000126526,8813.0,1413,3,,0.0343881999142468,11131.0,650,9,,0.184121900005266,10081.0,913,5,,0.5064558000303805,9701.0,1168,3,
180,1118,8532.0,1.4434538999921642,heavy,1.0996205999981612,9348.0,1368,3,,0.0371565000386908,11690.0,654,9,,0.1909113000147044,10616.0,890,5,,0.4660868999781087,10084.0,1190,3,
181,1125,8030.0,1.5203079000057187,heavy,1.0392457999987528,8654.0,1421,3,,0.0379524000454694,10984.0,654,9,,0.1916260999860242,9874.0,906,5,,0.478856400004588,9558.0,1165,3,
182,1116,8059.0,1.4901345999969635,heavy,1.0284517999971283,8731.0,1392,3,,0.034100699936971,11037.0,649,9,,0.1700708999997005,9835.0,888,5,,0.45170989993494,9475.0,1165,3,
183,1123,8096.0,1.4920742999820504,heavy,1.1409562000771984,8768.0,1392,3,,0.0424139000242576,10998.0,652,9,,0.2055751000298187,10076.0,894,5,,0.5635671999771148,9712.0,1198,3,
184,1110,8579.0,1.5068103999947198,heavy,1.1614364000270143,9251.0,1421,3,,0.0378022000659257,11755.0,652,9,,0.1760323999915272,10323.0,877,5,,0.4949072999879718,9995.0,1159,3,
185,1113,8096.0,1.4934276999847498,heavy,1.0779612000333143,8784.0,1412,3,,0.0355942999012768,11174.0,649,9,,0.1853201000485569,10016.0,907,5,,0.4741865999531001,9680.0,1206,3,
186,1110,8405.0,1.4684598000021651,heavy,1.0461600999115035,9013.0,1403,3,,0.0452788999537006,11641.0,668,9,,0.2160893999971449,10569.0,908,5,,0.501451599993743,10261.0,1218,3,
187,1117,7815.0,1.5043470000091477,heavy,1.0570089999819174,8455.0,1379,3,,0.0367811999749392,10439.0,641,9,,0.2035264999140054,9671.0,872,5,,0.5221898999297991,9399.0,1181,3,
188,1074,8289.0,1.4168557999946645,heavy,1.036077699973248,8865.0,1367,3,,0.0436813000123947,11149.0,648,9,,0.2203413000097498,10161.0,899,5,,0.4707982999971136,9817.0,1214,3,
189,1152,8079.0,1.5874363000039011,heavy,0.9821056999498978,8719.0,1386,3,,0.0414639000082388,11665.0,665,9,,0.174860900035128,10067.0,907,5,,0.4593177000060677,9751.0,1196,3,
190,1107,8158.0,1.5508619000029285,heavy,1.1133126999484375,8782.0,1367,3,,0.0345720999175682,11208.0,649,9,,0.1768724999856203,10102.0,892,5,,0.4765388000523671,9766.0,1178,3,
191,1176,8166.0,1.6048998000042047,heavy,1.0748356999829412,8838.0,1425,3,,0.0375305999768897,11330.0,667,9,,0.1978325999807566,10102.0,923,5,,0.4666301999241113,9702.0,1215,3,
192,1136,7571.0,1.5224661999964155,heavy,1.066946399980225,8179.0,1367,3,,0.0374118000036105,10433.0,634,9,,0.1810059000272303,9339.0,875,5,,0.462811499950476,9003.0,1133,3,
193,1112,7655.0,1.4773397999815645,heavy,0.9747470000293106,8247.0,1335,3,,0.0335351000539958,10739.0,641,9,,0.1668512999312952,9511.0,863,5,,0.4409510999685153,9247.0,1172,3,
194,1108,7924.0,1.497454700001981,heavy,1.2051032999297604,8548.0,1394,3,,0.0344002000056207,11098.0,651,9,,0.1905342999380082,9844.0,899,5,,0.5700772000709549,9500.0,1194,3,
195,1104,8785.0,1.4916458000079729,heavy,1.0007710999343544,9457.0,1461,3,,0.0390039999037981,11909.0,669,9,,0.2006324999965727,10889.0,931,5,,0.5367129000369459,10449.0,1197,3,
196,1138,8636.0,1.531470799993258,heavy,1.1862360999220982,9500.0,1432,3,,0.0355629000114277,12042.0,667,9,,0.1926231000106781,10848.0,916,5,,0.4960068999789655,10300.0,1206,3,
197,1121,7943.0,1.518691499979468,heavy,1.0538355999160558,8567.0,1380,3,,0.0355342000257223,10671.0,656,9,,0.1922046999679878,9827.0,920,5,,0.5601445999927819,9511.0,1184,3,
198,1132,8282.0,1.5369213999947533,heavy,1.0975082999793813,8922.0,1402,3,,0.0339480000548064,11478.0,659,9,,0.1913087000139057,10202.0,894,5,,0.4980166999157518,9866.0,1188,3,
199,1125,7830.0,1.5072469000006097,heavy,1.1218332999851557,8454.0,1374,3,,0.0367347999708727,10816.0,652,9,,0.1884294999763369,9818.0,890,5,,0.5407014999072999,9478.0,1162,3,
200,1128,8492.0,1.5480020999966655,heavy,0.9781123000429944,9116.0,1429,3,,0.0388918999815359,11474.0,666,9,,0.1869302000850439,10356.0,906,5,,0.5050638000248,9996.0,1204,3,
201,1106,8239.0,1.578560699999798,heavy,1.19858840003144,8879.0,1425,3,,0.0357971000485122,11505.0,661,9,,0.1873193000210449,10183.0,917,5,,0.5367902000434697,9783.0,1180,3,
202,1116,8505.0,1.4810115000000224,heavy,1.0186790999723598,9097.0,1404,3,,0.0338400999316945,11857.0,676,9,,0.18133580009453,10893.0,939,5,,0.4890043999766931,10513.0,1249,3,
203,1152,8420.0,1.551392199995462,heavy,1.0013694999506697,9316.0,1370,3,,0.0349410999333485,11744.0,644,9,,0.1993718999437987,10500.0,883,5,,0.4665789999999106,9900.0,1153,3,
204,1138,8322.0,1.5615817999932915,heavy,0.9924510000273584,8690.0,1407,2,,0.0335522999521344,11268.0,648,8,,0.178762900060974,10098.0,899,4,,0.489024999900721,10042.0,1171,3,
205,1135,8046.0,1.647138600004837,heavy,1.0770858000032604,8942.0,1390,3,,0.0352734000189229,11416.0,652,9,,0.1903377999551594,10178.0,901,5,,0.4874874000670388,9678.0,1194,3,
206,1099,7932.0,1.4664449999982023,heavy,0.9820584999397396,8572.0,1402,3,,0.0345716999145224,10990.0,647,9,,0.1877267000963911,9888.0,890,5,,0.4980113999918103,9556.0,1165,3,
207,1110,7943.0,1.508702599996468,heavy,0.9292958000442012,8551.0,1363,3,,0.0426097000017762,10869.0,645,9,,0.1729245000751689,9815.0,887,5,,0.4872259000549093,9463.0,1157,3,
208,1141,8306.0,1.5380657000059728,heavy,0.9817580999806524,8946.0,1379,3,,0.0339416000060737,11190.0,648,9,,0.1730455999495461,10094.0,891,5,,0.4571497000288218,9762.0,1156,3,
209,1103,7446.0,1.4765744999749586,heavy,1.0192441999679431,8054.0,1357,3,,0.0353528000414371,10256.0,633,9,,0.1731373999500647,9274.0,882,5,,0.4850271999603137,8894.0,1146,3,
210,1126,8521.0,1.5240818999882322,heavy,1.3425462000304833,9177.0,1383,3,,0.0366357000311836,11719.0,651,9,,0.2050490999827161,10821.0,919,5,,0.5328777999384329,10506.0,1224,3,
211,1107,7712.0,1.493567900004564,heavy,0.9800040000118316,8144.0,1440,2,,0.0332021999638527,10400.0,640,8,,0.1916780999163165,9296.0,888,4,,0.5613573000300676,9176.0,1163,3,
212,1129,8290.0,1.5111019000178203,heavy,1.1767640999751166,8930.0,1411,3,,0.0358476000837981,11264.0,643,9,,0.1817422999301925,10178.0,896,5,,0.5926629001041874,9826.0,1169,3,
213,1142,7604.0,1.5600425000011455,heavy,0.9941327000269666,8260.0,1411,3,,0.0367423000279814,10354.0,652,9,,0.1853840000694617,9472.0,900,5,,0.4449560000794008,9172.0,1152,3,
214,1132,7913.0,1.537870500003919,heavy,1.0250177999259904,8521.0,1347,3,,0.0445458000758662,10889.0,644,9,,0.2137977000093087,9885.0,889,5,,0.4481926000444218,9561.0,1148,3,
215,1129,7920.0,1.5700328999955673,heavy,1.113941500079818,8528.0,1374,3,,0.0362469999818131,11212.0,652,9,,0.1924024999607354,9844.0,895,5,,0.5098300999961793,9560.0,1214,3,
216,1157,7897.0,1.5552369999932123,heavy,1.042608299991116,8489.0,1386,3,,0.033085300005041,10803.0,644,9,,0.177396300015971,9717.0,883,5,,0.4678581000771373,9401.0,1150,3,
217,1106,8298.0,1.4821773000003304,heavy,1.1615143000381067,8906.0,1380,3,,0.033200400066562,11380.0,663,9,,0.1858975000213831,10374.0,918,5,,0.494074699934572,9994.0,1196,3,
218,1131,8140.0,1.5097511999774724,heavy,1.096977600012906,8828.0,1417,3,,0.033357199979946,11294.0,658,9,,0.1827304000034928,10284.0,915,5,,0.4764883000170812,9988.0,1223,3,
219,1104,7939.0,1.4653937999974005,heavy,1.089801299967803,8515.0,1344,3,,0.0347049999982118,11035.0,637,9,,0.1743956001009792,9771.0,878,5,,0.4632905001053586,9419.0,1144,3,
220,1100,7697.0,1.4764864000026137,heavy,0.967406200012192,8289.0,1361,3,,0.0336512000067159,10531.0,647,9,,0.1742533999495208,9865.0,884,5,,0.486876800074242,9593.0,1187,3,
221,1108,8158.0,1.481604000000516,heavy,1.0795783000066876,8750.0,1373,3,,0.0360962999984622,11512.0,659,9,,0.1810358000220731,10094.0,902,5,,0.5007085999241099,9727.0,1168,3,
222,1121,8373.0,1.534892199997557,heavy,1.026776900049299,9013.0,1419,3,,0.0349436000688001,11549.0,659,9,,0.1728750999318435,10405.0,889,5,,0.46489229996223,10317.0,1200,3,
223,1137,8401.0,1.5511274999880698,heavy,0.9509318000636996,9041.0,1403,3,,0.0341847999952733,11337.0,655,9,,0.1794806999387219,10353.0,910,5,,0.5234414999140427,9977.0,1178,3,
224,1126,7811.0,1.5270061000192072,heavy,1.0624764999374747,8403.0,1364,3,,0.0367625999497249,11030.0,639,9,,0.1795934999827295,9571.0,871,5,,0.4989083999535069,9267.0,1137,3,
225,1122,8471.0,1.55697480001254,heavy,0.9991857000859454,9079.0,1407,3,,0.0342171000083908,11675.0,674,9,,0.1811189000727608,10551.0,929,5,,0.4765228999312967,10159.0,1216,3,
226,1127,8308.0,1.5352459000132512,heavy,1.1468708000611514,9156.0,1416,3,,0.0345724000362679,11448.0,661,9,,0.1838668999262154,10660.0,923,5,,0.5006523999618366,10108.0,1208,3,
227,1123,7984.0,1.525923800014425,heavy,0.9712029000511392,8608.0,1427,3,,0.0331301999976858,11224.0,672,9,,0.1777737999800592,9968.0,910,5,,0.4610408999724313,9672.0,1198,3,
228,1088,8066.0,1.4465851999993902,heavy,0.9911621001083404,8706.0,1389,3,,0.0458511000033468,11230.0,647,9,,0.2185796000994742,10246.0,892,5,,0.4710662000579759,9930.0,1198,3,
229,1126,8334.0,1.5287820000085048,heavy,1.1980832999106497,8958.0,1414,3,,0.0393388000084087,11604.0,672,9,,0.18977779999841,10134.0,913,5,,0.5485698999837041,9814.0,1208,3,
230,1134,8573.0,1.54526579999947,heavy,1.0481134000001475,9501.0,1449,3,,0.0364442999707534,12107.0,680,9,,0.1982000999851152,10749.0,929,5,,0.5183289999840781,10253.0,1245,3,
231,1133,7528.0,1.544786499987822,heavy,1.0078257999848574,8200.0,1400,3,,0.0313013999257236,10482.0,640,9,,0.1731084999628365,9408.0,876,5,,0.4733646999811753,9056.0,1172,3,
232,1105,7617.0,1.4818843000102788,heavy,1.0739668000023812,8209.0,1349,3,,0.0330232999986037,10451.0,631,9,,0.1792407999746501,9321.0,863,5,,0.4892418999224901,8961.0,1132,3,
233,1143,8742.0,1.556293800007552,heavy,0.9690231999848038,9654.0,1424,3,,0.0352967999642714,12154.0,660,9,,0.1747897999593988,10846.0,902,5,,0.4950227999361232,10222.0,1176,3,
234,1133,8218.0,1.5379911999916658,heavy,1.0872666999930516,8810.0,1382,3,,0.0353955999016761,11766.0,675,9,,0.1832681000232696,10358.0,926,5,,0.4887562000658363,10026.0,1222,3,
235,1144,8498.0,1.5413523000024725,heavy,0.9660432999953628,9154.0,1401,3,,0.0362296000821515,11612.0,663,9,,0.178668399923481,10354.0,896,5,,0.487441600067541,10234.0,1205,3,
236,1102,8033.0,1.4912838000163902,heavy,1.2078048000112176,8673.0,1448,3,,0.0357075999490916,11109.0,657,9,,0.1969693000428378,10017.0,915,5,,0.4687786999857053,9697.0,1209,3,
237,1135,7911.0,1.5560212999989744,heavy,1.223680599941872,8535.0,1426,3,,0.0567856000270694,10685.0,639,9,,0.1814161000074818,9815.0,898,5,,0.4777448000386357,9471.0,1150,3,
238,1123,8017.0,1.5847687000059525,heavy,1.028182000038214,8593.0,1352,3,,0.0327777001075446,11149.0,647,9,,0.1826552000129595,9717.0,870,5,,0.4779476999538019,9433.0,1155,3,
239,1109,7999.0,1.4935944999742787,heavy,0.9981621000915766,8623.0,1387,3,,0.0372727999929338,10841.0,665,9,,0.1896771999308839,10127.0,913,5,,0.5370082999579608,9823.0,1194,3,
240,1148,8288.0,1.570090200024424,heavy,0.9926721000811084,8944.0,1431,3,,0.0355156000005081,11586.0,658,9,,0.1773162999888882,10176.0,904,5,,0.4704300999874249,9864.0,1179,3,
241,1124,8703.0,1.5288890000083484,heavy,1.0062955000903455,9327.0,1420,3,,0.0392944000195711,12007.0,664,9,,0.2018736000172794,10579.0,920,5,,0.5800074000144377,10279.0,1183,3,
242,1103,8077.0,1.4708686999802012,heavy,0.9686019000364468,8717.0,1362,3,,0.0338363999035209,11065.0,655,9,,0.1790753999957814,10089.0,911,5,,0.4791221999330446,9805.0,1252,3,
243,1126,8302.0,1.6004416999930982,heavy,1.0372441000072286,8942.0,1369,3,,0.0384615000803023,11202.0,645,9,,0.1874838999938219,10230.0,913,5,,0.5370276999892667,9926.0,1222,3,
244,1144,7857.0,1.5467951000027824,heavy,1.0281313000014052,8497.0,1388,3,,0.0355638000182807,10703.0,649,9,,0.1907481999369338,9705.0,892,5,,0.4946586999576539,9393.0,1193,3,
245,1112,8231.0,1.4905623999948148,heavy,1.01923119998537,8855.0,1401,3,,0.035429700044915,11295.0,663,9,,0.1860977000324055,9959.0,905,5,,0.5174181000329554,9615.0,1178,3,
246,1121,8266.0,1.6054680999950506,heavy,1.052791099995375,8922.0,1403,3,,0.0342147999908775,10966.0,638,9,,0.1794780000345781,10166.0,898,5,,0.5138607999542728,9874.0,1218,3,
247,1098,8211.0,1.4988237999787088,heavy,1.1539633999345824,8835.0,1418,3,,0.0327554999385029,11109.0,636,9,,0.1895077000372111,9895.0,880,5,,0.4718768999446183,9763.0,1170,3,
248,1103,8030.0,1.4672315000207163,heavy,1.0803298000246286,8654.0,1424,3,,0.0363471999298781,11022.0,641,9,,0.1752579000312835,9770.0,874,5,,0.5094030000036582,9446.0,1154,3,
249,1100,8496.0,1.4626066000200808,heavy,1.0200704999733716,9488.0,1504,3,,0.0385222999611869,11730.0,672,9,,0.1985933999530971,10768.0,919,5,,0.5544545999728143,10136.0,1204,3,
250,1128,8356.0,1.5355114999983923,heavy,1.140341499936767,9268.0,1410,3,,0.0340969000244513,11828.0,665,9,,0.1848974999738857,10576.0,904,5,,0.4902632000157609,10020.0,1186,3,
251,1115,8022.0,1.51213670001016,heavy,1.0034319000551477,8694.0,1419,3,,0.0339317999314516,10756.0,650,9,,0.185337399947457,9834.0,902,5,,0.4854631000198424,9446.0,1163,3,
252,1114,8107.0,1.4619085000013,heavy,0.9894283000612633,8731.0,1376,3,,0.0362398000434041,11265.0,670,9,,0.1918325000442564,10083.0,909,5,,0.4788703999947756,9795.0,1229,3,
253,1126,8327.0,1.4890958000032697,heavy,1.1386557000223547,9031.0,1481,3,,0.0356636000797152,11593.0,672,9,,0.1891299999551847,10471.0,924,5,,0.5160044999793172,10167.0,1225,3,
254,1107,7533.0,1.4788100000005215,heavy,1.022007800056599,8093.0,1287,3,,0.0367745999246835,10245.0,619,9,,0.1879794999258592,9361.0,842,5,,0.4526233999058604,9005.0,1116,3,
255,1124,7999.0,1.5573864999751097,heavy,1.002411299967207,8719.0,1420,3,,0.0353008999954909,11477.0,658,9,,0.1780769999604672,10107.0,902,5,,0.5150835999520496,9823.0,1228,3,
256,1118,8642.0,1.601346099982038,heavy,1.0209600999951365,9314.0,1468,3,,0.0395462000742554,11834.0,659,9,,0.1977971000596881,10626.0,907,5,,0.5303803998976946,10250.0,1209,3,
257,1127,8002.0,1.5755340000032447,heavy,1.0173820999916643,8594.0,1355,3,,0.0310143999522551,10976.0,634,9,,0.1752817999804392,9802.0,871,5,,0.4938850000035018,9530.0,1150,3,
258,1111,7927.0,1.496812800003681,heavy,1.042292600031942,8535.0,1331,3,,0.0355596999870613,11091.0,642,9,,0.1783182000508532,9743.0,877,5,,0.4825126999057829,9439.0,1169,3,
259,1097,8100.0,1.5087130000174511,heavy,0.9956538000842556,8740.0,1429,3,,0.0339646999491378,11128.0,665,9,,0.1948911000508815,10196.0,927,5,,0.4801853999961167,9828.0,1190,3,
260,1123,8245.0,1.592345999990357,heavy,1.0578395000193268,8885.0,1362,3,,0.0351564999436959,11383.0,656,9,,0.1876954999752342,10281.0,899,5,,0.5223245000233874,9959.0,1200,3,
261,1121,8360.0,1.6896549999946728,heavy,1.1435812000418082,9000.0,1422,3,,0.0383670999435707,11700.0,670,9,,0.1968467999249696,10336.0,907,5,,0.4952587999869138,9960.0,1166,3,
262,1134,8297.0,1.5273138000047766,heavy,1.0383477000286805,9145.0,1398,3,,0.0351212000241503,11795.0,656,9,,0.1790273000951856,10457.0,893,5,,0.4818875000346452,9849.0,1163,3,
263,1109,8790.0,1.554465799999889,heavy,1.1725664999103174,9446.0,1397,3,,0.0378181000705808,12006.0,670,9,,0.1878908999497071,10774.0,927,5,,0.4852988999336958,10326.0,1162,3,
264,1104,8137.0,1.6099974999960978,heavy,0.9861127000767738,8761.0,1345,3,,0.035308500053361,11081.0,644,9,,0.1838688999414444,9989.0,888,5,,0.5025148999411613,9601.0,1178,3,
265,1143,8152.0,1.5738497999846004,heavy,0.981979600037448,8792.0,1385,3,,0.0332587000448256,11086.0,638,9,,0.1932521999115124,9932.0,881,5,,0.4609994000056758,9616.0,1172,3,
266,1123,8108.0,1.530047099979129,heavy,0.9544266000157222,8716.0,1369,3,,0.0328718000091612,10973.0,645,9,,0.1810752000892534,10136.0,903,5,,0.468930899980478,9804.0,1165,3,
267,1142,8762.0,1.555336199991871,heavy,1.136991500039585,9402.0,1381,3,,0.0381422000937163,11928.0,663,9,,0.1945411000633612,10782.0,925,5,,0.5489567000186071,10410.0,1192,3,
268,1137,7759.0,1.5657431000145152,heavy,1.017876900034025,8383.0,1386,3,,0.0360019999789074,10731.0,639,9,,0.1768474000273272,9595.0,882,5,,0.5070728999562562,9207.0,1171,3,
269,1111,8268.0,1.505965600023046,heavy,0.981331199989654,8876.0,1390,3,,0.0355051999213174,11480.0,656,9,,0.1787182000698521,10232.0,890,5,,0.5071804999606684,9908.0,1180,3,
270,1098,8200.0,1.5657374000002164,heavy,1.0104975999565795,8840.0,1372,3,,0.0352498000720515,10886.0,648,9,,0.1883444000268355,9932.0,882,5,,0.4705598000437021,9600.0,1153,3,
271,1119,8461.0,1.5583855000149924,heavy,0.981578900013119,9165.0,1442,3,,0.0513003999367356,11517.0,660,9,,0.2154592000879347,10481.0,916,5,,0.4769157000118866,10125.0,1175,3,
272,1120,8707.0,1.5425945000024512,heavy,1.321592599968426,9667.0,1463,3,,0.0365540001075714,12301.0,669,9,,0.1964081000769511,11031.0,940,5,,0.5139666999457404,10435.0,1217,3,
273,1133,8376.0,1.5485498000052758,heavy,1.0811982000013811,9384.0,1415,3,,0.0349275999469682,12450.0,683,9,,0.199216500041075,10792.0,938,5,,0.4699750000145286,10128.0,1191,3,
274,1147,8485.0,1.577710699988529,heavy,0.9935880999546498,9189.0,1441,3,,0.0359100999776274,11851.0,661,9,,0.1829373000655323,10581.0,916,5,,0.5331768000032753,10221.0,1208,3,
275,1130,8571.0,1.7010306000011042,heavy,1.0372840999625623,9275.0,1447,3,,0.0362439999589696,11511.0,672,9,,0.190605100011453,10511.0,911,5,,0.5078726999927312,10171.0,1234,3,
276,1118,8358.0,1.5753380000242032,heavy,1.0575496000237763,9062.0,1389,3,,0.0346568999812006,11368.0,654,9,,0.1864149000030011,10142.0,899,5,,0.460966799990274,9766.0,1170,3,
277,1108,8210.0,1.6666630000108853,heavy,0.9846443999558688,8882.0,1406,3,,0.0334880000445991,11376.0,658,9,,0.1762073000427335,10210.0,908,5,,0.4824044000124559,9770.0,1164,3,
278,1146,8398.0,1.6156110000156332,heavy,1.0385487999301404,9230.0,1369,3,,0.0365540001075714,12042.0,672,9,,0.1881366000743582,10518.0,892,5,,0.5343347999732941,9942.0,1183,3,
279,1118,8841.0,1.6005408999917563,heavy,1.0512772999936717,9721.0,1430,3,,0.0405014000134542,12337.0,691,9,,0.1909094000002369,11177.0,950,5,,0.4835292000789195,10601.0,1231,3,
280,1108,7933.0,1.5573559000040404,heavy,1.065707299974747,8573.0,1318,3,,0.0360494999913498,11081.0,652,9,,0.1802243000129237,9997.0,888,5,,0.5236721999244764,9733.0,1197,3,
281,1126,8651.0,1.5392312000039965,heavy,1.0534878000617027,9259.0,1399,3,,0.0350082999793812,11679.0,648,9,,0.1876414000289514,10655.0,891,5,,0.5172996000619605,10323.0,1173,3,
282,1076,7737.0,1.4482950999808963,heavy,1.0733567998977378,8345.0,1373,3,,0.0438121000770479,10737.0,656,9,,0.1865357999922707,9845.0,904,5,,0.528313499991782,9489.0,1180,3,
283,1114,8364.0,1.490244700020412,heavy,0.9673865999793634,8956.0,1377,3,,0.0350848999805748,11278.0,652,9,,0.1882111999439075,10324.0,905,5,,0.495278500020504,9996.0,1171,3,
284,1142,8697.0,1.563303700007964,heavy,1.0425568000646308,9353.0,1447,3,,0.0375980000244453,12093.0,686,9,,0.1932795000029727,10701.0,937,5,,0.499240499921143,10353.0,1222,3,
285,1148,8244.0,1.572488700010581,heavy,1.0571940999943763,8836.0,1366,3,,0.0343049000948667,11652.0,654,9,,0.1826368999900296,10176.0,903,5,,0.5273789999773726,9836.0,1174,3,
286,1126,7866.0,1.509938000002876,heavy,1.0694382999790832,8474.0,1383,3,,0.0349771999754011,10890.0,644,9,,0.1830259000416845,9810.0,876,5,,0.4656183000188321,9506.0,1178,3,
287,1127,7827.0,1.6114727000240237,heavy,1.0855918999295682,8435.0,1368,3,,0.0466339000267908,10791.0,635,9,,0.2252530000405386,9891.0,880,5,,0.4729387999977916,9515.0,1139,3,
288,1117,8386.0,1.5184616000042297,heavy,0.9692632999503984,9026.0,1370,3,,0.0364087000489234,11534.0,642,9,,0.1867573000490665,10366.0,900,5,,0.4844794999808073,9938.0,1163,3,
289,1148,7989.0,1.7162244000064677,heavy,1.0589876000303775,8661.0,1412,3,,0.0342530999332666,11005.0,660,9,,0.1846208999631926,10021.0,906,5,,0.5066480999812484,9685.0,1202,3,
290,1142,8388.0,1.964032500021858,heavy,1.039979099994525,9012.0,1403,3,,0.0358766999561339,11354.0,665,9,,0.178949800087139,10408.0,910,5,,0.4637212000088766,10092.0,1142,3,
291,1152,8407.0,1.6978204000042751,heavy,0.99947520007845,9063.0,1429,3,,0.0372795000439509,11785.0,661,9,,0.1811636999482289,10471.0,916,5,,0.4910031999461353,10111.0,1214,3,
292,1090,8135.0,1.463570499996422,heavy,1.0952010001055896,8759.0,1432,3,,0.0405256000813096,11031.0,656,9,,0.1866661000531166,10007.0,896,5,,0.4825536999851465,9823.0,1204,3,
293,1121,7885.0,1.5410804999992251,heavy,1.0294688999420032,8541.0,1407,3,,0.0336892999475821,10767.0,643,9,,0.1880634999834001,9725.0,907,5,,0.4911266000708565,9333.0,1151,3,
294,1118,8245.0,1.543393300002208,heavy,1.164331200066954,8917.0,1485,3,,0.0396914000157266,11309.0,662,9,,0.2107187000801786,10453.0,912,5,,0.5676708000246435,10093.0,1200,3,
295,1129,8102.0,1.551159099995857,heavy,1.0471324000973254,8982.0,1414,3,,0.0429849000647664,11418.0,658,9,,0.1864780000178143,10410.0,905,5,,0.5248742999974638,9910.0,1221,3,
296,1126,8149.0,1.6461610999831464,heavy,1.1458062999881804,9061.0,1443,3,,0.0465741000371053,11739.0,660,9,,0.1837172000668943,10441.0,909,5,,0.5347449999535456,9853.0,1198,3,
297,1094,8126.0,1.4904519999981858,heavy,0.9845561999827624,9022.0,1383,3,,0.0373248000396415,11536.0,660,9,,0.1833785999333486,10298.0,907,5,,0.5073573000263423,9750.0,1204,3,
298,1134,8342.0,1.5894035999954212,heavy,0.944690000033006,8966.0,1376,3,,0.0337749000173062,11830.0,658,9,,0.1823390000499785,10314.0,893,5,,0.4846898999530822,9982.0,1179,3,
299,1116,7852.0,1.5318361000099685,heavy,1.0146752999862656,8492.0,1397,3,,0.0332334999693557,10724.0,650,9,,0.1824288999196142,9876.0,904,5,,0.4769045000430196,9508.0,1200,3,
300,1127,8243.0,1.5586657000239938,heavy,1.0721657000249252,8883.0,1444,3,,0.0398072999669238,11557.0,655,9,,0.1858425000682473,10035.0,899,5,,0.5094423000700772,9699.0,1164,3,
301,1138,8080.0,1.5776732999947851,heavy,0.973587799933739,8720.0,1380,3,,0.0367330000735819,11294.0,666,9,,0.1874697000021115,9952.0,885,5,,0.5220870999619365,9608.0,1160,3,
302,1137,8377.0,1.900557800021488,heavy,1.0146952999057248,9001.0,1363,3,,0.0372050999430939,11373.0,660,9,,0.1926967999897897,10405.0,903,5,,0.5331828000489622,10081.0,1198,3,
303,1117,8190.0,1.5312031999928877,heavy,0.9511141000548378,8798.0,1379,3,,0.0488323000026866,11212.0,659,9,,0.2264537999872118,9906.0,898,5,,0.4593942000064999,9622.0,1160,3,
304,1095,8349.0,1.5969978999928571,heavy,0.9831491999793798,9005.0,1425,3,,0.0359248999739065,11479.0,671,9,,0.1887817999813705,10237.0,922,5,,0.501282500103116,9805.0,1171,3,
305,1127,8117.0,1.5504314999852795,heavy,0.9975492999656126,8789.0,1357,3,,0.0354286000365391,11299.0,664,9,,0.1906319999834522,9949.0,902,5,,0.4569972000317648,9629.0,1164,3,
306,1120,8424.0,1.536912499985192,heavy,1.135306999902241,9096.0,1463,3,,0.0381060000509023,11400.0,674,9,,0.1932266999501735,10488.0,920,5,,0.485645700013265,10056.0,1205,3,
307,1113,8609.0,1.5192673999990802,heavy,1.0286172999767589,9233.0,1427,3,,0.0359729999909177,11691.0,660,9,,0.1864606000017374,10653.0,914,5,,0.5390333000104874,10345.0,1218,3,
308,1121,8427.0,1.542894200014416,heavy,1.188352500088513,9083.0,1410,3,,0.0415112000191584,11571.0,659,9,,0.2060420999769121,10507.0,929,5,,0.5580698000267148,10115.0,1198,3,
309,1134,8413.0,1.5559252999955788,heavy,1.0913728999439627,9037.0,1442,3,,0.039716099970974,11701.0,668,9,,0.2116480999393388,10585.0,922,5,,0.5713212999980897,10293.0,1227,3,
310,1146,8594.0,1.5744634000002409,heavy,0.9876152999931946,9250.0,1419,3,,0.0351087999297305,11696.0,672,9,,0.194671000004746,10674.0,929,5,,0.5001141000539064,10442.0,1215,3,
311,1123,8681.0,1.551697500020964,heavy,1.1123657000716776,9337.0,1447,3,,0.0456559000303968,11887.0,671,9,,0.203317099949345,10685.0,924,5,,0.4997342000715434,10305.0,1202,3,
312,1129,7765.0,1.5509629999869503,heavy,1.0879310999298468,8437.0,1402,3,,0.0315325999399647,10753.0,651,9,,0.1846762000350281,9685.0,894,5,,0.4655280000297352,9357.0,1168,3,
313,1126,9000.0,1.5355362999835052,heavy,1.1875197000335902,9688.0,1471,3,,0.0474133999086916,12048.0,684,9,,0.2024130000500008,10924.0,924,5,,0.5538853000616655,10680.0,1240,3,
314,1121,7996.0,1.545090400002664,heavy,1.054303799988702,8652.0,1398,3,,0.0342675000429153,11048.0,665,9,,0.2096357999835163,10164.0,932,5,,0.4884928000392392,9900.0,1225,3,
315,1103,7886.0,1.5094664999924134,heavy,1.002972900052555,8558.0,1376,3,,0.0385787000413984,10846.0,648,9,,0.1865455999504774,9942.0,891,5,,0.5193187999539077,9630.0,1161,3,
316,1124,8280.0,1.563813399989158,heavy,1.0847292999969795,8936.0,1425,3,,0.0366216000402346,11482.0,666,9,,0.1983704000012949,10280.0,913,5,,0.5582766000879928,9936.0,1207,3,
317,1149,8506.0,1.7122588999918662,heavy,1.0869964000303298,9114.0,1408,3,,0.0361556999851018,11698.0,670,9,,0.2004618999781087,10410.0,913,5,,0.5689046001061797,10042.0,1187,3,
318,1122,8653.0,1.539078000001609,heavy,1.181735199992545,9821.0,1445,3,,0.0364529000362381,12145.0,670,9,,0.18914659996517,11209.0,944,5,,0.4990064000012353,10309.0,1214,3,
319,1131,8388.0,1.569805200007977,heavy,1.1000824999064207,9268.0,1442,3,,0.0387293000239878,11660.0,670,9,,0.1897691999329254,10536.0,906,5,,0.5066219998989254,9964.0,1194,3,
320,1088,8442.0,1.4820037999888882,heavy,0.9693668000400066,9082.0,1399,3,,0.034685599966906,11708.0,650,9,,0.1809665000764653,10274.0,888,5,,0.4804024000186473,9954.0,1161,3,
321,1114,8436.0,1.538700599980075,heavy,1.1050627999939024,9140.0,1446,3,,0.0381566999712958,11742.0,669,9,,0.1994158000452444,10500.0,918,5,,0.4780662000412121,10180.0,1201,3,
322,1138,8373.0,1.5623770999955011,heavy,1.097866400028579,9013.0,1415,3,,0.034723800024949,11979.0,670,9,,0.1998702000128105,10381.0,916,5,,0.4862132000271231,10021.0,1192,3,
323,1109,8104.0,1.5403142000141088,heavy,1.184955299948342,8744.0,1414,3,,0.037799600046128,11118.0,645,9,,0.1964612000156194,10121.0,892,5,,0.5727751000085846,9760.0,1172,3,
324,1117,8124.0,1.5438527000078466,heavy,1.0639830000000077,8764.0,1399,3,,0.0398506000638008,11354.0,667,9,,0.1848088999977335,9972.0,897,5,,0.5196137999882922,9652.0,1216,3,
325,1154,8204.0,1.777801799995359,heavy,1.0500644999556243,8844.0,1428,3,,0.0331834000535309,11432.0,657,9,,0.1825008000014349,10128.0,905,5,,0.4656739000929519,9812.0,1183,3,
326,1122,8438.0,1.5806265999854077,heavy,1.1171313000377268,9382.0,1459,3,,0.0345652000978589,11732.0,659,9,,0.183230199967511,10798.0,915,5,,0.478496800060384,10182.0,1239,3,
327,1139,8376.0,1.5907985999947414,heavy,1.0186165999621153,9048.0,1412,3,,0.037254299968481,11460.0,674,9,,0.1907321999315172,10308.0,932,5,,0.5338178999954835,9976.0,1187,3,
328,1121,8392.0,1.5642040999955498,heavy,1.003977800020948,9048.0,1385,3,,0.035688400035724,11815.0,665,9,,0.1889500000979751,10696.0,922,5,,0.5435578000033274,10320.0,1222,3,
329,1106,8212.0,1.516705999994883,heavy,1.0587877000216397,9124.0,1403,3,,0.0390156999928876,11690.0,658,9,,0.2397387000964954,10444.0,902,5,,0.5355302999960259,9804.0,1194,3,
330,1109,7978.0,1.541526499990141,heavy,1.230430099996738,8602.0,1425,3,,0.0369833000004291,10896.0,645,9,,0.1886658000294119,9974.0,878,5,,0.5608588999602944,9586.0,1151,3,
331,1105,8862.0,1.515080199984368,heavy,1.0558637999929488,9470.0,1415,3,,0.0370040000416338,11866.0,669,9,,0.1990736000007018,10874.0,930,5,,0.4834432000061497,10606.0,1200,3,
332,1114,8564.0,1.5403642000164837,heavy,1.0279796000104398,9188.0,1398,3,,0.0339409000007435,11566.0,672,9,,0.184326900052838,10576.0,918,5,,0.4917244999669492,10228.0,1192,3,
333,1148,8039.0,1.8909543000045232,heavy,1.009527700021863,8711.0,1419,3,,0.0379072000505402,11283.0,640,9,,0.1879366000648588,9939.0,892,5,,0.5518379000714049,9567.0,1170,3,
334,1093,7890.0,1.5170881999947596,heavy,0.9743213000474498,8498.0,1376,3,,0.0336347999982535,11108.0,661,9,,0.1824807000812143,9806.0,893,5,,0.4784662999445572,9522.0,1168,3,
335,1125,7951.0,1.5764666000031866,heavy,1.1359166000038383,8623.0,1391,3,,0.0349607000825926,10745.0,640,9,,0.1854268999304622,9775.0,878,5,,0.4759908000705763,9519.0,1200,3,
336,1107,8324.0,1.5065139999787789,heavy,1.0377948000095785,8932.0,1389,3,,0.0378808999666944,11334.0,643,9,,0.1854106000391766,10244.0,876,5,,0.5086097000166774,9916.0,1179,3,
337,1138,8554.0,1.5809603999950923,heavy,1.106244699913077,9242.0,1439,3,,0.0357146000023931,11692.0,655,9,,0.1930417000548914,10602.0,913,5,,0.5198775000171736,10250.0,1207,3,
338,1151,7901.0,1.7329146999982186,heavy,1.074248700053431,8525.0,1357,3,,0.033789400011301,10973.0,651,9,,0.1810572000686079,9845.0,892,5,,0.4847309000324458,9525.0,1151,3,
339,1132,8873.0,1.591850600001635,heavy,1.016917899949476,9801.0,1427,3,,0.0408225000137463,12439.0,680,9,,0.2077081000898033,11477.0,952,5,,0.5737844000104815,10881.0,1236,3,
340,1145,8099.0,1.6131963999941945,heavy,0.9758274999912828,8723.0,1382,3,,0.038231199956499,11451.0,666,9,,0.185575500014238,10203.0,903,5,,0.5193755000364035,9803.0,1191,3,
341,1119,8183.0,1.520377400011057,heavy,1.0762061000568792,8855.0,1416,3,,0.0512631000019609,11277.0,654,9,,0.2435122999595478,10327.0,908,5,,0.4922136999666691,9959.0,1211,3,
342,1123,8053.0,1.618587300006766,heavy,0.9910166000481696,8677.0,1364,3,,0.0349663000088185,11239.0,658,9,,0.1883119000121951,9941.0,906,5,,0.4960024000611156,9565.0,1180,3,
343,1110,8427.0,1.5318864999862851,heavy,1.1579495000187308,9083.0,1428,3,,0.0380020999582484,11613.0,670,9,,0.1982659999048337,10923.0,941,5,,0.541134100058116,10539.0,1248,3,
344,1106,7847.0,1.5243321000016294,heavy,1.262913699960336,8471.0,1393,3,,0.034814600017853,10925.0,645,9,,0.1939419000409543,9755.0,888,5,,0.4858410999877378,9391.0,1168,3,
345,1099,8205.0,1.497450700000627,heavy,0.9896901999600232,8845.0,1413,3,,0.0363992000930011,11183.0,648,9,,0.1858707000501454,10049.0,891,5,,0.5151455000741407,9709.0,1170,3,
346,1120,8176.0,1.59461889998056,heavy,1.1393470000475645,8864.0,1391,3,,0.0356032000854611,11314.0,661,9,,0.1900872000260278,10216.0,900,5,,0.5682418000651523,9960.0,1199,3,
347,1139,8156.0,1.5755262000020591,heavy,1.1496518000494689,8780.0,1407,3,,0.0361749000148847,11300.0,668,9,,0.1885552000021562,10092.0,907,5,,0.4970068000257015,9796.0,1203,3,
348,1115,8247.0,1.5156183000071906,heavy,1.0290389999281615,8871.0,1398,3,,0.0371161000803113,11285.0,655,9,,0.1935634999535977,10211.0,894,5,,0.5351651000091806,9855.0,1207,3,
349,1087,7633.0,1.4966416000097524,heavy,1.103682199958712,8225.0,1339,3,,0.0345465000718832,10633.0,639,9,,0.1925675000529736,9389.0,870,5,,0.4894161999691278,9057.0,1139,3,
350,1139,8142.0,1.577426799980458,heavy,0.8704902000026777,8766.0,1367,3,,0.0477007000008598,11234.0,654,9,,0.205440399935469,10050.0,902,5,,0.4568651000736281,9694.0,1156,3,
351,1106,8485.0,1.535897699999623,heavy,0.9557419000193476,9349.0,1403,3,,0.0420022999169305,11967.0,664,9,,0.1790680000558495,10545.0,900,5,,0.464206299977377,9949.0,1170,3,
352,1115,8455.0,1.550186299980851,heavy,1.0444050000514835,9095.0,1442,3,,0.0386367000173777,11593.0,671,9,,0.2031642000656575,10591.0,938,5,,0.5043022999307141,10247.0,1197,3,
353,1114,8236.0,1.5384136000066064,heavy,0.904814500012435,8844.0,1374,3,,0.0376085999887436,11462.0,650,9,,0.1750462999334558,10153.0,890,5,,0.4645340000279248,9908.0,1158,3,
354,1090,7841.0,1.5269354000047315,heavy,1.0668953000567851,8497.0,1417,3,,0.0366782000055536,10803.0,650,9,,0.1795789999887347,9829.0,897,5,,0.5420514999423176,9505.0,1213,3,
355,1107,8314.0,1.5234886000107508,heavy,0.9351695000659674,9194.0,1388,3,,0.0388520000269636,11742.0,670,9,,0.1927291998872533,10418.0,912,5,,0.505276000010781,9810.0,1191,3,
356,1137,8499.0,1.5636434000043664,heavy,0.9827045999700204,9107.0,1398,3,,0.0487348000751808,11675.0,657,9,,0.237741700024344,10259.0,914,5,,0.4904918000102043,9931.0,1180,3,
357,1108,8420.0,1.6101096000056714,heavy,0.9976703999564052,9076.0,1421,3,,0.0369842000072822,11670.0,671,9,,0.187434299965389,10544.0,918,5,,0.4880696999607607,10252.0,1233,3,
358,1143,8590.0,1.60277810000116,heavy,0.8962159000802785,9214.0,1383,3,,0.0340548000531271,11622.0,652,9,,0.174163099960424,10722.0,907,5,,0.4965622000163421,10374.0,1212,3,
359,1112,8400.0,1.5526630000094883,heavy,1.0983074000105262,9264.0,1385,3,,0.0340912999818101,11510.0,650,9,,0.1833182000555098,10560.0,901,5,,0.4885227000340819,9992.0,1160,3,
360,1138,8411.0,1.5728095000085889,heavy,0.9823089999845253,9051.0,1385,3,,0.0366330000106245,11509.0,659,9,,0.1746805000584572,10475.0,896,5,,0.4739508000202477,10163.0,1193,3,
361,1086,7927.0,1.491170900000725,heavy,1.0122737999772653,8487.0,1328,3,,0.0389013999374583,11013.0,638,9,,0.1849931000033393,10043.0,885,5,,0.5462912999792024,9775.0,1187,3,
362,1092,8160.0,1.4773840999987442,heavy,1.1854981000069529,8736.0,1313,3,,0.0456233998993411,11376.0,663,9,,0.2273763999110087,10200.0,894,5,,0.5165838999673724,9896.0,1211,3,
363,1131,7925.0,1.5809955000004263,heavy,1.135145999956876,8549.0,1406,3,,0.0366216000402346,11069.0,655,9,,0.1874336999608203,9789.0,889,5,,0.5778911999659613,9573.0,1199,3,
364,1126,8113.0,1.604775699990569,heavy,0.9962883000262082,8737.0,1399,3,,0.0452837999910116,10812.0,652,9,,0.2237827000208199,9929.0,902,5,,0.556564399972558,9665.0,1182,3,
365,1124,8209.0,1.571963299997151,heavy,1.1722247999859974,8801.0,1371,3,,0.0370868000900372,11467.0,656,9,,0.2255156000610441,10089.0,897,5,,0.4603175999363884,9713.0,1162,3,
366,1108,8197.0,1.5371211000019684,heavy,0.9666731999022886,8869.0,1409,3,,0.0335447000106796,11179.0,645,9,,0.1679358000401407,9941.0,882,5,,0.4387639999622479,9573.0,1146,3,
367,1132,8272.0,1.5640487999771722,heavy,1.0981437000446022,8928.0,1424,3,,0.0404232000000774,11256.0,671,9,,0.1998686000006273,10252.0,918,5,,0.529881399939768,9928.0,1207,3,
368,1137,8289.0,1.584929100004956,heavy,1.1479772001039237,8897.0,1355,3,,0.0342984000453725,11365.0,641,9,,0.18692510004621,10065.0,887,5,,0.487903399975039,9657.0,1148,3,
369,1131,8399.0,1.6272150999866426,heavy,1.0812813000520691,9055.0,1442,3,,0.0368342000292614,11602.0,652,9,,0.2426718999631703,10263.0,906,5,,0.5115436000050977,10103.0,1195,3,
370,1136,8554.0,1.6135571000049822,heavy,1.1356808000709862,9466.0,1447,3,,0.0406202999874949,12094.0,674,9,,0.2099314000224694,10990.0,926,5,,0.5268863000674173,10362.0,1208,3,
371,1114,7551.0,1.528726699994877,heavy,1.0098527999361977,8223.0,1388,3,,0.0371199999935925,10555.0,651,9,,0.1979644000530243,9535.0,896,5,,0.5047905000392348,9151.0,1174,3,
372,1121,8277.0,1.5561512999993283,heavy,1.1217256999807432,8965.0,1428,3,,0.0386031999951228,11325.0,662,9,,0.1977911000140011,10297.0,903,5,,0.6024650000035763,10021.0,1224,3,
373,1126,8419.0,1.5858291999902576,heavy,1.0381286999909207,9363.0,1435,3,,0.0410089999204501,11705.0,666,9,,0.1908362000249326,10819.0,917,5,,0.4993571999948472,10171.0,1219,3,
374,1100,8335.0,1.5192970999924,heavy,1.223805500078015,8991.0,1454,3,,0.0382862000260502,11797.0,666,9,,0.1982811000198125,10223.0,909,5,,0.5707302000373602,9839.0,1165,3,
375,1148,8841.0,1.6093313000164926,heavy,1.110732499975711,9737.0,1459,3,,0.0666802000487223,12067.0,675,9,,0.2054519000230357,11133.0,938,5,,0.6220941999927163,10601.0,1231,3,
376,1117,8020.0,1.5449723999772689,heavy,1.0418090999592096,8644.0,1397,3,,0.0360502999974414,11390.0,662,9,,0.1888369999360293,10112.0,909,5,,0.5084934000624344,9852.0,1194,3,
377,1142,7820.0,1.6065334999875631,heavy,1.11804430000484,8428.0,1362,3,,0.0421428000554442,11018.0,664,9,,0.2262761999154463,9832.0,910,5,,0.5010962000815198,9516.0,1224,3,
378,1121,8219.0,1.5863911000196822,heavy,1.0741550999227911,8859.0,1411,3,,0.0363898000214248,11077.0,654,9,,0.1885893999133259,10047.0,900,5,,0.5596862999955192,9811.0,1237,3,
379,1098,7941.0,1.5029943000117785,heavy,1.1347165999468416,8613.0,1413,3,,0.0349815000081434,10845.0,643,9,,0.1900364001048728,9921.0,890,5,,0.5536660000216216,9501.0,1183,3,
380,1145,8457.0,1.5941562000080012,heavy,1.1141527000581846,9145.0,1449,3,,0.041819299920462,11649.0,672,9,,0.2018998999847099,10337.0,921,5,,0.5201128999469802,10009.0,1219,3,
381,1127,8766.0,1.5735386000014842,heavy,1.1439315000316128,9454.0,1479,3,,0.0367596000432968,11982.0,677,9,,0.1998449000529945,10950.0,949,5,,0.5152242999756709,10638.0,1243,3,
382,1119,8011.0,1.5614569999743253,heavy,1.106091700028628,8619.0,1389,3,,0.0376549999928101,11023.0,648,9,,0.1866430999943986,9903.0,892,5,,0.5292985000414774,9579.0,1152,3,
383,1130,8064.0,1.5568146000150591,heavy,1.2270779999671504,8720.0,1400,3,,0.0359900000039488,10840.0,645,9,,0.194067999953404,10080.0,896,5,,0.5367219999898225,9664.0,1177,3,
384,1124,8292.0,1.5824672000017015,heavy,1.0360691000241786,9172.0,1407,3,,0.035393500002101,11674.0,652,9,,0.1860401999438181,10672.0,913,5,,0.5091406999854371,10092.0,1211,3,
385,1103,8397.0,1.5353433999989647,heavy,1.1227842000080273,9069.0,1429,3,,0.035662299953401,11397.0,676,9,,0.2064864999847486,10161.0,913,5,,0.5009833000367507,9925.0,1214,3,
386,1134,8555.0,1.5947407000057865,heavy,1.0759462000569329,9163.0,1369,3,,0.0352876000106334,11665.0,658,9,,0.1963568000355735,10507.0,900,5,,0.5408479999750853,10139.0,1199,3,
387,1109,8143.0,1.5202008000051137,heavy,1.042857400025241,8751.0,1384,3,,0.0423656000057235,10951.0,639,9,,0.2155683999881148,9959.0,878,5,,0.4848362000193447,9631.0,1171,3,
388,1120,8327.0,1.5465799999947194,heavy,1.0616014000261202,8935.0,1374,3,,0.0370682999491691,11361.0,645,9,,0.1922023999504745,10391.0,879,5,,0.4874699999345466,10015.0,1148,3,
389,1146,8251.0,1.613225200009765,heavy,0.9600897999480368,8875.0,1377,3,,0.0473251000512391,11101.0,655,9,,0.2221609000116586,9975.0,892,5,,0.4919144000159576,9659.0,1190,3,
390,1151,8220.0,1.609955899999477,heavy,1.1799536000471562,8828.0,1400,3,,0.0363338999450206,11416.0,655,9,,0.1966865999856963,10144.0,904,5,,0.5275867000455037,9764.0,1172,3,
391,1123,8549.0,1.5605003999953624,heavy,1.077535199932754,9477.0,1451,3,,0.0359177000354975,11999.0,676,9,,0.196263900026679,10949.0,936,5,,0.5214681000215933,10405.0,1236,3,
392,1146,8412.0,1.6242375999863723,heavy,1.3004417999181896,9292.0,1409,3,,0.0378316000569611,11966.0,656,9,,0.2005344000644981,10520.0,893,5,,0.5431734999874607,9908.0,1163,3,
393,1119,8352.0,1.5575547000044023,heavy,1.0141050000675025,9024.0,1375,3,,0.0350870999973267,11182.0,649,9,,0.1754465999547392,10092.0,882,5,,0.4617013999959454,9824.0,1163,3,
394,1095,8479.0,1.533655600011116,heavy,1.174530200078152,9199.0,1474,3,,0.0339959999546408,11579.0,671,9,,0.1950593999354168,10827.0,939,5,,0.4887878000736236,10551.0,1240,3,
395,1116,8287.0,1.7808517000230497,heavy,0.9697324999142438,8895.0,1399,3,,0.0351441000821068,11687.0,652,9,,0.1896612000418827,10347.0,900,5,,0.5225963999982923,10031.0,1200,3,
396,1113,7640.0,1.531055799976457,heavy,1.0100507999304682,8264.0,1382,3,,0.0386646999977529,10470.0,639,9,,0.1821235000388696,9516.0,897,5,,0.4849029999459162,9216.0,1174,3,
397,1140,8535.0,1.6555444999830795,heavy,1.074421799974516,9207.0,1415,3,,0.0334603999508544,11411.0,668,9,,0.1889293000567704,10399.0,919,5,,0.4908506999490782,10007.0,1211,3,
398,1096,7996.0,1.5335625000006985,heavy,1.0305672000395134,8652.0,1398,3,,0.0340868999483063,10698.0,641,9,,0.1851342000300064,9912.0,896,5,,0.5265785999363288,9588.0,1198,3,
399,1126,8076.0,1.5986231999995653,heavy,0.9857917000772431,8700.0,1397,3,,0.0353614999912679,11414.0,657,9,,0.1917008000891655,10188.0,910,5,,0.5151392000261694,9836.0,1175,3,
400,1114,8502.0,1.533115500002168,heavy,1.1173720000078902,9206.0,1429,3,,0.0369666999904438,11568.0,663,9,,0.1898296000435948,10490.0,908,5,,0.5447074000257999,10110.0,1203,3,
401,1131,8545.0,1.5942018999776335,heavy,1.0201499999966472,9137.0,1400,3,,0.0377255000639706,11787.0,669,9,,0.1856766000855714,10701.0,931,5,,0.4911713000619784,10369.0,1200,3,
402,1101,8252.0,1.5110977999866009,heavy,1.1118178999749944,9100.0,1356,3,,0.0363496999489143,11802.0,667,9,,0.1924488000804558,10484.0,905,5,,0.5991051000310108,9948.0,1227,3,
403,1094,8057.0,1.5171303999959491,heavy,1.0224830000661314,8713.0,1433,3,,0.0462299000937491,10719.0,660,9,,0.2417061000596732,9893.0,910,5,,0.4826321000000462,9553.0,1182,3,
404,1116,7737.0,1.5430250999925192,heavy,0.9648861000314356,8345.0,1354,3,,0.033011500025168,10945.0,634,9,,0.1690205999184399,9593.0,872,5,,0.4478047000011429,9225.0,1153,3,
405,1114,8258.0,1.5416199000028428,heavy,1.0053686000173911,8946.0,1425,3,,0.0353833999251946,11472.0,662,9,,0.1900471000699326,10142.0,907,5,,0.547140600043349,9890.0,1180,3,
406,1130,8163.0,1.5952801999810615,heavy,1.124910100013949,8819.0,1438,3,,0.0373299999628216,11443.0,657,9,,0.1832938999868929,10331.0,915,5,,0.536513700033538,10075.0,1233,3,
407,1164,8258.0,1.640675700007705,heavy,1.354382399935275,8946.0,1471,3,,0.040840100031346,11442.0,662,9,,0.2610782999545336,10146.0,913,5,,0.5565467000706121,9794.0,1196,3,
408,1123,8275.0,1.556744900008198,heavy,0.944091200013645,8851.0,1342,3,,0.0344969000434502,11211.0,663,9,,0.1797772999852895,10263.0,899,5,,0.5115197999402881,10027.0,1190,3,
409,1121,8028.0,1.633097199985059,heavy,1.0859912000596523,8668.0,1392,3,,0.0345127999316901,10810.0,659,9,,0.1872019000584259,9932.0,906,5,,0.5227251999313012,9532.0,1169,3,
410,1124,8258.0,1.5733975000039209,heavy,1.010510699939914,8850.0,1376,3,,0.0341389999957755,11190.0,653,9,,0.1791237000143155,10210.0,898,5,,0.4632962000323459,9898.0,1167,3,
411,1128,8524.0,1.5661023999855388,heavy,1.0715170999756083,9132.0,1415,3,,0.0366495999041944,11570.0,655,9,,0.1971860999474302,10668.0,911,5,,0.567087100003846,10396.0,1231,3,
412,1136,7963.0,1.59694099999615,heavy,1.0953053999692202,8555.0,1337,3,,0.0412990000331774,10835.0,645,9,,0.2134620000142604,9875.0,878,5,,0.5211026999168098,9531.0,1168,3,
413,1145,8075.0,1.6049175999942236,heavy,0.993880599969998,8779.0,1408,3,,0.0328613000456243,11167.0,646,9,,0.180940999998711,10047.0,901,5,,0.5155721999472007,9739.0,1178,3,
414,1121,7972.0,1.6114833999890834,heavy,1.1367466000374409,8580.0,1367,3,,0.0355494000250473,11424.0,651,9,,0.1842534999595955,10048.0,891,5,,0.5215064999647439,9732.0,1167,3,
415,1156,8453.0,1.6291815000004135,heavy,1.037425699993037,9093.0,1456,3,,0.0444768000161275,11925.0,677,9,,0.2172147000674158,10410.0,928,5,,0.4674989000195637,9909.0,1175,3,
416,1109,7940.0,1.6000672999944072,heavy,1.1966839999658987,8596.0,1385,3,,0.0360250000376254,10846.0,636,9,,0.185026100021787,10152.0,885,5,,0.4872101000510156,9756.0,1156,3,
417,1139,8041.0,1.5988800000050103,heavy,1.241898400010541,8714.0,1428,3,,0.0506973000010475,11329.0,666,9,,0.225024199928157,9909.0,911,5,,0.5307529999408871,9561.0,1195,3,
418,1134,8161.0,1.600837700010743,heavy,0.9630414000712336,8785.0,1355,3,,0.0330285999225452,11537.0,660,9,,0.1880270999390632,10197.0,915,5,,0.4985429999651387,9889.0,1199,3,
419,1129,8358.0,1.6475436000037007,heavy,1.167868599994108,8998.0,1391,3,,0.03654010000173,11482.0,654,9,,0.1992668999591842,10274.0,901,5,,0.4639056000160053,9830.0,1160,3,
420,1121,8388.0,1.5526500999985728,heavy,1.1843316999729725,9044.0,1455,3,,0.047727599972859,11292.0,659,9,,0.1999329999089241,10268.0,917,5,,0.5011317000025883,9860.0,1177,3,
421,1120,8387.0,1.6817204999970272,heavy,0.9638528999639676,8963.0,1349,3,,0.0409902000101283,11796.0,639,9,,0.1956218000268563,10255.0,870,5,,0.499378600041382,9995.0,1167,3,
422,1104,8001.0,1.5286175000073854,heavy,0.9646302000619472,8641.0,1397,3,,0.0451838000444695,10901.0,647,9,,0.2343077999539673,9957.0,904,5,,0.4851424000225961,9594.0,1148,3,
423,1113,7899.0,1.539688799995929,heavy,0.9724801999982446,8491.0,1313,3,,0.0359060999471694,10705.0,629,9,,0.1892574999947101,9752.0,862,5,,0.571278200019151,9395.0,1146,3,
424,1133,8598.0,1.5822971000161488,heavy,1.0562240000581369,9510.0,1433,3,,0.0373105000471696,12214.0,676,9,,0.199215899920091,11014.0,936,5,,0.5308050999883562,10398.0,1211,3,
425,1115,8390.0,1.545141299982788,heavy,0.9976257999660448,9062.0,1399,3,,0.0345201999880373,11384.0,663,9,,0.1822393999900668,10298.0,906,5,,0.5082385999849066,9878.0,1155,3,
426,1116,8663.0,1.6074287999945227,heavy,1.0468470000196248,9335.0,1452,3,,0.0368604999966919,11897.0,668,9,,0.1924162999494001,10655.0,921,5,,0.5546240999829024,10263.0,1220,3,
427,1124,7943.0,1.5647025000071153,heavy,1.004623399931006,8583.0,1389,3,,0.0353088999399915,11177.0,651,9,,0.1837737000314518,9611.0,893,5,,0.4870767000829801,9327.0,1144,3,
428,1104,8113.0,1.5077733999933116,heavy,1.143826499930583,8737.0,1387,3,,0.0373601999599486,11125.0,656,9,,0.1984458999941125,9981.0,889,5,,0.5614708000794053,9729.0,1215,3,
429,1119,8062.0,1.5329651000211015,heavy,0.989143699989654,8654.0,1364,3,,0.0348568999907001,10834.0,644,9,,0.188001700094901,9818.0,897,5,,0.5118733999552205,9630.0,1167,3,
430,1103,7809.0,1.5494524000096137,heavy,1.0065247000893578,8401.0,1356,3,,0.0334941999753937,10523.0,640,9,,0.1890465000178665,9537.0,884,5,,0.4895581000018865,9361.0,1156,3,
431,1129,8301.0,1.5707683000073305,heavy,0.9656700999476016,9005.0,1397,3,,0.0366446999832987,11147.0,645,9,,0.18532619997859,10237.0,892,5,,0.4682903999928385,9893.0,1185,3,
432,1154,8296.0,1.639256900001783,heavy,1.0925032999366522,8936.0,1400,3,,0.0365862000035122,11802.0,669,9,,0.1842785000335425,10428.0,907,5,,0.5032014999305829,10152.0,1199,3,
433,1102,7946.0,1.5071437000005972,heavy,0.998505000025034,8522.0,1344,3,,0.0347617999650538,10774.0,645,9,,0.1815347999799996,9650.0,880,5,,0.5052342000417411,9298.0,1152,3,
434,1108,8128.0,1.5420600000070408,heavy,1.0136494999751449,8768.0,1387,3,,0.0371882999315857,11010.0,660,9,,0.1867793999845162,10012.0,904,5,,0.4887219000374898,9664.0,1161,3,
435,1152,8190.0,1.5929684000147972,heavy,1.1274809000315145,8878.0,1452,3,,0.0387705999892205,11094.0,672,9,,0.2048208999913185,10174.0,919,5,,0.5349286000709981,9734.0,1170,3,
436,1120,8666.0,1.5571267000050284,heavy,1.1797970000188798,9274.0,1385,3,,0.0354300000471994,11848.0,665,9,,0.187350400025025,10698.0,907,5,,0.4846656000008806,10274.0,1187,3,
437,1111,8171.0,1.5431461999833118,heavy,1.2131028999574482,8795.0,1394,3,,0.0369884999236092,11197.0,662,9,,0.1950878000352531,10071.0,901,5,,0.5284352001035586,9763.0,1237,3,
438,1120,8232.0,1.5603509999928065,heavy,1.1819971000077203,8824.0,1391,3,,0.0413602000335231,11178.0,665,9,,0.245358100044541,10180.0,910,5,,0.5510328999953344,9856.0,1209,3,
439,1125,8597.0,1.5875631000089925,heavy,1.1047225999645889,9237.0,1390,3,,0.0410440999548882,11437.0,659,9,,0.190980099956505,10693.0,913,5,,0.500600399915129,10349.0,1207,3,
440,1134,8584.0,1.5708256999787409,heavy,1.042021199944429,9224.0,1408,3,,0.035954900085926,12098.0,683,9,,0.1836790998931974,10728.0,935,5,,0.4814193999627605,10408.0,1204,3,
441,1116,7566.0,1.5575030999898445,heavy,0.994480299996212,8174.0,1344,3,,0.0363583998987451,10552.0,644,9,,0.1855511999456212,9638.0,895,5,,0.521102299913764,9518.0,1205,3,
442,1133,8042.0,1.58655480001471,heavy,1.1012795000569895,8698.0,1392,3,,0.0341280000284314,11068.0,646,9,,0.1834436999633908,9938.0,887,5,,0.4933447999646887,9674.0,1196,3,
443,1089,8405.0,1.533163699990837,heavy,1.1907358999596909,9045.0,1444,3,,0.0365720000118017,11631.0,663,9,,0.1931783000472933,10261.0,896,5,,0.5210678000003099,9925.0,1179,3,
444,1150,8270.0,1.6000261000008322,heavy,1.0048593999817967,8894.0,1353,3,,0.0356131000444293,11364.0,643,9,,0.1843197999987751,10326.0,884,5,,0.5229706999380141,9998.0,1182,3,
445,1112,8222.0,1.5349385000008624,heavy,1.0738002000143752,8926.0,1435,3,,0.0348045999417081,11284.0,654,9,,0.1900784999597817,10410.0,906,5,,0.5231973000336438,10086.0,1175,3,
446,1138,8167.0,1.6023527000215836,heavy,1.009869599947706,8823.0,1411,3,,0.03721380000934,11207.0,648,9,,0.1921706000575795,10323.0,905,5,,0.5345434000482783,9911.0,1198,3,
447,1123,8056.0,1.5656092000135686,heavy,0.9800681000342591,8664.0,1354,3,,0.0463906000368297,10992.0,644,9,,0.1830477999756112,9896.0,892,5,,0.4700826000189408,9544.0,1173,3,
448,1114,8792.0,1.5398825999873225,heavy,1.0283027000259608,9432.0,1433,3,,0.0372887999983504,12096.0,682,9,,0.2141871000640094,10772.0,936,5,,0.5523067000322044,10456.0,1245,3,
449,1109,8570.0,1.596798700018553,heavy,1.020527399959974,9290.0,1467,3,,0.0370755000039935,11590.0,665,9,,0.1920396999921649,10570.0,923,5,,0.4844035999849438,10234.0,1214,3,
450,1126,8180.0,1.5738108000077773,heavy,1.2851597999688238,8836.0,1422,3,,0.036829899996519,11322.0,648,9,,0.1931477999314665,10084.0,887,5,,0.5318041999125853,9748.0,1162,3,
451,1123,8540.0,1.8038027999864423,heavy,1.1057610000716522,9148.0,1410,3,,0.0352382999844849,11508.0,666,9,,0.1943568000569939,10548.0,921,5,,0.5275917999679223,10308.0,1236,3,
452,1156,8071.0,1.6254209999751763,heavy,1.035482499981299,8663.0,1384,3,,0.0354305000510066,10893.0,650,9,,0.189338400028646,9951.0,893,5,,0.5724234000081196,9599.0,1171,3,
453,1135,7776.0,1.6601277000154369,heavy,0.99872100003995,8432.0,1408,3,,0.0313835999695584,10806.0,642,9,,0.180748900049366,9740.0,892,5,,0.4692277000285685,9296.0,1172,3,
454,1102,8185.0,1.5321679000044242,heavy,1.079364899895154,8825.0,1399,3,,0.0385682000778615,11195.0,661,9,,0.1874811999732628,10229.0,909,5,,0.5070142999757081,9897.0,1184,3,
455,1133,8665.0,1.6216044000175316,heavy,1.1118026999756694,9561.0,1422,3,,0.0358376000076532,12133.0,653,9,,0.2070955999661237,10841.0,900,5,,0.5333211000543088,10297.0,1177,3,
456,1108,8414.0,1.7736100999754854,heavy,1.0334896999411285,9070.0,1420,3,,0.0365115000167861,11938.0,666,9,,0.2028606999665498,10602.0,927,5,,0.5722952999640256,10270.0,1241,3,
457,1126,8255.0,1.5752992000197992,heavy,1.0662285999860617,8879.0,1435,3,,0.0342646000208333,11567.0,655,9,,0.1803999000694602,10147.0,905,5,,0.5160076000029221,9751.0,1181,3,
458,1129,8079.0,1.5781133999989834,heavy,0.9785771999740972,8671.0,1332,3,,0.0341481999494135,11261.0,647,9,,0.1907371999695897,10179.0,903,5,,0.4906413999851793,9927.0,1218,3,
459,1102,8431.0,1.5338450999988709,heavy,1.048522699973546,9071.0,1425,3,,0.0348524000728502,11737.0,665,9,,0.1858915999764576,10727.0,923,5,,0.5037451999960467,10327.0,1181,3,
460,1139,8150.0,1.578436599986162,heavy,1.0420659999363124,8806.0,1440,3,,0.0360960999969393,11354.0,672,9,,0.1894089999841526,10310.0,929,5,,0.5389593000290915,9902.0,1234,3,
461,1117,8234.0,1.549891500006197,heavy,0.966587100061588,8842.0,1352,3,,0.0366564000723883,11704.0,654,9,,0.1790365000488236,10322.0,891,5,,0.4874834000365808,10010.0,1182,3,
462,1129,7758.0,1.5780512999917846,heavy,0.9252312999451532,8382.0,1349,3,,0.0318645000224933,10430.0,622,9,,0.1809188000624999,9638.0,858,5,,0.519848300027661,9334.0,1114,3,
463,1138,8223.0,1.6014573999855202,heavy,1.0796264000236988,8879.0,1399,3,,0.036585499998182,11291.0,651,9,,0.1952276000520214,10407.0,897,5,,0.5839874999364838,10191.0,1199,3,
464,1123,8424.0,1.5640422999858856,heavy,1.380226799985394,9080.0,1440,3,,0.0383561999769881,11604.0,669,9,,0.1961383000016212,10508.0,918,5,,0.5717677000211552,10128.0,1209,3,
465,1144,8235.0,1.5980036999972071,heavy,1.157527300063521,8939.0,1422,3,,0.0423162000952288,11751.0,667,9,,0.2496973000233993,10227.0,911,5,,0.5645510000176728,9875.0,1206,3,
466,1134,8129.0,1.583863100007875,heavy,1.167577699990943,8801.0,1492,3,,0.0515687000006437,11225.0,675,9,,0.2474783000070601,10293.0,928,5,,0.5512069000396878,9929.0,1232,3,
467,1087,8243.0,1.5057052999909502,heavy,0.9691340998979284,8899.0,1403,3,,0.0386899000732228,11173.0,654,9,,0.1985837999964133,10047.0,894,5,,0.5493662999942899,9715.0,1161,3,
468,1122,8358.0,1.5635304999887012,heavy,1.043499199906364,8950.0,1402,3,,0.0380355999805033,11468.0,656,9,,0.2460477000568062,10418.0,893,5,,0.465738600003533,10046.0,1167,3,
469,1141,8804.0,1.5954317999712655,heavy,0.9849400999955832,9428.0,1415,3,,0.0401890999637544,12026.0,663,9,,0.2052045000018552,10740.0,912,5,,0.5648739999160171,10420.0,1207,3,
470,1122,8459.0,1.5655771999736317,heavy,1.0266800000099463,9083.0,1409,3,,0.0354818999767303,11587.0,661,9,,0.1849752999842167,10547.0,909,5,,0.5082318000495434,10219.0,1179,3,
471,1151,8250.0,1.624159300001338,heavy,1.0764380000764504,8874.0,1422,3,,0.0384358000010252,11440.0,660,9,,0.1876073000021278,10174.0,894,5,,0.4963880999712273,9850.0,1203,3,
472,1131,8132.0,1.5651967000158038,heavy,0.9928442001109944,8756.0,1370,3,,0.0490724999690428,10958.0,650,9,,0.2054702999303117,10204.0,907,5,,0.5377136999741197,9900.0,1200,3,
473,1115,7969.0,1.537116599996807,heavy,1.0141603000229225,8833.0,1334,3,,0.0314471999881789,11201.0,635,9,,0.1690159999998286,10081.0,865,5,,0.4530486000003293,9513.0,1140,3,
474,1117,8230.0,1.5558370999933686,heavy,1.0524176000617445,8854.0,1415,3,,0.0486202000174671,11616.0,665,9,,0.2442510999972,10446.0,913,5,,0.5767927999841049,10174.0,1207,3,
475,1131,8017.0,1.6246526000031736,heavy,1.146113800001331,8657.0,1431,3,,0.0366499000228941,11251.0,650,9,,0.1969919999828562,9821.0,889,5,,0.4913031999021768,9585.0,1165,3,
476,1127,8608.0,1.5770098000066357,heavy,1.2044720998965204,9216.0,1423,3,,0.0356794000836089,11838.0,671,9,,0.2037929000798612,10512.0,922,5,,0.5711334000807256,10232.0,1230,3,
477,1132,8200.0,1.707911100005731,heavy,1.2132400999544188,8824.0,1385,3,,0.0345945000881329,11120.0,646,9,,0.1891583999386057,9968.0,881,5,,0.5213427999988198,9648.0,1178,3,
478,1142,7865.0,1.605741900013527,heavy,1.093853700091131,8521.0,1380,3,,0.033856000052765,10881.0,644,9,,0.1874853000044822,9909.0,888,5,,0.5009636000031605,9625.0,1171,3,
479,1100,7661.0,1.572552600002382,heavy,0.9469959000125528,8269.0,1344,3,,0.0332578000379726,10803.0,638,9,,0.1810575000708922,9749.0,884,5,,0.4916122000431642,9429.0,1175,3,
480,1143,8364.0,1.654765999992378,heavy,1.087590100010857,8988.0,1390,3,,0.0384326999774202,11336.0,654,9,,0.1860744999721646,10288.0,906,5,,0.5177707000402734,10012.0,1199,3,
481,1129,8361.0,1.561272299994016,heavy,1.0080757000250742,8969.0,1391,3,,0.0350748000200837,11703.0,655,9,,0.1793538999045267,10165.0,906,5,,0.4916278000455349,9865.0,1188,3,
482,1105,8513.0,1.5332590999896638,heavy,1.040645300061442,9185.0,1408,3,,0.0349209000123664,11721.0,668,9,,0.1835440000286325,10809.0,924,5,,0.5225721999304369,10441.0,1189,3,
483,1114,8666.0,1.5679817000054754,heavy,1.2043694999301806,9610.0,1436,3,,0.0404419000260531,12006.0,660,9,,0.2050921000773087,10922.0,913,5,,0.5962851999793202,10322.0,1226,3,
484,1110,8494.0,1.5541024999984074,heavy,0.9770498999860138,9086.0,1385,3,,0.0372825000667944,12042.0,672,9,,0.1934320000000298,10462.0,924,5,,0.5061782000120729,10094.0,1210,3,
485,1129,8510.0,1.5582296999928076,heavy,1.145298899966292,9134.0,1389,3,,0.035121800028719,11598.0,662,9,,0.1831952000502497,10446.0,903,5,,0.4943924999097362,10014.0,1173,3,
486,1130,8304.0,1.6117228999792133,heavy,1.1337105000857264,8944.0,1372,3,,0.0342003999976441,11744.0,658,9,,0.1972686999943107,10064.0,898,5,,0.5276077000889927,9776.0,1189,3,
487,1127,8149.0,1.6429584000143225,heavy,1.0457667000591755,9029.0,1366,3,,0.0395688000135123,11139.0,655,9,,0.1884567999513819,10313.0,897,5,,0.4822119000600651,9717.0,1168,3,
488,1122,8577.0,1.5660460999934005,heavy,1.1056924000149593,9185.0,1403,3,,0.0374503000639379,11561.0,661,9,,0.2146672999951988,10713.0,934,5,,0.5505208999384195,10369.0,1217,3,
489,1112,7816.0,1.5372716000129003,heavy,1.1974029999691993,8472.0,1399,3,,0.0452814999734982,11046.0,654,9,,0.2103920999215915,9776.0,898,5,,0.4994593999581411,9440.0,1185,3,
490,1144,7774.0,1.5989555999985896,heavy,1.0619813000084832,8430.0,1402,3,,0.0341219999827444,10864.0,650,9,,0.1806802999926731,9818.0,904,5,,0.4687446999596432,9422.0,1171,3,
491,1125,8167.0,1.6011532999982592,heavy,1.1424578999867665,8823.0,1436,3,,0.0463031999533996,11129.0,664,9,,0.2579626999795437,10095.0,909,5,,0.4962565000168979,9719.0,1191,3,
492,1127,8375.0,1.643050000013318,heavy,1.0503811999224126,8967.0,1376,3,,0.0351932999910786,11395.0,651,9,,0.1895457999780774,10175.0,884,5,,0.5000732999760658,9815.0,1181,3,
493,1141,8427.0,1.5921538999828044,heavy,1.2161997000221163,9051.0,1410,3,,0.0387649000622332,11343.0,648,9,,0.1950781000778079,10303.0,896,5,,0.4997273000190034,9963.0,1160,3,
494,1102,8131.0,1.5144971999980044,heavy,1.1143172999145463,8787.0,1428,3,,0.0444550999673083,11183.0,659,9,,0.1987069000024348,10359.0,929,5,,0.50211749994196,9971.0,1187,3,
495,1086,8145.0,1.497251499997219,heavy,1.259175300016068,8753.0,1403,3,,0.0367527999915182,10961.0,637,9,,0.2065699000377208,9981.0,869,5,,0.5647158999927342,9713.0,1168,3,
496,1135,8283.0,1.585840100015048,heavy,1.094322599936277,8907.0,1420,3,,0.036496500018984,11207.0,655,9,,0.1962468000128865,10335.0,908,5,,0.4937188000185415,9995.0,1190,3,
497,1108,7939.0,1.532871900009923,heavy,1.0364628999959675,8579.0,1405,3,,0.0348243999760597,10799.0,646,9,,0.2075031000422313,9743.0,886,5,,0.5686722000828013,9363.0,1146,3,
498,1129,8306.0,1.5640786000003573,heavy,1.1112003000453117,8930.0,1395,3,,0.046406100038439,11388.0,654,9,,0.2251122999005019,10006.0,894,5,,0.5074594999896362,9674.0,1168,3,
499,1115,8150.0,1.5382912999775726,heavy,1.1291939000366256,8774.0,1391,3,,0.0371591999428346,10958.0,659,9,,0.2059639999642968,9890.0,897,5,,0.5029872000450268,9678.0,1196,3,
500,1133,8122.0,1.587458099995274,heavy,1.0967827000422403,8746.0,1393,3,,0.0370075999526307,11018.0,648,9,,0.1904550000326708,9954.0,877,5,,0.4941516000544652,9642.0,1167,3,
501,1117,8264.0,1.5431826999993064,heavy,1.186130499932915,8920.0,1424,3,,0.0362613999750465,11198.0,658,9,,0.2014042000519111,10100.0,904,5,,0.5020384000381455,9824.0,1202,3,
502,1100,8012.0,1.5265689000079874,heavy,1.019402000005357,8652.0,1419,3,,0.035091400030069,10996.0,645,9,,0.1871898000827059,9880.0,882,5,,0.4669727999716997,9556.0,1152,3,
503,1148,8709.0,1.6001117999840062,heavy,1.0670049000764266,9317.0,1445,3,,0.0425970000214874,11699.0,663,9,,0.2255177999613806,10733.0,914,5,,0.5974997000303119,10445.0,1217,3,
504,1096,8078.0,1.511767799995141,heavy,1.1289918000111356,8702.0,1422,3,,0.0425931999925524,11086.0,664,9,,0.1980787999927997,9890.0,908,5,,0.5488162999972701,9510.0,1200,3,
505,1139,7829.0,1.5964775999891572,heavy,1.0404257000191135,8533.0,1403,3,,0.033062299946323,10533.0,638,9,,0.1892599000129848,9785.0,873,5,,0.485328400041908,9453.0,1179,3,
506,1144,8432.0,1.59612480000942,heavy,1.1444032998988405,9024.0,1353,3,,0.0401610999833792,11474.0,651,9,,0.2073667999356985,10552.0,901,5,,0.592806699918583,10192.0,1192,3,
507,1110,7951.0,1.5872023999982048,heavy,1.070501200039871,8607.0,1368,3,,0.037135999999009,11143.0,651,9,,0.1970571000128984,9771.0,884,5,,0.518400099943392,9431.0,1147,3,
508,1115,8314.0,1.5532367000123486,heavy,1.0192719999467954,8938.0,1376,3,,0.0382600000593811,11588.0,660,9,,0.1986819000449031,10358.0,895,5,,0.5426299999235198,10058.0,1210,3,
509,1131,8070.0,1.587799900007667,heavy,1.1088107000105083,8726.0,1458,3,,0.0510596999665722,11168.0,652,9,,0.2347989999689161,9922.0,894,5,,0.4965742999920621,9566.0,1158,3,
510,1128,8240.0,1.6041023999860045,heavy,1.0786266000941396,8962.0,1397,3,,0.0355095999548211,11138.0,663,9,,0.1919223999138921,10272.0,912,5,,0.5128511000657454,9976.0,1228,3,
511,1096,8185.0,1.506433799979277,heavy,1.1752921999432149,8857.0,1407,3,,0.0362746999599039,11043.0,657,9,,0.1927184000378474,10065.0,927,5,,0.5238154999678954,9761.0,1201,3,
512,1134,8585.0,1.619531799980905,heavy,1.3095176999922842,9257.0,1483,3,,0.036933199968189,11819.0,672,9,,0.2082416999619454,10493.0,927,5,,0.5095127000240609,10097.0,1211,3,
513,1130,8207.0,1.5837403000041377,heavy,1.1299778000684455,8863.0,1403,3,,0.0433932000305503,11281.0,662,9,,0.2044591000303626,10259.0,917,5,,0.551164000062272,9895.0,1212,3,
514,1118,8716.0,1.559439900011057,heavy,1.1587760000256822,9308.0,1406,3,,0.0492367999395355,11762.0,680,9,,0.2395091999787837,10640.0,937,5,,0.5357008000137284,10324.0,1224,3,
515,1119,8263.0,1.5550496999931056,heavy,0.9923452000366524,8903.0,1382,3,,0.0580011999700218,11427.0,649,9,,0.1819016999797895,10303.0,907,5,,0.5045553999952972,9911.0,1181,3,
516,1124,8321.0,1.6148420000099577,heavy,1.0686922000022605,8977.0,1413,3,,0.0346099000889807,11441.0,666,9,,0.1865231998963281,10261.0,917,5,,0.4900115999625996,9937.0,1189,3,
517,1135,8922.0,1.7382629000057932,heavy,0.9990436000516638,9562.0,1429,3,,0.0376700999913737,12490.0,692,9,,0.1963600000599399,11030.0,935,5,,0.5230802000733092,10722.0,1254,3,
518,1119,8418.0,1.570883300009882,heavy,0.931983899907209,9042.0,1363,3,,0.0362876000581309,11434.0,656,9,,0.190576700028032,10214.0,880,5,,0.4971236999845132,9978.0,1188,3,
519,1125,8413.0,1.557503899995936,heavy,1.1192980000050738,9053.0,1415,3,,0.0376491999486461,11651.0,671,9,,0.2005868999985978,10453.0,925,5,,0.5809581000357866,10141.0,1225,3,
520,1108,8207.0,1.5325715000217317,heavy,1.0037854000693187,8831.0,1375,3,,0.0363983999704942,11437.0,652,9,,0.1921812000218778,10231.0,901,5,,0.5131332000019029,9879.0,1172,3,
521,1117,8234.0,1.5658608000085223,heavy,0.9757317999610676,8826.0,1362,3,,0.0372003000229597,11160.0,654,9,,0.1837349999696016,10102.0,904,5,,0.4904985999455675,9794.0,1184,3,
522,1105,8348.0,1.543061000003945,heavy,1.0215658000670371,9004.0,1408,3,,0.0426702999975532,11518.0,672,9,,0.1937789999647066,10468.0,930,5,,0.4784873001044616,10100.0,1194,3,
523,1121,8683.0,1.5554438000253867,heavy,1.0184713000198826,9403.0,1456,3,,0.0391322000650689,11799.0,667,9,,0.2066316999262198,10711.0,934,5,,0.5819863000651821,10483.0,1202,3,
524,1129,8441.0,1.562947600003099,heavy,1.155452199978754,9305.0,1418,3,,0.0363539999816566,11889.0,657,9,,0.1861758000450208,10541.0,880,5,,0.5025231000036001,9913.0,1181,3,
525,1144,8413.0,1.5932888000097591,heavy,1.169802900054492,9053.0,1420,3,,0.0365354999667033,11511.0,671,9,,0.1906943999929353,10345.0,907,5,,0.5263021000428125,9989.0,1219,3,
526,1134,8329.0,1.6100533000135329,heavy,1.113476499915123,9001.0,1438,3,,0.0346376000670716,11251.0,664,9,,0.1931829999666661,10465.0,932,5,,0.4738485999405384,10217.0,1212,3,
527,1110,7799.0,1.5162074000108987,heavy,1.0754375000251457,8439.0,1395,3,,0.0361373000778257,10561.0,646,9,,0.1780179999768734,9771.0,882,5,,0.4956617999123409,9367.0,1167,3,
528,1131,8227.0,1.5608114000060596,heavy,1.1774870000081137,8867.0,1401,3,,0.0395129000535234,11369.0,641,9,,0.1990577999968081,10375.0,904,5,,0.572352199931629,9979.0,1188,3,
529,1136,8387.0,1.5870640000212006,heavy,1.307908400078304,9123.0,1424,3,,0.0398408999899402,11729.0,660,9,,0.214963199920021,10163.0,894,5,,0.5370018999092281,9859.0,1189,3,
530,1126,8246.0,1.582634299993515,heavy,1.240308600012213,8854.0,1379,3,,0.0362989000277593,11630.0,657,9,,0.1998915000585839,10078.0,885,5,,0.5047479999484494,9798.0,1175,3,
531,1114,8606.0,1.5522556999931112,heavy,1.2818244999507442,9534.0,1433,3,,0.0372820000629872,12094.0,684,9,,0.2044788999482989,10842.0,921,5,,0.4931790000991896,10302.0,1195,3,
532,1123,8455.0,1.546479199983878,heavy,1.0748444000491872,9047.0,1416,3,,0.0425730000715702,11421.0,657,9,,0.242478400003165,10307.0,903,5,,0.4939396999543533,10079.0,1194,3,
533,1121,8424.0,1.5625601999927312,heavy,1.0345630999654531,9064.0,1411,3,,0.0396356999408453,11868.0,668,9,,0.2108622000087052,10240.0,906,5,,0.4933434999547899,9880.0,1162,3,
534,1144,7923.0,1.595508800004609,heavy,1.0578736999304963,8627.0,1484,3,,0.0417789999628439,10991.0,665,9,,0.2569917999207973,9851.0,929,5,,0.471521700033918,9451.0,1168,3,
535,1117,7645.0,1.5450227000110317,heavy,1.14115119993221,8285.0,1390,3,,0.0352392999920994,10522.0,640,9,,0.1973174000158906,9589.0,879,5,,0.5318611999973655,9245.0,1169,3,
536,1146,8874.0,1.6094759000116028,heavy,1.0681129000149667,9530.0,1422,3,,0.0394162000156939,12204.0,677,9,,0.2086308000143617,10778.0,929,5,,0.5453189000254497,10426.0,1192,3,
537,1095,8292.0,1.5171140000165906,heavy,0.9913938000099732,9220.0,1410,3,,0.0349422000581398,11802.0,666,9,,0.188772999914363,10472.0,909,5,,0.4981738999485969,9796.0,1193,3,
538,1125,8346.0,1.572254900005646,heavy,1.0381110000889748,8970.0,1377,3,,0.0352575000142678,12020.0,665,9,,0.2002104000421241,10074.0,891,5,,0.5671309999888763,9834.0,1187,3,
539,1130,8426.0,1.55788870001561,heavy,1.0111996000632644,9034.0,1396,3,,0.0379289999837055,11406.0,668,9,,0.2015868999296799,10282.0,911,5,,0.5090653999941424,9938.0,1185,3,
540,1131,8652.0,1.575762599997688,heavy,0.9867443999974056,9260.0,1395,3,,0.0518081000773236,11594.0,668,9,,0.2056995000457391,10404.0,928,5,,0.4754251999547705,10060.0,1192,3,
541,1136,8547.0,1.6232506000087596,heavy,1.1760462999809531,9219.0,1415,3,,0.0365900999167934,11507.0,655,9,,0.1889655999839306,10463.0,908,5,,0.5544505999423563,10179.0,1222,3,
542,1120,7718.0,1.5630059000104666,heavy,0.98501760000363,8630.0,1363,3,,0.0416469000047072,10894.0,632,9,,0.2279064999893307,9858.0,872,5,,0.4842954999767244,9254.0,1137,3,
543,1144,8305.0,1.5963282999873627,heavy,1.0019507999531925,9185.0,1400,3,,0.0447565000504255,11465.0,652,9,,0.2354047000408172,10349.0,896,5,,0.4922842000378296,9785.0,1164,3,
544,1124,8492.0,1.5403975000081118,heavy,1.0279674000339585,9100.0,1398,3,,0.0345162999583408,11668.0,663,9,,0.1835779000539332,10316.0,906,5,,0.5323909999569878,9980.0,1200,3,
545,1107,7957.0,1.5521104999934323,heavy,1.074601999949664,8597.0,1386,3,,0.0348663000622764,10923.0,661,9,,0.1869371000211686,10113.0,916,5,,0.540581899927929,9717.0,1226,3,
546,1148,7983.0,1.6198599999770522,heavy,1.0022108999546615,8575.0,1369,3,,0.0363443000242114,10947.0,649,9,,0.1887286000419408,9899.0,890,5,,0.5238758999621496,9551.0,1183,3,
547,1124,8115.0,1.838901299983263,heavy,1.1027406000066549,8739.0,1389,3,,0.0347723999293521,11267.0,653,9,,0.199327899958007,10003.0,885,5,,0.5025128000415862,9707.0,1178,3,
548,1128,7897.0,1.5538811000005808,heavy,1.0168714999454096,8729.0,1337,3,,0.0437524999724701,11137.0,647,9,,0.2220655999844893,10201.0,872,5,,0.5127303999615833,9617.0,1171,3,
549,1120,8362.0,1.5767678999982309,heavy,1.124734399956651,9306.0,1439,3,,0.0371425000485032,11890.0,664,9,,0.183467400027439,10498.0,910,5,,0.5016994000179693,9850.0,1190,3,
550,1113,8633.0,1.5611308999941684,heavy,1.1009253999218345,9305.0,1452,3,,0.0375097000505775,11851.0,671,9,,0.1983830999815836,10833.0,923,5,,0.5304129000287503,10497.0,1208,3,
551,1135,7680.0,1.5620916000043508,heavy,1.1102229999378324,8320.0,1364,3,,0.0465211999835446,10506.0,631,9,,0.2195099999662488,9456.0,874,5,,0.5563793000765145,9136.0,1129,3,
552,1105,8490.0,1.52438180000172,heavy,1.0541094000218436,9098.0,1420,3,,0.0372210000641644,11970.0,679,9,,0.1905461000278592,10614.0,916,5,,0.5261125999968499,10290.0,1171,3,
553,1125,8396.0,1.551270800002385,heavy,1.3136610999936238,9036.0,1413,3,,0.0352831999771297,11306.0,667,9,,0.1869234000332653,10148.0,902,5,,0.5358777999645099,9812.0,1176,3,
554,1129,8011.0,1.5819307999918235,heavy,1.1377945999847725,8635.0,1398,3,,0.0349474999820813,11443.0,662,9,,0.1856436999514699,9835.0,883,5,,0.4826181000098586,9483.0,1157,3,
555,1107,8253.0,1.5386885999760125,heavy,0.998122000019066,8893.0,1402,3,,0.0375286000780761,11073.0,655,9,,0.190107199945487,9961.0,898,5,,0.5164566999301314,9629.0,1185,3,
556,1118,8421.0,1.532168499979889,heavy,1.0615654999855906,9029.0,1387,3,,0.0410805999999865,11649.0,654,9,,0.1917884000577032,10429.0,900,5,,0.5415943000698462,10069.0,1179,3,
557,1120,7865.0,1.5638816999853589,heavy,1.0205729000736028,8457.0,1354,3,,0.0360313999699428,11061.0,647,9,,0.1820203000679612,9733.0,887,5,,0.4938618999440223,9433.0,1190,3,
558,1125,8292.0,1.5698988999938592,heavy,1.075442900066264,8916.0,1394,3,,0.0361654000589624,11638.0,664,9,,0.1891071000136435,10292.0,914,5,,0.5121331000700593,9861.0,1181,3,
559,1141,8406.0,1.6067966999835337,heavy,1.0262491999892518,9142.0,1413,3,,0.0383976999437436,11496.0,659,9,,0.193266800022684,10398.0,919,5,,0.4884195999475196,10150.0,1218,3,
560,1140,8743.0,1.612350300012622,heavy,1.1406699999934062,9751.0,1500,3,,0.0383641000371426,12339.0,695,9,,0.2187843000283464,11103.0,965,5,,0.5958702000789344,10519.0,1266,3,
561,1140,8227.0,1.580401700019138,heavy,0.9980602000141516,9155.0,1430,3,,0.0373203000053763,11629.0,661,9,,0.190153699950315,10647.0,921,5,,0.5921281999908388,9979.0,1203,3,
562,1103,8126.0,1.5092756999947596,heavy,1.0848797999788076,8750.0,1375,3,,0.0593695000279694,11232.0,668,9,,0.2012762998929247,10110.0,921,5,,0.5592374000698328,9766.0,1230,3,
563,1127,8038.0,1.5709788000094704,heavy,1.2311549000442028,8646.0,1394,3,,0.034735900000669,11250.0,661,9,,0.1956472999881953,9966.0,904,5,,0.5109218000434339,9590.0,1207,3,
564,1111,8328.0,1.531689199997345,heavy,1.064823199994862,8952.0,1406,3,,0.0385982000734657,11252.0,665,9,,0.2191056000301614,10144.0,906,5,,0.5545932999812067,9840.0,1205,3,
565,1117,7817.0,1.5418105999997351,heavy,1.063374700024724,8473.0,1393,3,,0.0328627999406307,10527.0,640,9,,0.1830651999916881,9581.0,874,5,,0.4906620000256225,9265.0,1160,3,
566,1120,8060.0,1.5603794000053313,heavy,1.3583356000017377,8732.0,1378,3,,0.0417042999761179,10950.0,653,9,,0.2112598000094294,9944.0,911,5,,0.5691413999302313,9556.0,1175,3,
567,1120,7921.0,1.5624751999857835,heavy,1.002028499962762,8561.0,1348,3,,0.0399619999807328,10919.0,652,9,,0.1997264000819996,9917.0,890,5,,0.5407563999760896,9577.0,1204,3,
568,1121,8368.0,1.5552961000066716,heavy,1.053323599975556,9024.0,1416,3,,0.0358773999614641,11616.0,670,9,,0.1876501999795436,10448.0,910,5,,0.4913106000749394,10072.0,1179,3,
569,1115,7750.0,1.5445072000147777,heavy,1.0690550999715924,8374.0,1368,3,,0.0353558999486267,10822.0,647,9,,0.1869284000713378,9506.0,888,5,,0.5207948999013752,9142.0,1131,3,
570,1102,8153.0,1.5320042000093963,heavy,1.17385360004846,8793.0,1377,3,,0.0386959000024944,11239.0,656,9,,0.2041834999108687,10053.0,888,5,,0.556106899981387,9705.0,1193,3,
571,1103,7868.0,1.532164100004593,heavy,1.2361340000061318,8860.0,1470,3,,0.0376573000103235,11102.0,655,9,,0.1961116000311449,9992.0,909,5,,0.5122862999560311,9412.0,1180,3,
572,1128,8538.0,1.5681361999886576,heavy,1.1119520000647751,9146.0,1395,3,,0.0377750000916421,11956.0,678,9,,0.213200099999085,10694.0,927,5,,0.514441000064835,10346.0,1228,3,
573,1093,8250.0,1.497950299992226,heavy,1.0958201000466945,8938.0,1409,3,,0.0430595999350771,11452.0,652,9,,0.2541263999883085,10122.0,897,5,,0.5021338000660762,9818.0,1160,3,
574,1115,8362.0,1.533091899997089,heavy,1.017550699994899,8970.0,1373,3,,0.036254399921745,11688.0,658,9,,0.1982498998986557,10330.0,890,5,,0.5421416000463068,10026.0,1207,3,
575,1131,8763.0,1.5772724999987986,heavy,1.0734872999601066,9675.0,1458,3,,0.0378529999870806,12117.0,677,9,,0.1972732000285759,10931.0,933,5,,0.5195304999360815,10227.0,1177,3,
576,1140,8242.0,1.5897938999987673,heavy,1.0552137000486257,8882.0,1410,3,,0.0354714000131934,11264.0,656,9,,0.2112081999657675,10010.0,913,5,,0.5279360999120399,9634.0,1171,3,
577,1120,8061.0,1.5703627000038978,heavy,1.2745725999120625,8701.0,1400,3,,0.0379593999823555,11075.0,647,9,,0.2017003999790176,10041.0,913,5,,0.5169679999817163,9725.0,1201,3,
578,1130,8103.0,1.5789258999866431,heavy,1.0405002000043169,8727.0,1401,3,,0.0334716000361368,10945.0,644,9,,0.1946259000105783,9951.0,894,5,,0.5096515999175608,9639.0,1161,3,
579,1102,8189.0,1.5326883000088856,heavy,1.0977721998933705,8829.0,1401,3,,0.0372073999606072,11255.0,657,9,,0.1998356999829411,10213.0,906,5,,0.5421944999834523,9813.0,1214,3,
580,1158,9060.0,1.6513691000000108,heavy,1.1086191000649706,10004.0,1479,3,,0.040790700004436,12384.0,683,9,,0.2073350999271497,11396.0,945,5,,0.5380842000013217,10932.0,1253,3,
581,1107,8116.0,1.5261838000151329,heavy,1.0013241999549791,8693.0,1319,3,,0.037326700054109,11082.0,643,9,,0.1994348000735044,10016.0,879,5,,0.5485716999974102,9668.0,1163,3,
582,1125,8171.0,1.558303600002546,heavy,1.2300294000888243,8811.0,1449,3,,0.0455911000026389,11517.0,673,9,,0.2472628999967128,10271.0,930,5,,0.5631930000381544,9931.0,1227,3,
583,1106,8102.0,1.5447340999962762,heavy,1.0309614000143483,8726.0,1366,3,,0.0494610000168904,11172.0,646,9,,0.1948302999371662,9954.0,892,5,,0.5129412999376655,9622.0,1174,3,
584,1120,8091.0,1.569369699980598,heavy,1.0804006999824196,8811.0,1438,3,,0.0372109999880194,11153.0,649,9,,0.1865026999730616,9859.0,888,5,,0.4985306999878958,9555.0,1180,3,
585,1131,8562.0,1.562315299990587,heavy,1.041327300015837,9218.0,1402,3,,0.0373741999501362,11780.0,656,9,,0.1946009000530466,10646.0,897,5,,0.5252115000039339,10402.0,1189,3,
586,1110,7945.0,1.5272588999941945,heavy,1.014589500031434,8569.0,1380,3,,0.0377080000471323,10993.0,656,9,,0.1878178999759256,10349.0,901,5,,0.5203463999787346,10001.0,1186,3,
587,1093,7905.0,1.5203022999921814,heavy,1.0527608999982476,8593.0,1402,3,,0.0390539999352768,11301.0,659,9,,0.1950368999969214,9969.0,909,5,,0.5898024999769405,9561.0,1170,3,
588,1128,8095.0,1.5736940999922808,heavy,1.0011016000062227,8719.0,1363,3,,0.0445448999525979,11233.0,646,9,,0.2362603000365197,9835.0,888,5,,0.5035307999933138,9551.0,1179,3,
589,1130,8213.0,1.569098000007216,heavy,1.1208096999907866,9093.0,1420,3,,0.0382691000122576,11931.0,678,9,,0.2051034999312833,10665.0,935,5,,0.5283219000557438,10101.0,1218,3,
590,1152,8069.0,1.5943188999954143,heavy,1.1709209999535233,8949.0,1386,3,,0.0350201000692322,11407.0,644,9,,0.190822499920614,10305.0,897,5,,0.4914958999725058,9701.0,1177,3,
591,1128,8477.0,1.5703195999958552,heavy,1.0234958999790251,9149.0,1389,3,,0.0436308999778702,11387.0,668,9,,0.2319740999955684,10325.0,904,5,,0.4836173000512644,9933.0,1163,3,
592,1133,8265.0,1.590082300012,heavy,1.0284461999544874,8921.0,1395,3,,0.0347377998987212,11387.0,659,9,,0.1919769999803975,10169.0,903,5,,0.5092363000148907,9937.0,1199,3,
593,1133,8054.0,1.555619899998419,heavy,1.1172159999841824,8726.0,1393,3,,0.0369456000626087,11402.0,638,9,,0.1843850999139249,9854.0,873,5,,0.4635503999888897,9606.0,1149,3,
594,1131,7930.0,1.5645943999988958,heavy,1.125891000032425,8602.0,1425,3,,0.037580500007607,11090.0,665,9,,0.1999144000001251,9982.0,908,5,,0.4926879999693483,9634.0,1203,3,
595,1142,8866.0,1.5869592000090051,heavy,1.1194297999609262,9506.0,1424,3,,0.0394398999633267,12394.0,685,9,,0.2031162000494077,11142.0,938,5,,0.5305231999373063,10810.0,1274,3,
596,1131,8146.0,1.5780385000107344,heavy,0.9964298000559212,8754.0,1354,3,,0.0352318999357521,11006.0,639,9,,0.1868628000374883,9966.0,877,5,,0.4855455999495461,9650.0,1146,3,
597,1119,7853.0,1.5484246999840252,heavy,1.0765274000586942,8525.0,1428,3,,0.0445865000365302,10975.0,655,9,,0.2616313999751583,9797.0,902,5,,0.5342437999788672,9445.0,1169,3,
598,1137,7788.0,1.5679821000085212,heavy,1.1596132999984547,8460.0,1384,3,,0.0369621000718325,10646.0,638,9,,0.2016463000327348,9556.0,887,5,,0.5352621000492945,9196.0,1165,3,
599,1134,8250.0,1.5707534999819472,heavy,1.1922580000245944,8858.0,1384,3,,0.0353109000716358,11576.0,646,9,,0.1914730999851599,10030.0,891,5,,0.513804699992761,9714.0,1187,3,
600,1096,8078.0,1.5266312999883669,heavy,1.2198394000297412,8750.0,1368,3,,0.0367474000668153,11020.0,647,9,,0.2053861999884247,10030.0,892,5,,0.5702530000125989,9678.0,1192,3,
601,1090,7755.0,1.5121549999748822,heavy,1.0963024999946356,8411.0,1409,3,,0.0349692000309005,10773.0,638,9,,0.1867759999586269,9771.0,884,5,,0.493605799973011,9419.0,1180,3,
602,1143,8384.0,1.588646799995331,heavy,1.1343335000565276,9008.0,1412,3,,0.0358551000244915,11512.0,662,9,,0.1912707999581471,10388.0,909,5,,0.4862726000137627,9984.0,1176,3,
603,1106,8462.0,1.5282770000048913,heavy,1.1596888999920338,9102.0,1428,3,,0.0376776999328285,11722.0,683,9,,0.2038256999803707,10486.0,933,5,,0.5438620999921113,10134.0,1222,3,
604,1120,8185.0,1.5622419000137595,heavy,1.5783996999962255,8889.0,1426,3,,0.0379066000459715,11199.0,646,9,,0.2075904000084847,10061.0,898,5,,0.5034715000074357,9681.0,1164,3,
605,1107,8792.0,1.5376848000159953,heavy,1.019260499975644,9448.0,1406,3,,0.036588400020264,12076.0,666,9,,0.2009948999620974,11008.0,912,5,,0.5469646999845281,10736.0,1189,3,
606,1102,8442.0,1.5052499000157695,heavy,1.0376047999598086,9082.0,1402,3,,0.0444030000362545,11684.0,655,9,,0.2204720999579876,10626.0,916,5,,0.6501201000064611,10250.0,1228,3,
607,1161,8463.0,1.6312040000048,heavy,1.1831024999264628,9119.0,1462,3,,0.0392039000289514,11435.0,666,9,,0.1964101999765262,10507.0,933,5,,0.5670379999792203,10183.0,1225,3,
608,1139,8603.0,1.7407073000213131,heavy,1.17425160005223,8971.0,1397,2,,0.0369281999301165,11283.0,653,8,,0.1971420999616384,10463.0,903,4,,0.5178652999456972,10443.0,1240,3,
609,1144,7908.0,1.619922999991104,heavy,1.0707687999820337,8884.0,1418,3,,0.044510000036098,11054.0,650,9,,0.2523488000733778,9984.0,892,5,,0.5158265000209212,9356.0,1161,3,
610,1122,8292.0,1.553673999995226,heavy,1.113495499943383,8948.0,1420,3,,0.0419947999762371,11274.0,658,9,,0.2176983000244945,10564.0,926,5,,0.6250101999612525,10196.0,1202,3,
611,1124,8113.0,1.550657699990552,heavy,1.2497955000726506,8801.0,1410,3,,0.0393657999811694,11347.0,677,9,,0.2386719000060111,10185.0,923,5,,0.5323404000373557,9833.0,1218,3,
612,1126,8144.0,1.5757412999810183,heavy,1.1210037999553606,8721.0,1359,3,,0.0359516999451443,10916.0,655,9,,0.1989314999664202,10072.0,901,5,,0.5667053000070155,9704.0,1195,3,
613,1121,7676.0,1.557324299996253,heavy,1.003596199909225,8284.0,1352,3,,0.0343112999107688,10590.0,640,9,,0.1810924999881535,9632.0,881,5,,0.4634848999558016,9316.0,1160,3,
614,1117,8276.0,1.5633883000118658,heavy,0.9987456999951974,8932.0,1384,3,,0.0378772000549361,11584.0,665,9,,0.1811964000808075,9984.0,892,5,,0.4828837000532076,9700.0,1174,3,
615,1175,8735.0,1.6418013000220526,heavy,0.99469089997001,9343.0,1388,3,,0.0405540000647306,11879.0,663,9,,0.2064038999378681,10431.0,907,5,,0.5494425999931991,10071.0,1180,3,
616,1166,8606.0,1.643119599990314,heavy,1.3101982000516728,9518.0,1454,3,,0.0359194000484421,12004.0,671,9,,0.198279200005345,10754.0,918,5,,0.5151289000641555,10182.0,1225,3,
617,1144,8014.0,1.6244629000138957,heavy,1.0655193999409676,8686.0,1392,3,,0.0360241000307723,11042.0,651,9,,0.1971350000239908,9818.0,898,5,,0.5656453999690711,9438.0,1159,3,
618,1146,8503.0,1.6234098999993876,heavy,1.0170858000637963,9127.0,1383,3,,0.0519007000839337,11713.0,658,9,,0.241449800087139,10607.0,926,5,,0.546668800059706,10215.0,1203,3,
619,1124,8358.0,1.5557305999973323,heavy,1.0622569000115618,8982.0,1403,3,,0.037246499909088,11400.0,656,9,,0.2079698999878019,10306.0,902,5,,0.5302246999926865,9950.0,1159,3,
620,1146,8237.0,1.6089471000013873,heavy,1.1129375000018626,8861.0,1410,3,,0.0357969000469893,11093.0,641,9,,0.2134744999930262,10097.0,889,5,,0.4856073000701144,9773.0,1161,3,
621,1137,8065.0,1.5990723999857437,heavy,1.0414727000752464,8689.0,1393,3,,0.0360012999735772,10970.0,650,9,,0.1877362000523135,10017.0,899,5,,0.5196807000320405,9657.0,1165,3,
622,1124,8533.0,1.5777011000027414,heavy,1.176811299985275,9141.0,1393,3,,0.0414009999949485,11729.0,653,9,,0.1995868000667542,10249.0,896,5,,0.542587999952957,9893.0,1176,3,
623,1144,8635.0,1.5885933999961708,heavy,1.3273972000461072,9547.0,1405,3,,0.040463300072588,12367.0,678,9,,0.2075697999680414,10767.0,916,5,,0.5669077000347897,10243.0,1195,3,
624,1124,8532.0,1.556120600027498,heavy,1.12676370004192,9156.0,1420,3,,0.0392433999804779,11582.0,655,9,,0.1928180999821052,10360.0,890,5,,0.5361493000527844,10004.0,1172,3,
625,1123,7807.0,1.5455610000062734,heavy,1.250642400002107,8511.0,1402,3,,0.0370225000660866,10761.0,656,9,,0.1947587999748066,9975.0,916,5,,0.5015554999699816,9639.0,1204,3,
626,1130,8519.0,1.5858081999758724,heavy,1.024685199954547,9127.0,1388,3,,0.0436268999474123,11519.0,653,9,,0.2443377000745386,10503.0,891,5,,0.5180616000434384,10119.0,1181,3,
627,1133,8135.0,1.5938176999916325,heavy,0.9985038000158966,8743.0,1355,3,,0.0383619000203907,11157.0,647,9,,0.1906067999079823,9987.0,890,5,,0.5551008000038564,9663.0,1186,3,
628,1128,8258.0,1.5603741999948395,heavy,1.0173553000204263,8866.0,1391,3,,0.0354772000573575,11074.0,643,9,,0.1862042000284418,10350.0,896,5,,0.4841997999465093,10042.0,1189,3,
629,1149,8521.0,1.6034848999988751,heavy,1.0820897000376135,9369.0,1386,3,,0.038305600057356,11623.0,673,9,,0.2191982999211177,10637.0,922,5,,0.5303154999855906,10073.0,1195,3,
630,1131,7986.0,1.5924171999795362,heavy,1.198850900051184,8594.0,1358,3,,0.0387840999756008,11254.0,651,9,,0.1875121999764815,10098.0,908,5,,0.5288080000318587,9762.0,1181,3,
631,1123,8252.0,1.5726262999814935,heavy,0.9961406999500468,8876.0,1375,3,,0.036293200100772,11080.0,636,9,,0.1859640000620857,10316.0,882,5,,0.5509736000094563,10004.0,1184,3,
632,1117,7941.0,1.549368800013326,heavy,1.0567337999818849,8581.0,1397,3,,0.0371279999380931,11011.0,649,9,,0.1878806001041084,9809.0,881,5,,0.5141472000395879,9549.0,1175,3,
633,1105,8405.0,1.5328368000045884,heavy,1.1673886000644416,9093.0,1455,3,,0.0356773999519646,11523.0,658,9,,0.1959625000599771,10433.0,918,5,,0.5075746999355033,10109.0,1207,3,
634,1115,7817.0,1.563009699981194,heavy,1.034945100080222,8489.0,1382,3,,0.0340761999832466,10721.0,644,9,,0.1887315000640228,9677.0,896,5,,0.5150779000250623,9393.0,1188,3,
635,1108,8277.0,1.5314177999971434,heavy,0.9992173999780788,8949.0,1376,3,,0.0345242999028414,11401.0,649,9,,0.1812420999631285,10249.0,894,5,,0.4769848000723868,9965.0,1173,3,
636,1122,8078.0,1.5376912000065204,heavy,1.0041686999611557,8718.0,1390,3,,0.0383734001079574,11294.0,662,9,,0.1911274000303819,10198.0,907,5,,0.5266430999618024,9878.0,1224,3,
637,1099,8067.0,1.5277093999902718,heavy,1.0610453999834135,8931.0,1380,3,,0.0357773000141605,11535.0,658,9,,0.2002818998880684,10091.0,892,5,,0.5492655999260023,9515.0,1221,3,
638,1117,7975.0,1.7876092999940738,heavy,1.0736023999052122,8839.0,1364,3,,0.0341777999419719,11171.0,640,9,,0.1862519000424072,10115.0,877,5,,0.525820399983786,9559.0,1189,3,
639,1118,8102.0,1.5473619000113104,heavy,1.0636889999732375,8758.0,1401,3,,0.0480612999526783,11406.0,661,9,,0.2421489000553265,10210.0,912,5,,0.5578463999554515,9774.0,1212,3,
640,1137,8610.0,1.5941343000158668,heavy,1.072685100021772,9218.0,1404,3,,0.0499972000252455,12014.0,658,9,,0.240092399995774,10818.0,911,5,,0.5808370000449941,10450.0,1204,3,
641,1126,8615.0,1.5585993000131566,heavy,1.2618930999888107,9511.0,1411,3,,0.0399255000520497,11791.0,664,9,,0.1862701000645756,10663.0,910,5,,0.5360254000406712,10111.0,1190,3,
642,1107,7677.0,1.5342682999907993,heavy,1.153316400013864,8301.0,1388,3,,0.046594199957326,10629.0,650,9,,0.2150127000641077,9601.0,897,5,,0.5477115999674425,9261.0,1174,3,
643,1112,8133.0,1.550644300004933,heavy,1.0479112999746576,9029.0,1395,3,,0.0480919999536126,11223.0,647,9,,0.2454135000007227,10313.0,901,5,,0.5480272000422701,9733.0,1184,3,
644,1174,8338.0,1.6559652999858372,heavy,1.0721907999832183,9042.0,1424,3,,0.0377425999613478,11823.0,661,9,,0.1876161999534815,10387.0,899,5,,0.4875396999996155,9938.0,1179,3,
645,1106,8078.0,1.5395333000051323,heavy,1.1987171999644488,8718.0,1403,3,,0.0536180000053718,11248.0,661,9,,0.2786282999441027,9998.0,905,5,,0.5788744000019506,9638.0,1201,3,
646,1132,8530.0,1.5910850999935064,heavy,1.0922661001095548,9138.0,1371,3,,0.0392620000056922,11788.0,661,9,,0.1943589999573305,10362.0,895,5,,0.589583900058642,10042.0,1179,3,
647,1115,8069.0,1.564189400000032,heavy,1.0396223000716418,8901.0,1360,3,,0.0336704000364989,11145.0,643,9,,0.1895116000669077,10345.0,889,5,,0.4983263000613078,9789.0,1194,3,
648,1126,8438.0,1.5612134000111837,heavy,1.166773400036618,9046.0,1394,3,,0.0385194999398663,11408.0,670,9,,0.2172712000319734,10534.0,932,5,,0.517578799976036,10190.0,1241,3,
649,1125,8500.0,1.5473926999839025,heavy,0.9924713000655174,9140.0,1361,3,,0.0363848999841138,11486.0,647,9,,0.1874163000611588,10340.0,885,5,,0.5078201000578701,9997.0,1162,3,
650,1133,7716.0,1.5738348999875598,heavy,0.9617883999599144,8308.0,1323,3,,0.0360108000459149,10994.0,650,9,,0.1916576999938115,9744.0,884,5,,0.5016836000140756,9396.0,1188,3,
651,1099,8092.0,1.530289400019683,heavy,1.0518418999854475,9084.0,1408,3,,0.0350612999172881,11582.0,647,9,,0.1813022999558597,10280.0,886,5,,0.4980226999614388,9636.0,1149,3,
652,1128,8173.0,1.5738008999906017,heavy,1.00786190002691,8829.0,1410,3,,0.0396072999574244,11159.0,646,9,,0.182586699957028,10093.0,903,5,,0.5002189999213442,9765.0,1166,3,
653,1121,8200.0,1.5518785000022035,heavy,1.104364600032568,8856.0,1408,3,,0.0403772999998182,11226.0,652,9,,0.1881856999825686,10148.0,897,5,,0.5066329999826849,9744.0,1172,3,
654,1140,8266.0,1.5838362000067718,heavy,1.1913989000022411,8874.0,1400,3,,0.0630386000266298,11368.0,653,9,,0.1961888000369072,10138.0,908,5,,0.5303421999560669,9770.0,1190,3,
655,1140,9139.0,1.654121700004907,heavy,1.201846299925819,10051.0,1448,3,,0.0437570000067353,12695.0,694,9,,0.2302314999978989,11475.0,953,5,,0.6330257999943569,10931.0,1233,3,
656,1126,8378.0,1.5901115000015125,heavy,1.0863836000207812,9034.0,1420,3,,0.0372380000771954,11262.0,669,9,,0.1998704000143334,10314.0,927,5,,0.5539948999648914,9963.0,1213,3,
657,1133,8921.0,1.5759729999990668,heavy,1.0286606999579817,9769.0,1362,3,,0.0453593001002445,12333.0,667,9,,0.2204365000361576,11297.0,938,5,,0.5985422000521794,10705.0,1251,3,
658,1101,7686.0,1.5156806000159122,heavy,1.0493407000321897,8342.0,1427,3,,0.0348889000015333,10676.0,648,9,,0.1871081000426784,9706.0,885,5,,0.4722272000508383,9358.0,1158,3,
659,1103,8242.0,1.5252196999790613,heavy,1.0193701999960467,8930.0,1444,3,,0.0390427999664098,11446.0,667,9,,0.2017200000118464,10350.0,915,5,,0.5568869999842718,10074.0,1196,3,
660,1133,8594.0,1.6032418000104371,heavy,1.1472102000843734,9234.0,1428,3,,0.0384259999264031,11562.0,666,9,,0.2104207000229507,10430.0,912,5,,0.5240733000682667,10210.0,1209,3,
661,1116,8746.0,1.5576807000034023,heavy,1.024493099888787,9370.0,1401,3,,0.0387756000272929,11890.0,667,9,,0.2019517000298947,10766.0,920,5,,0.5681028000544757,10354.0,1208,3,
662,1119,8434.0,1.5526913000212517,heavy,1.241854300023988,9106.0,1418,3,,0.0376866000005975,11642.0,663,9,,0.1949632000178098,10506.0,901,5,,0.5290334000019357,10258.0,1193,3,
663,1114,7973.0,1.541302600002382,heavy,1.0429832000518218,8597.0,1372,3,,0.0348681000759825,11007.0,647,9,,0.1921263999538496,9805.0,879,5,,0.5111573999747634,9485.0,1166,3,
664,1137,8159.0,1.612949700007448,heavy,1.2446459999773651,8783.0,1381,3,,0.0351231000386178,11094.0,634,9,,0.1875352000351995,10219.0,885,5,,0.5235916000092402,9879.0,1194,3,
665,1117,8181.0,1.591278499981854,heavy,1.3104551000287756,8837.0,1398,3,,0.0446822999510914,11407.0,678,9,,0.2434560999972745,10029.0,914,5,,0.6596950000384822,9701.0,1218,3,
666,1116,8405.0,1.5546700000122655,heavy,1.066078000003472,9109.0,1467,3,,0.0366587999742478,11469.0,654,9,,0.187157200067304,10365.0,907,5,,0.5032075999770314,10069.0,1211,3,
667,1126,8363.0,1.568106999999145,heavy,1.1813709000125527,8971.0,1407,3,,0.0371065000072121,11635.0,673,9,,0.2012996000703424,10283.0,913,5,,0.5838591000065207,9923.0,1229,3,
668,1113,8095.0,1.722760099975858,heavy,1.0835495999781417,8991.0,1383,3,,0.0390885999659076,11561.0,658,9,,0.2060736999846995,10351.0,902,5,,0.4945210999576375,9799.0,1197,3,
669,1122,8275.0,1.5866511999920476,heavy,1.0374991999706251,8915.0,1396,3,,0.034796499996446,11573.0,664,9,,0.2079000999219715,10443.0,912,5,,0.5367699000053108,10091.0,1200,3,
670,1143,8250.0,1.6103701000101864,heavy,1.1213096999563277,8828.0,1344,3,,0.0369407000252977,11260.0,645,9,,0.2020261000143364,10418.0,902,5,,0.5587793999584392,10090.0,1218,3,
671,1137,8433.0,1.5843330000061542,heavy,1.017310000024736,9057.0,1379,3,,0.0361339999362826,11829.0,666,9,,0.1935839999932795,10697.0,923,5,,0.5557734000030905,10345.0,1230,3,
672,1123,8347.0,1.58773490000749,heavy,1.084725399967283,8939.0,1376,3,,0.0488198000239208,11983.0,677,9,,0.2362750000320375,10451.0,909,5,,0.5823874999769032,10131.0,1222,3,
673,1130,8407.0,1.5941529999836348,heavy,1.0426512999692932,8999.0,1404,3,,0.0389916999265551,11645.0,667,9,,0.2015009999740868,10455.0,919,5,,0.5064272000454366,10143.0,1216,3,
674,1127,7556.0,1.5845337000209838,heavy,0.9745903000002728,8133.0,1308,3,,0.0394939999096095,10842.0,648,9,,0.1897170000011101,9572.0,887,5,,0.525443600025028,9197.0,1164,3,
675,1125,8128.0,1.5645878000068478,heavy,1.0434786999830976,8816.0,1378,3,,0.0347871000412851,12062.0,663,9,,0.1882719999412074,10540.0,925,5,,0.4905513999983668,10144.0,1228,3,
676,1140,8080.0,1.5793966999917757,heavy,1.1899209000403062,8688.0,1354,3,,0.0390901999780908,11298.0,657,9,,0.1947893999749794,10084.0,892,5,,0.5668200000654906,9744.0,1188,3,
677,1115,7535.0,1.5614494999754245,heavy,1.1026421999558806,8159.0,1369,3,,0.0357149000046774,10913.0,654,9,,0.2108611000003293,9677.0,904,5,,0.5205397000536323,9327.0,1183,3,
678,1133,8255.0,1.5698191999981643,heavy,1.3565157999983055,8927.0,1444,3,,0.0358452999498695,11243.0,651,9,,0.2023937000194564,10403.0,913,5,,0.5201074999058619,10111.0,1205,3,
679,1152,8013.0,1.7981171999999788,heavy,0.995318799978122,8621.0,1327,3,,0.0437110000057145,10863.0,649,9,,0.1852755999425426,9877.0,891,5,,0.5004791000392288,9573.0,1181,3,
680,1121,8108.0,1.5871501000074204,heavy,1.072137699928135,8780.0,1434,3,,0.0422863999847322,10976.0,651,9,,0.1994736000197008,10024.0,909,5,,0.5846280000405386,9684.0,1200,3,
681,1123,8043.0,1.5516681000008248,heavy,0.9748762999661268,8971.0,1374,3,,0.0370407000882551,11493.0,652,9,,0.1904514000052586,10331.0,903,5,,0.5023992999922484,9803.0,1205,3,
682,1116,8127.0,1.5588478000136092,heavy,1.321912799961865,8751.0,1375,3,,0.0404438000405207,11013.0,654,9,,0.2090336999390274,9947.0,901,5,,0.5386019999859855,9583.0,1208,3,
683,1122,8370.0,1.565100000007078,heavy,1.0433114999905229,8994.0,1362,3,,0.0341036000754684,11160.0,647,9,,0.1893784999847412,10246.0,897,5,,0.4847403999883681,9874.0,1167,3,
684,1152,8241.0,1.626492999988841,heavy,1.0792871000012385,9185.0,1419,3,,0.03722589998506,11602.0,663,9,,0.1895440999651327,10773.0,919,5,,0.4889881999697536,10089.0,1199,3,
685,1114,8326.0,1.5397845999978017,heavy,1.0685737000312656,9046.0,1429,3,,0.0389681999804452,11580.0,663,9,,0.1960240999469533,10294.0,926,5,,0.528792200027965,9990.0,1212,3,
686,1116,8265.0,1.5423586000106295,heavy,0.9988814999815075,8905.0,1395,3,,0.0365445000352337,11387.0,649,9,,0.187632399960421,10097.0,883,5,,0.5082200000761077,9769.0,1173,3,
687,1131,8709.0,1.5683834999799728,heavy,1.135741899954155,9333.0,1419,3,,0.0396446000086143,11829.0,655,9,,0.1986671000486239,10573.0,908,5,,0.545633599977009,10197.0,1187,3,
688,1149,8241.0,1.632417400018312,heavy,1.0831298999255523,8849.0,1377,3,,0.0368635000195354,11459.0,668,9,,0.19915880006738,10433.0,927,5,,0.5199070000089705,10137.0,1233,3,
689,1137,8543.0,1.567409300012514,heavy,1.132712000049651,9135.0,1366,3,,0.040366799919866,11577.0,657,9,,0.2020080999936908,10219.0,905,5,,0.5224018999142572,9895.0,1159,3,
690,1143,8396.0,1.6033066000090912,heavy,1.0632127999560907,9324.0,1430,3,,0.03788230009377,11866.0,663,9,,0.1962058000499382,10544.0,914,5,,0.5373384000267833,9972.0,1174,3,
691,1122,8130.0,1.563613099977374,heavy,0.9766793999588116,8738.0,1361,3,,0.03674290003255,11300.0,642,9,,0.1760715999407693,9958.0,873,5,,0.4824185000034049,9650.0,1150,3,
692,1134,8086.0,1.6059774000023026,heavy,1.01914379990194,8758.0,1371,3,,0.0355478000128641,11036.0,644,9,,0.177786499960348,10026.0,886,5,,0.483367099892348,9726.0,1174,3,
693,1160,7986.0,1.6212493999919388,heavy,1.2379307000664994,8690.0,1441,3,,0.0369685000041499,11088.0,647,9,,0.1934953000163659,9736.0,894,5,,0.4896451999666169,9330.0,1163,3,
694,1140,8044.0,1.585395499976585,heavy,1.0157900000922382,8684.0,1390,3,,0.0351778999902308,11044.0,651,9,,0.1880812000017613,10032.0,909,5,,0.4670659000985324,9644.0,1152,3,
695,1111,8325.0,1.556015699985437,heavy,1.189346899976954,8965.0,1399,3,,0.0366111999610438,11357.0,657,9,,0.1996266000205651,10277.0,921,5,,0.494946299935691,9829.0,1178,3,
696,1128,7998.0,1.577017400006298,heavy,1.0361321000382304,8622.0,1382,3,,0.0363373999716714,11042.0,649,9,,0.1948007000610232,10046.0,885,5,,0.4890798999695107,9774.0,1181,3,
697,1128,7853.0,1.5825874999864027,heavy,1.0119369000894949,8477.0,1384,3,,0.0351721999468281,11311.0,656,9,,0.1978755000745877,10277.0,919,5,,0.5783143999287859,9917.0,1222,3,
698,1118,8746.0,1.732617100002244,heavy,1.0934268001001328,9402.0,1463,3,,0.0379412000766024,12220.0,682,9,,0.1987678000004962,10762.0,928,5,,0.5161134999943897,10346.0,1202,3,
699,1104,7983.0,1.5417237999790814,heavy,1.129330400028266,8607.0,1376,3,,0.0499890999635681,10917.0,651,9,,0.2685023000231012,9815.0,885,5,,0.5220392000628635,9527.0,1204,3,
700,1117,8107.0,1.5625645999971312,heavy,1.035763599909842,8699.0,1352,3,,0.0360257999273017,11019.0,649,9,,0.1923914001090452,10011.0,886,5,,0.5176364000653848,9643.0,1158,3,
701,1132,8164.0,1.5670628999941982,heavy,1.0745133999735117,8884.0,1474,3,,0.0379510999191552,11004.0,663,9,,0.1998077000025659,10180.0,932,5,,0.5091858999803662,9812.0,1219,3,
702,1136,7917.0,1.569453500007512,heavy,1.0983340999810025,8813.0,1398,3,,0.0377027000067755,11147.0,650,9,,0.1911743000382557,9973.0,883,5,,0.4687379000242799,9349.0,1138,3,
703,1118,8227.0,1.584296799992444,heavy,1.096427800017409,8899.0,1383,3,,0.0361122000031173,10985.0,643,9,,0.1919696000404656,9959.0,887,5,,0.5182813999708742,9651.0,1179,3,
704,1101,8440.0,1.6008126999950036,heavy,1.0751070000696927,9048.0,1393,3,,0.0376491000643,11552.0,654,9,,0.1871092000510543,10460.0,891,5,,0.5027985000051558,10112.0,1180,3,
705,1128,8866.0,1.5898283999995328,heavy,1.0261612000176683,9490.0,1410,3,,0.0398737000068649,12056.0,660,9,,0.2074792000930756,10778.0,907,5,,0.535304700024426,10482.0,1204,3,
706,1132,8572.0,1.5816746999917086,heavy,1.2562248999020085,9164.0,1399,3,,0.0384035999886691,11648.0,659,9,,0.2083780000684783,10384.0,905,5,,0.639916899963282,10052.0,1206,3,
707,1108,8046.0,1.5363054999907035,heavy,1.1348617998883128,8686.0,1389,3,,0.0384174999780952,10986.0,651,9,,0.2030591999646276,9934.0,896,5,,0.5280272000236437,9678.0,1206,3,
708,1129,8369.0,1.5654049000004306,heavy,1.0306825999869034,9009.0,1400,3,,0.0471202000044286,11179.0,641,9,,0.2552498000441119,10073.0,894,5,,0.5503685999428853,9777.0,1186,3,
709,1113,8617.0,1.5400712999980897,heavy,0.9815813000313938,9241.0,1400,3,,0.0370107000926509,11759.0,657,9,,0.1974854000145569,10481.0,903,5,,0.5067550999810919,10153.0,1158,3,
710,1136,8532.0,1.5896232999803033,heavy,1.0715858000330627,9220.0,1452,3,,0.0410227999091148,11803.0,664,9,,0.2042111000046134,10784.0,929,5,,0.561577899963595,10476.0,1211,3,
711,1125,8142.0,1.5596471999888308,heavy,0.9917629000265152,8798.0,1368,3,,0.0374467000365257,11382.0,661,9,,0.1929562999866902,10118.0,905,5,,0.5158252000110224,9790.0,1194,3,
712,1136,8209.0,1.585203199996613,heavy,1.3881251000566408,8897.0,1447,3,,0.0386543999193236,11221.0,639,9,,0.194237699965015,10093.0,882,5,,0.5031349000055343,9777.0,1175,3,
713,1095,8044.0,1.5233706000144591,heavy,1.2773277999367565,8684.0,1402,3,,0.0386294999625533,11316.0,653,9,,0.203150299959816,9940.0,908,5,,0.5176985000725836,9652.0,1188,3,
714,1104,8549.0,1.5417270000034478,heavy,1.020746299996972,9477.0,1476,3,,0.0429914999986067,12115.0,680,9,,0.257327500032261,10953.0,943,5,,0.5854513000231236,10269.0,1207,3,
715,1122,8205.0,1.5653198000218254,heavy,1.1038567000068724,8845.0,1407,3,,0.0351191000081598,11141.0,650,9,,0.1891158000798896,10097.0,893,5,,0.5028591000009328,9725.0,1181,3,
716,1102,7948.0,1.5443723000062164,heavy,1.2059487000806255,8604.0,1423,3,,0.0394091999623924,11048.0,656,9,,0.2392853999044746,10012.0,910,5,,0.5670707999961451,9716.0,1184,3,
717,1121,7840.0,1.551384499995038,heavy,0.961176299955696,8704.0,1372,3,,0.0344499999191612,11416.0,646,9,,0.192233599955216,10016.0,888,5,,0.5449422000674531,9384.0,1159,3,
718,1113,7656.0,1.55342319997726,heavy,1.215124599984847,8296.0,1392,3,,0.0400367999682202,10718.0,648,9,,0.2040148000232875,9828.0,893,5,,0.502470999956131,9464.0,1198,3,
719,1129,7878.0,1.5742832999967504,heavy,1.035530299996026,8470.0,1352,3,,0.0361888000043109,11036.0,657,9,,0.1921276000794023,9971.0,895,5,,0.5274149000179023,9606.0,1185,3,
720,1154,8233.0,1.6243482000136282,heavy,1.1210236999904737,8921.0,1424,3,,0.0519474999746307,11143.0,654,9,,0.2473184999544173,10253.0,918,5,,0.519644399988465,9873.0,1178,3,
721,1090,7710.0,1.5129390000074636,heavy,1.0234271000372246,8334.0,1370,3,,0.0362983000231906,10518.0,640,9,,0.1818507999414578,9486.0,876,5,,0.4980611000210047,9038.0,1145,3,
722,1140,8305.0,1.6079349999781698,heavy,1.0633196000708267,8913.0,1407,3,,0.037652299972251,11561.0,660,9,,0.198062999988906,10501.0,911,5,,0.5675210000481457,10161.0,1229,3,
723,1118,8019.0,1.5422984000178983,heavy,1.166782799991779,8659.0,1389,3,,0.0366426999680697,10937.0,656,9,,0.1992805999470874,9943.0,916,5,,0.4917193000437692,9667.0,1200,3,
724,1143,8318.0,1.5957883000082802,heavy,1.0949763000244277,9230.0,1437,3,,0.0365392999956384,11932.0,679,9,,0.1967547999229282,10622.0,932,5,,0.526678099995479,10054.0,1213,3,
725,1111,7804.0,1.534855100006098,heavy,1.1117609000066295,8397.0,1368,3,,0.0343652999727055,10834.0,640,9,,0.1900953999720513,9844.0,887,5,,0.5169780999422073,9501.0,1191,3,
726,1096,8324.0,1.5455930999887642,heavy,1.1458584000356495,9028.0,1454,3,,0.0360762999625876,11424.0,667,9,,0.2102115999441594,10312.0,916,5,,0.5178468000376597,9972.0,1214,3,
727,1118,8287.0,1.6500395000039134,heavy,1.22029709990602,8863.0,1363,3,,0.0381159000098705,11376.0,644,9,,0.196487000095658,10271.0,887,5,,0.5677250999724492,9983.0,1178,3,
728,1107,7968.0,1.5184179000207223,heavy,1.0056481000501662,8624.0,1378,3,,0.0541509999893605,10894.0,648,9,,0.2519612000323832,9860.0,882,5,,0.5371028999798,9528.0,1162,3,
729,1102,7479.0,1.518155599973397,heavy,1.0330762999365106,8055.0,1321,3,,0.0340169999981299,10349.0,635,9,,0.1844645000528544,9439.0,862,5,,0.4931600000709295,9191.0,1186,3,
730,1152,8133.0,1.6397223000240049,heavy,1.0866050000768157,8741.0,1371,3,,0.0382286999374628,11311.0,644,9,,0.1892948999302461,10165.0,882,5,,0.5210395000176504,9853.0,1192,3,
731,1141,8899.0,1.6145681999914814,heavy,1.126437300001271,9843.0,1457,3,,0.0414720999542623,12599.0,682,9,,0.2129838999826461,11319.0,944,5,,0.5984102999791503,10779.0,1223,3,
732,1105,8158.0,1.5284471999912057,heavy,1.0609507000772282,8766.0,1377,3,,0.0357978999381884,11154.0,650,9,,0.1882934999885037,9854.0,872,5,,0.5270222999388352,9646.0,1178,3,
733,1111,7993.0,1.526557200006209,heavy,1.0321969001088291,8633.0,1396,3,,0.0338577999500557,11023.0,640,9,,0.2403514001052826,9921.0,887,5,,0.4893550999695435,9633.0,1174,3,
734,1128,8327.0,1.6004134999820965,heavy,1.19899159995839,9175.0,1372,3,,0.0398888000054284,11981.0,672,9,,0.1962605000007897,10611.0,912,5,,0.5676963999867439,10039.0,1201,3,
735,1128,8185.0,1.5849517000024207,heavy,0.9956617999123408,8761.0,1335,3,,0.0362162999808788,11705.0,661,9,,0.1996313000563532,10017.0,888,5,,0.5270287999883294,9689.0,1168,3,
736,1112,7963.0,1.5486074000073131,heavy,1.1224606999894604,8571.0,1372,3,,0.0434511000057682,10959.0,647,9,,0.2280137999914586,9751.0,871,5,,0.5080473999259993,9427.0,1148,3,
737,1124,8626.0,1.5674498999724165,heavy,1.0473525000270456,9250.0,1442,3,,0.0366389999398961,11756.0,676,9,,0.2032112999586388,10574.0,932,5,,0.520846200059168,10218.0,1208,3,
738,1116,7973.0,1.551419099996565,heavy,0.997848500031978,8565.0,1380,3,,0.0364252999424934,11181.0,656,9,,0.1832551000406965,9909.0,879,5,,0.5260821999981999,9629.0,1213,3,
739,1132,8506.0,1.5963200999831315,heavy,1.0400087999878451,9162.0,1412,3,,0.0381817000452429,12035.0,667,9,,0.2029658000683412,10326.0,910,5,,0.5008156999247149,9986.0,1161,3,
740,1112,7865.0,1.555161900003441,heavy,1.0764467999106273,8521.0,1403,3,,0.0367661999771371,10799.0,643,9,,0.1893013999797403,9877.0,893,5,,0.4989275999832898,9553.0,1165,3,
741,1100,8288.0,1.5240988000005018,heavy,1.168169799959287,8912.0,1424,3,,0.0375055000185966,11074.0,655,9,,0.1931115000043064,10224.0,899,5,,0.5495866000419483,9896.0,1190,3,
742,1111,8194.0,1.5413657999888528,heavy,1.068215599982068,8802.0,1362,3,,0.0364272999577224,11308.0,643,9,,0.1903006000211462,9994.0,869,5,,0.5289907999103889,9690.0,1156,3,
743,1134,8140.0,1.598778499988839,heavy,1.2087549000279978,8828.0,1459,3,,0.0407027999171987,10948.0,655,9,,0.2623568000271916,10096.0,913,5,,0.5422986999619752,9708.0,1187,3,
744,1085,7559.0,1.5008321999921463,heavy,1.020890500047244,8215.0,1366,3,,0.0333260999759659,10551.0,621,9,,0.1713433000259101,9347.0,843,5,,0.461065899929963,9023.0,1149,3,
745,1139,8637.0,1.601391300006071,heavy,1.2338577999034896,9277.0,1407,3,,0.0399982000235468,11861.0,668,9,,0.2002042999956756,10453.0,907,5,,0.5425379000371322,10069.0,1187,3,
746,1080,7499.0,1.4782110000087414,heavy,1.1170552000403404,8187.0,1448,3,,0.038455200032331,10391.0,650,9,,0.1905519999563694,9579.0,900,5,,0.4736173000419512,9123.0,1146,3,
747,1114,8066.0,1.541966599994339,heavy,1.09602089994587,8706.0,1396,3,,0.03306829999201,11052.0,649,9,,0.2490779999643564,10350.0,915,5,,0.4929236000170931,9946.0,1210,3,
748,1143,7834.0,1.6012810000102036,heavy,1.141665400005877,8458.0,1369,3,,0.0363947000587359,10838.0,637,9,,0.2278462999965995,9682.0,872,5,,0.517023800057359,9362.0,1164,3,
749,1116,7806.0,1.5606719000206797,heavy,1.3010433000745252,8382.0,1329,3,,0.0339799999492242,10474.0,640,9,,0.1979633999289944,9670.0,872,5,,0.5517096999101341,9382.0,1128,3,
750,1110,8498.0,1.5384005999949295,heavy,1.21301940002013,9170.0,1418,3,,0.0405964000383392,11710.0,675,9,,0.1912502999184653,10330.0,908,5,,0.4970021999906748,10050.0,1179,3,
751,1131,8430.0,1.5595768000057433,heavy,1.0271149999462068,9086.0,1424,3,,0.0364624999929219,11694.0,666,9,,0.209019900066778,10382.0,918,5,,0.5207328000105917,9990.0,1172,3,
752,1124,8313.0,1.5843838999862785,heavy,1.0840607000282034,8937.0,1388,3,,0.0359375999541953,11321.0,648,9,,0.1915603000670671,10089.0,892,5,,0.5540991999441758,9721.0,1168,3,
753,1096,8165.0,1.5295614000060596,heavy,0.9965709000825882,8773.0,1367,3,,0.049895100062713,11271.0,661,9,,0.2384764000307768,10313.0,902,5,,0.526232699980028,9925.0,1202,3,
754,1111,7978.0,1.5456724000105169,heavy,1.1166050999891013,8874.0,1406,3,,0.0397333999862894,11192.0,662,9,,0.1970642000669613,10066.0,915,5,,0.5228159000398591,9450.0,1214,3,
755,1103,8254.0,1.5242752999765798,heavy,1.1233738999580964,8862.0,1384,3,,0.0383090999675914,11614.0,670,9,,0.1993932999903336,10290.0,916,5,,0.5771113999653608,9958.0,1208,3,
756,1133,8155.0,1.5966537999920547,heavy,1.0796779999509454,8779.0,1379,3,,0.0356074000010266,11299.0,650,9,,0.186690800008364,10167.0,900,5,,0.5690551999723539,9763.0,1165,3,
757,1133,8222.0,1.752873699995689,heavy,1.0820518000982702,8814.0,1353,3,,0.0400461999233812,11440.0,652,9,,0.1939772000769153,10074.0,879,5,,0.5536565000656992,9814.0,1166,3,
758,1094,8382.0,1.504317999992054,heavy,1.0529533999506384,8990.0,1365,3,,0.0408599999500438,11706.0,648,9,,0.2314785000635311,10482.0,897,5,,0.5710454999934882,10142.0,1199,3,
759,1148,8424.0,1.5955048000032548,heavy,1.0410262000514194,9064.0,1404,3,,0.0410477999830618,11710.0,684,9,,0.2014966000569984,10392.0,925,5,,0.5459379000822082,10104.0,1226,3,
760,1129,8421.0,1.5697274999984074,heavy,1.1208300999132916,9333.0,1443,3,,0.0365635999478399,12085.0,671,9,,0.1999562999699264,10685.0,921,5,,0.5252232999773696,10157.0,1202,3,
761,1146,8302.0,1.620225599996047,heavy,1.1201586000388488,8958.0,1394,3,,0.0505570999812334,11452.0,652,9,,0.240332999965176,10230.0,900,5,,0.5359616000205278,9838.0,1175,3,
762,1098,8433.0,1.3981679999851622,heavy,1.0122530000517145,9073.0,1399,3,,0.0352075999835506,11415.0,645,9,,0.1867143999552354,10393.0,896,5,,0.4839649000205099,10081.0,1181,3,
763,1127,8175.0,1.5204465000133496,heavy,1.022619300056249,8959.0,1444,3,,0.0418959999224171,11337.0,643,9,,0.199136900017038,10159.0,903,5,,0.5529698999598622,9703.0,1143,3,
764,1125,7651.0,1.551147599995602,heavy,1.19739510002546,8035.0,1380,2,,0.0384862000355497,10449.0,646,8,,0.1922363999765366,9315.0,880,4,,0.5275635001016781,9251.0,1185,3,
765,1103,8303.0,1.485117200005334,heavy,1.0495034001069143,8943.0,1422,3,,0.0370212999405339,11328.0,650,9,,0.190727699897252,10131.0,898,5,,0.4983724999474361,9695.0,1134,3,
766,1134,8907.0,1.5313044999784324,heavy,1.0529077000683174,9883.0,1463,3,,0.0387120998930186,12473.0,680,9,,0.2053056000731885,11387.0,944,5,,0.548760199919343,10787.0,1251,3,
767,1086,7925.0,1.4625679000164382,heavy,1.1109423000598326,8581.0,1403,3,,0.0362361000152304,11037.0,652,9,,0.1963021999690681,9769.0,884,5,,0.545300199999474,9469.0,1203,3,
768,1127,8400.0,1.5524858999997375,heavy,1.04051769990474,9360.0,1468,3,,0.0414840999292209,11968.0,667,9,,0.2157610000576824,10472.0,904,5,,0.5567294000647962,9920.0,1173,3,
769,1137,8337.0,1.6163174000103029,heavy,1.0427764999913052,8993.0,1432,3,,0.0395971999969333,11583.0,645,9,,0.2061308999545872,10261.0,883,5,,0.5171042999718338,9977.0,1209,3,
770,1158,8191.0,1.6022181999869645,heavy,0.9607370999874548,8815.0,1373,3,,0.0414319999981671,11387.0,658,9,,0.187586999963969,10411.0,914,5,,0.5029093000339344,9991.0,1166,3,
771,1143,8303.0,1.5595001000037882,heavy,1.220968300011009,8943.0,1405,3,,0.040558399981819,11257.0,647,9,,0.2230018998961895,10151.0,898,5,,0.4876737999729812,9767.0,1166,3,
772,1138,8255.0,1.542877200001385,heavy,1.0767262000590565,9167.0,1456,3,,0.0459540999727323,11747.0,663,9,,0.1835053999675437,10531.0,913,5,,0.5024401999544352,9911.0,1202,3,
773,1149,7821.0,1.5568186999880709,heavy,1.0920537000056356,8477.0,1442,3,,0.0356553000165149,10977.0,653,9,,0.183542100014165,9793.0,895,5,,0.4732477000216022,9453.0,1181,3,
774,1123,8507.0,1.5151237999962175,heavy,1.0088804999832064,9115.0,1370,3,,0.0495379000203684,11623.0,664,9,,0.2508469000458717,10563.0,898,5,,0.519887899979949,10283.0,1234,3,
775,1138,8319.0,1.5571461000072304,heavy,1.130944999982603,9007.0,1471,3,,0.0356209999881684,11163.0,651,9,,0.1901305000064894,10151.0,896,5,,0.5335499999346212,9847.0,1159,3,
776,1163,8022.0,1.5943504000024404,heavy,0.982025200035423,8678.0,1381,3,,0.0349939999869093,11196.0,652,9,,0.1983573000179603,10018.0,908,5,,0.4800760000944137,9622.0,1164,3,
777,1120,8376.0,1.512054100021487,heavy,0.9984308000421152,9256.0,1383,3,,0.0392307000001892,11568.0,651,9,,0.2002064000116661,10772.0,901,5,,0.5469781999709085,10240.0,1209,3,
778,1103,8023.0,1.4948193000163883,heavy,1.1624930000398308,8679.0,1410,3,,0.0382409000303596,11107.0,651,9,,0.1915445999475196,9887.0,884,5,,0.5525842000497505,9599.0,1173,3,
779,1103,8192.0,1.4763876000070013,heavy,1.0172446999931708,8848.0,1397,3,,0.0351808000123128,11530.0,671,9,,0.1858645000029355,10112.0,904,5,,0.497354399994947,9752.0,1188,3,
780,1105,7792.0,1.518047199991997,heavy,1.1977543000830335,8432.0,1398,3,,0.0475522000342607,11000.0,654,9,,0.2354364999337121,9844.0,895,5,,0.5103053000057116,9480.0,1166,3,
781,1124,8246.0,1.528115599998273,heavy,1.050019899965264,8886.0,1391,3,,0.0357667999342083,11312.0,659,9,,0.1936908999923616,10098.0,907,5,,0.5010182000696659,9766.0,1166,3,
782,1109,8377.0,1.4834001999988686,heavy,1.317682799999602,9017.0,1437,3,,0.03770370001439,11275.0,672,9,,0.2091135000810027,10301.0,930,5,,0.5298618000233546,9937.0,1186,3,
783,1124,7894.0,1.5329763000190724,heavy,1.165041200001724,8534.0,1403,3,,0.0356683999998495,11062.0,649,9,,0.2019667000276968,9754.0,898,5,,0.5128402000991628,9422.0,1163,3,
784,1115,8105.0,1.4983187000034377,heavy,1.0517304999521002,8697.0,1345,3,,0.0345041999826207,11209.0,634,9,,0.1936975999269634,9989.0,873,5,,0.484171999967657,9697.0,1149,3,
785,1130,7758.0,1.6651672000007238,heavy,1.2133222999982536,8446.0,1418,3,,0.0366485998965799,10756.0,651,9,,0.2015070000197738,9758.0,905,5,,0.5357045000419021,9366.0,1178,3,
786,1121,7689.0,1.5641108000127133,heavy,1.098922700039111,8345.0,1382,3,,0.0319816999835893,10407.0,620,9,,0.1830290000652894,9609.0,876,5,,0.4721245999680832,9257.0,1145,3,
787,1141,8510.0,1.593802899995353,heavy,1.0851399999810385,9214.0,1444,3,,0.0400739000178873,11436.0,656,9,,0.2196330999722704,10486.0,909,5,,0.5767806000076234,10134.0,1213,3,
788,1124,7900.0,1.869774499995401,heavy,1.0495126000605524,8508.0,1385,3,,0.0369755000574514,10980.0,658,9,,0.1905581000028178,9944.0,913,5,,0.5067736000055447,9676.0,1204,3,
789,1140,7810.0,1.600178099994082,heavy,1.067757899989374,8514.0,1457,3,,0.0492192000383511,10904.0,632,9,,0.2563727999804541,9838.0,893,5,,0.5460207000141963,9434.0,1174,3,
790,1145,8269.0,1.6218903999833856,heavy,1.1820859999861568,8877.0,1384,3,,0.038340299972333,11477.0,649,9,,0.1935540999984368,10345.0,895,5,,0.517290799994953,10109.0,1231,3,
791,1112,8530.0,1.5558172000164632,heavy,1.1574746000114828,9186.0,1394,3,,0.0384627999737858,11652.0,663,9,,0.2029282000148669,10462.0,900,5,,0.5504976999945939,10146.0,1202,3,
792,1131,8544.0,1.585307700006524,heavy,1.087274399935268,9152.0,1408,3,,0.040327800088562,11632.0,665,9,,0.2080347000155598,10516.0,916,5,,0.5480807999847457,10192.0,1212,3,
793,1140,8108.0,1.613267699984135,heavy,1.0708850000519303,8780.0,1410,3,,0.0672070999862626,11122.0,663,9,,0.2081641000695526,10096.0,913,5,,0.5409645999316126,9708.0,1204,3,
794,1119,8424.0,1.5739289000048302,heavy,1.24455029994715,9032.0,1422,3,,0.0361389999743551,11638.0,654,9,,0.1955197999486699,10316.0,897,5,,0.5184948000824079,10000.0,1192,3,
795,1091,8634.0,1.521481000003405,heavy,1.082298900000751,9290.0,1434,3,,0.0396698000840842,11658.0,670,9,,0.1930590999545529,10534.0,921,5,,0.5215228999732062,10146.0,1178,3,
796,1146,8228.0,1.5966199999966193,heavy,1.0787621000781655,8852.0,1365,3,,0.0367564000189304,11514.0,661,9,,0.2332796999253332,10032.0,899,5,,0.5548172000562772,9676.0,1173,3,
797,1114,8059.0,1.5504988000029698,heavy,1.0227201000088826,8731.0,1424,3,,0.0362622999818995,10967.0,656,9,,0.1897622999968007,10103.0,904,5,,0.4822536000283435,9699.0,1150,3,
798,1130,8025.0,1.5767725000041537,heavy,1.039125100011006,8665.0,1403,3,,0.038610800052993,10889.0,648,9,,0.1853969000512734,10017.0,896,5,,0.537257399992086,9601.0,1198,3,
799,1115,7965.0,1.5718328000220936,heavy,1.3323418999789285,8621.0,1385,3,,0.0361029000487178,10917.0,652,9,,0.2010843999451026,9941.0,902,5,,0.5299574999371544,9557.0,1178,3,
800,1124,8338.0,1.5727034000155982,heavy,1.0576327999588102,8962.0,1419,3,,0.0396292000077664,11266.0,658,9,,0.1992039999458938,10466.0,916,5,,0.5913931999821216,10162.0,1230,3,
801,1146,8496.0,1.5976896000211127,heavy,1.17013029998634,9456.0,1432,3,,0.0548205999657511,12280.0,666,9,,0.2094167999457568,10912.0,912,5,,0.5205424999585375,10592.0,1206,3,
802,1108,7993.0,1.5417770999774802,heavy,0.99180159997195,8601.0,1391,3,,0.0356985999969765,10845.0,646,9,,0.1874884999124333,9789.0,887,5,,0.5135181000223383,9465.0,1210,3,
803,1137,8354.0,1.6185802999825682,heavy,1.1378985999617726,9010.0,1450,3,,0.0379935000091791,11596.0,667,9,,0.2019433000823483,10506.0,929,5,,0.5566867999732494,10186.0,1222,3,
804,1131,7909.0,1.6815223000012338,heavy,1.1228693999582902,8549.0,1388,3,,0.0378378999885171,11007.0,656,9,,0.2191575000761076,9953.0,898,5,,0.4873268000083044,9637.0,1210,3,
805,1150,8220.0,1.6157942000136245,heavy,1.0995032999198884,9132.0,1393,3,,0.036599599989131,11382.0,651,9,,0.1969150000950321,10224.0,894,5,,0.5172793999081478,9684.0,1169,3,
806,1120,8576.0,1.5556401000067126,heavy,0.9977874000323936,9152.0,1371,3,,0.0405268999747931,11472.0,666,9,,0.2006786999991163,10292.0,907,5,,0.5425337000051513,9952.0,1171,3,
807,1136,8394.0,1.841939000005368,heavy,1.013786599971354,9306.0,1398,3,,0.0376553999958559,11432.0,662,9,,0.2043871999485418,10466.0,909,5,,0.5713276999304071,9882.0,1179,3,
808,1112,7615.0,1.5487562000053003,heavy,1.221248499932699,8271.0,1409,3,,0.0360212000086903,10443.0,648,9,,0.201378499972634,9567.0,889,5,,0.525222200085409,9224.0,1161,3,
809,1118,8138.0,1.568763899995247,heavy,1.056153199984692,9034.0,1418,3,,0.0369850000133737,11530.0,653,9,,0.1890477000270038,10182.0,892,5,,0.5201672000112012,9586.0,1183,3,
810,1112,7970.0,1.5603619000175968,heavy,1.2309288999531418,8930.0,1436,3,,0.0385319999186322,11192.0,659,9,,0.2011695000110194,10254.0,907,5,,0.5743607000913471,9706.0,1221,3,
811,1125,8562.0,1.5718120000092313,heavy,1.040705099934712,9538.0,1486,3,,0.037970499950461,11990.0,681,9,,0.1951102999737486,10742.0,928,5,,0.5407476999098435,10130.0,1241,3,
812,1114,8100.0,1.5333477999956813,heavy,1.1699304999783635,8772.0,1420,3,,0.0530128999380394,11308.0,652,9,,0.2333635999821126,10104.0,906,5,,0.4909737999550998,9700.0,1144,3,
813,1102,7569.0,1.5377412000088952,heavy,1.047965299920179,8177.0,1356,3,,0.0367224999936297,10585.0,633,9,,0.183098700013943,9805.0,882,5,,0.5473488999996334,9457.0,1185,3,
814,1134,8732.0,1.5916804999869782,heavy,1.0885346999857577,9372.0,1476,3,,0.0374483000487089,11788.0,667,9,,0.1975408999715,10704.0,936,5,,0.5319443999323994,10372.0,1199,3,
815,1107,8537.0,1.5420734999934211,heavy,1.1087078000418842,9129.0,1377,3,,0.0398087000939995,11749.0,647,9,,0.1943524999078363,10441.0,893,5,,0.5471004000864923,10113.0,1171,3,
816,1092,8064.0,1.5087471000151709,heavy,1.1415447000181302,8736.0,1390,3,,0.0411278000101447,11253.0,658,9,,0.1958532999269664,10280.0,918,5,,0.5576071999967098,9912.0,1224,3,
817,1125,8004.0,1.7690391999785788,heavy,1.0686749001033604,8852.0,1358,3,,0.0365019999444484,11086.0,651,9,,0.1945734000764787,10012.0,906,5,,0.5530445000622422,9460.0,1171,3,
818,1118,7920.0,1.580606500006979,heavy,1.0291757000377402,8544.0,1370,3,,0.0391231999965384,10946.0,644,9,,0.2246637999778613,10100.0,887,5,,0.605845500016585,9776.0,1171,3,
819,1119,8132.0,1.56282329998794,heavy,1.0976433000760153,8788.0,1385,3,,0.0391196999698877,11458.0,655,9,,0.1911896999226883,10232.0,905,5,,0.5329523000400513,9941.0,1197,3,
820,1130,8077.0,1.58543879998615,heavy,1.1772441000211984,8733.0,1401,3,,0.0392888999776914,11005.0,651,9,,0.2075741000007838,10029.0,903,5,,0.5664182999171317,9693.0,1180,3,
821,1127,8023.0,1.5762232999841217,heavy,1.2798869999824092,8663.0,1382,3,,0.0368324000155553,11251.0,658,9,,0.2044643999543041,9875.0,892,5,,0.5245108000235632,9567.0,1192,3,
822,1121,7966.0,1.5548166999942623,heavy,1.114433899987489,8334.0,1384,2,,0.0380718999076634,10878.0,663,8,,0.1938131999922916,9726.0,915,4,,0.5083134999731556,9558.0,1173,3,
823,1108,8523.0,1.5535977999970785,heavy,1.0594541999744251,9179.0,1409,3,,0.0410793999908492,11925.0,666,9,,0.2008127000881359,10507.0,915,5,,0.537765400018543,10171.0,1206,3,
824,1142,8844.0,1.6110594999918249,heavy,1.0189343999372795,9708.0,1381,3,,0.0385943999281153,12588.0,682,9,,0.2031995999859646,11100.0,912,5,,0.4993842999683693,10524.0,1206,3,
825,1110,8156.0,1.5293409999867436,heavy,1.1766602999996394,8828.0,1411,3,,0.0408026999793946,11302.0,665,9,,0.2270906999474391,10184.0,901,5,,0.526639600051567,9860.0,1205,3,
826,1120,8303.0,1.5517490000056569,heavy,1.2473881000187248,8927.0,1359,3,,0.037861100048758,11389.0,645,9,,0.2029305000323802,10639.0,904,5,,0.5208957000868395,10287.0,1160,3,
827,1089,7991.0,1.5239888000069186,heavy,1.0616886001080277,8663.0,1420,3,,0.048161800019443,10671.0,653,9,,0.1915087999077513,9907.0,908,5,,0.5342791000148281,9591.0,1184,3,
828,1093,8096.0,1.51377630000934,heavy,1.0295918000629172,8752.0,1401,3,,0.0389358000829815,10824.0,642,9,,0.1960213000420481,9912.0,884,5,,0.5169526000972837,9680.0,1179,3,
829,1127,8363.0,1.594788000016706,heavy,1.2567771000321954,9035.0,1455,3,,0.0385477999225258,11693.0,670,9,,0.2154263999545946,10407.0,929,5,,0.524518399965018,10083.0,1215,3,
830,1132,8294.0,1.5716911000199616,heavy,1.0483960999408737,8886.0,1374,3,,0.0383186000399291,11458.0,665,9,,0.1879549999721348,10262.0,907,5,,0.5213670000666752,9919.0,1181,3,
831,1122,8353.0,1.5583017999888398,heavy,1.0650167999556288,8945.0,1379,3,,0.0601475000148639,11587.0,651,9,,0.2195204999297857,10381.0,895,5,,0.5353892000857741,10025.0,1175,3,
832,1151,7920.0,1.62622950001969,heavy,1.1360524999909103,8832.0,1480,3,,0.0337765000294894,11234.0,656,9,,0.1931422000052407,10208.0,911,5,,0.5026962999254465,9608.0,1179,3,
833,1109,8300.0,1.558431000012206,heavy,1.1520996000617745,8892.0,1400,3,,0.0462543000467121,11114.0,655,9,,0.2004848000360652,10060.0,910,5,,0.5003006999613717,9732.0,1170,3,
834,1128,8063.0,1.5834959000058006,heavy,1.0568741000024602,8703.0,1380,3,,0.0395686000119894,11059.0,659,9,,0.2143493000185117,9879.0,903,5,,0.5679545999737456,9567.0,1196,3,
835,1137,7959.0,1.5714807999902405,heavy,1.10758089995943,8631.0,1395,3,,0.0380441000452265,10939.0,629,9,,0.2148152000736445,9735.0,876,5,,0.5349528000224382,9375.0,1156,3,
836,1123,8816.0,1.585927099979017,heavy,1.4306240000296384,9520.0,1477,3,,0.0409480999223887,12008.0,689,9,,0.213083800044842,10908.0,961,5,,0.5568293000105768,10552.0,1241,3,
837,1112,8183.0,1.558231100003468,heavy,1.1546505999285728,8887.0,1414,3,,0.0401096000568941,11695.0,670,9,,0.198903200100176,10347.0,911,5,,0.554201899911277,10007.0,1233,3,
838,1133,7712.0,1.6025698000157718,heavy,1.0188608000753447,8304.0,1313,3,,0.0444675999460741,10834.0,639,9,,0.2510635000653565,9780.0,885,5,,0.5802278000628576,9416.0,1176,3,
839,1145,7971.0,1.5924338000186251,heavy,1.2764707999303937,8675.0,1438,3,,0.0384184999857097,11093.0,651,9,,0.2039318999741226,9963.0,896,5,,0.5602487999713048,9587.0,1167,3,
840,1129,7936.0,1.567451099981554,heavy,1.1608418999239802,8512.0,1356,3,,0.0385700999759137,11014.0,649,9,,0.2061234000138938,9652.0,869,5,,0.4860492000589147,9328.0,1137,3,
841,1129,8242.0,1.584558400005335,heavy,1.2706759000429884,8914.0,1404,3,,0.0433794999262318,11080.0,669,9,,0.2105520999757573,10102.0,904,5,,0.5348100999835879,9746.0,1204,3,
842,1077,7707.0,1.483875000005355,heavy,1.1140987999970091,8299.0,1356,3,,0.0390359999146312,10707.0,656,9,,0.2000907000619918,9327.0,880,5,,0.5488408000674099,9051.0,1168,3,
843,1132,8161.0,1.59840700001223,heavy,1.1324257999658585,8817.0,1464,3,,0.043775700032711,11041.0,667,9,,0.2630984000861645,10337.0,932,5,,0.5777502999408171,10041.0,1212,3,
844,1129,8315.0,1.5693879000027664,heavy,1.197431999957189,8907.0,1354,3,,0.0378917000489309,11211.0,651,9,,0.1959839999908581,10419.0,897,5,,0.5153172999853268,10027.0,1184,3,
845,1120,7972.0,1.5510035999759566,heavy,1.0678579999366775,8932.0,1465,3,,0.0460575999459251,11400.0,671,9,,0.2449095000047236,10284.0,910,5,,0.5639445999404415,9764.0,1246,3,
846,1134,8099.0,1.7338943000067957,heavy,1.308676499989815,8771.0,1426,3,,0.0412189000053331,11345.0,669,9,,0.2255501999752596,10343.0,924,5,,0.5622232001041993,9996.0,1180,3,
847,1116,8061.0,1.566143900010502,heavy,1.2403308000648394,8749.0,1441,3,,0.0385797000490129,10919.0,651,9,,0.2087390999076888,10049.0,917,5,,0.5922481999732554,9653.0,1183,3,
848,1130,7993.0,1.5683660999929998,heavy,1.09425890003331,8601.0,1365,3,,0.0403306999942287,10653.0,628,9,,0.204846000066027,9913.0,869,5,,0.5884613000089303,9617.0,1164,3,
849,1119,7856.0,1.5560771999880672,heavy,1.1619678999995813,8512.0,1389,3,,0.034442999982275,11132.0,645,9,,0.203129299916327,9876.0,895,5,,0.5006583000067621,9472.0,1195,3,
850,1125,8367.0,1.5743048999866005,heavy,1.0549124999670312,9007.0,1398,3,,0.0443760999478399,11961.0,674,9,,0.2042626999318599,10419.0,921,5,,0.5647328000050038,10087.0,1196,3,
851,1082,7898.0,1.49970270000631,heavy,1.1334867000114173,8522.0,1398,3,,0.0380095000145956,10818.0,647,9,,0.2073628999060019,9850.0,906,5,,0.574271299992688,9570.0,1171,3,
852,1143,8316.0,1.6147535999771208,heavy,1.1654360999818891,8972.0,1445,3,,0.042677600053139,11624.0,663,9,,0.2181005000602454,10184.0,918,5,,0.6001396999927238,9812.0,1199,3,
853,1113,8050.0,1.5741192999994382,heavy,1.276757000014186,8706.0,1403,3,,0.0378485000692307,11190.0,660,9,,0.2088219000725075,10142.0,903,5,,0.5746846999973059,9738.0,1228,3,
854,1116,8013.0,1.5560376000066751,heavy,1.0728622000897303,8685.0,1411,3,,0.0476705000037327,10972.0,645,9,,0.2532457000343129,9953.0,891,5,,0.5753380000824109,9709.0,1195,3,
855,1127,8100.0,1.5686858000117354,heavy,1.0893984000431374,8740.0,1424,3,,0.0381642000284045,11536.0,670,9,,0.2121397999580949,9941.0,910,5,,0.5702945000957698,9612.0,1214,3,
856,1145,7999.0,1.63435949999257,heavy,1.0623677999246866,8639.0,1387,3,,0.0393225000007078,10811.0,640,9,,0.2063641999848187,9927.0,889,5,,0.5716124000027776,9599.0,1181,3,
857,1146,8019.0,1.6074610000068787,heavy,1.2464728999184445,8931.0,1402,3,,0.0372047000564634,11195.0,668,9,,0.2047189000295475,10243.0,909,5,,0.5374284000135958,9675.0,1178,3,
858,1130,8728.0,1.5739013999991585,heavy,1.102363600046374,9368.0,1422,3,,0.0441331000765785,11722.0,653,9,,0.2185258000390604,10672.0,909,5,,0.6464273000601679,10320.0,1196,3,
859,1130,7963.0,1.553185599972494,heavy,1.0714440000010654,8603.0,1385,3,,0.03886039997451,10889.0,633,9,,0.1899463000008836,9719.0,863,5,,0.5019603000255302,9371.0,1133,3,
860,1131,8264.0,1.5898069999821018,heavy,1.3222805000841618,8904.0,1390,3,,0.0405649999156594,11622.0,660,9,,0.2050945000955835,10317.0,899,5,,0.5281250000698492,9960.0,1196,3,
861,1122,8213.0,1.576129300025059,heavy,1.070403499994427,8805.0,1355,3,,0.0367931000655517,11053.0,645,9,,0.2008160999976098,9953.0,884,5,,0.4936278000241145,9605.0,1144,3,
862,1144,8229.0,1.5986101999878883,heavy,1.0723018000135198,8869.0,1368,3,,0.0541289000539109,11309.0,661,9,,0.2563833000604063,9977.0,895,5,,0.5805050000781193,9677.0,1179,3,
863,1128,7811.0,1.566214599995874,heavy,1.0792318999301642,8419.0,1394,3,,0.0363412000006064,11033.0,653,9,,0.1980684000300243,9911.0,897,5,,0.5690167000284418,9651.0,1216,3,
864,1112,7765.0,1.5483867999864742,heavy,1.0301635999931025,8437.0,1414,3,,0.0364813999040052,10705.0,641,9,,0.1925218999385833,9737.0,878,5,,0.5653842999599874,9421.0,1170,3,
865,1127,8029.0,1.5957563999982085,heavy,1.1688737000804394,8685.0,1423,3,,0.036820099921897,11255.0,657,9,,0.2066346999490633,10105.0,905,5,,0.5248411999782547,9717.0,1187,3,
866,1109,7370.0,1.5464492000173775,heavy,0.9828938000136986,7978.0,1325,3,,0.0356396000133827,10266.0,634,9,,0.18863320001401,9182.0,864,5,,0.5292193000204861,8962.0,1166,3,
867,1150,7848.0,1.6429154000070412,heavy,1.0367464000592008,8472.0,1354,3,,0.0357959999237209,11236.0,652,9,,0.1908328999998048,9808.0,892,5,,0.4935746999690309,9432.0,1160,3,
868,1077,7456.0,1.4788834000064526,heavy,1.2703793999971822,8144.0,1398,3,,0.0363222000887617,10214.0,636,9,,0.1964560999767854,9392.0,887,5,,0.5377138999756426,9048.0,1161,3,
869,1137,7906.0,1.6096252000133973,heavy,1.4323193000163883,8514.0,1348,3,,0.0401159999892115,10945.0,648,9,,0.2272626999765634,9694.0,879,5,,0.5540524000534788,9371.0,1158,3,
870,1119,8199.0,1.5700854000169784,heavy,1.292381800012663,8887.0,1410,3,,0.0402598000364378,11643.0,668,9,,0.2102677000220865,10459.0,930,5,,0.5479193000355735,10159.0,1212,3,
871,1136,7656.0,1.648516599991126,heavy,1.1008490999229252,8312.0,1380,3,,0.0457529999548569,10710.0,648,9,,0.2359964000061154,9580.0,892,5,,0.5220176000148058,9280.0,1193,3,
872,1131,8236.0,1.5867029000073671,heavy,0.9535851000109687,8844.0,1401,3,,0.0374088999815285,11342.0,657,9,,0.1920981999719515,10056.0,898,5,,0.4725411999970674,9732.0,1192,3,
873,1124,7994.0,1.5527086000074632,heavy,1.202092899940908,8634.0,1375,3,,0.0350186999421566,11058.0,649,9,,0.2106415000744164,9770.0,883,5,,0.5809970000991598,9530.0,1161,3,
874,1115,7823.0,1.5542005999886896,heavy,0.953277299995534,8415.0,1360,3,,0.0343568000243976,10737.0,643,9,,0.1830015999730676,9719.0,884,5,,0.4866361999884248,9415.0,1167,3,
875,1116,7988.0,1.6122744000167586,heavy,1.1708657999988643,8612.0,1369,3,,0.0374056999571621,10940.0,650,9,,0.2110885999863967,9984.0,894,5,,0.5053191999904811,9660.0,1190,3,
876,1125,8213.0,1.6294865000236314,heavy,1.2532590000191703,8821.0,1379,3,,0.0408637000946328,11357.0,651,9,,0.2085658999858424,10185.0,901,5,,0.6813382999971509,9845.0,1192,3,
877,1121,8118.0,1.574904000008246,heavy,1.0712016000179574,8726.0,1411,3,,0.0489675999851897,11344.0,652,9,,0.252104299957864,9962.0,891,5,,0.5331644000252709,9638.0,1188,3,
878,1111,7697.0,1.5467089000158012,heavy,1.351535400026478,8401.0,1438,3,,0.0464121000841259,10719.0,643,9,,0.2137163000879809,9885.0,898,5,,0.593224799958989,9585.0,1180,3,
879,1090,7839.0,1.510770599998068,heavy,1.5424905000254512,8463.0,1401,3,,0.0468106999760493,10917.0,654,9,,0.2138037999393418,9947.0,906,5,,0.7224838000256568,9647.0,1221,3,
880,1113,8287.0,1.5483572000230197,heavy,1.0597610999830067,8943.0,1406,3,,0.0419428999302908,11511.0,658,9,,0.2093385000480339,10163.0,902,5,,0.5041297000134364,9751.0,1149,3,
881,1109,7912.0,1.526552700001048,heavy,1.0782825999194756,8536.0,1388,3,,0.0395284000551328,11118.0,655,9,,0.2034229999408126,9904.0,907,5,,0.5775415999814868,9528.0,1155,3,
882,1106,7970.0,1.5671784000005573,heavy,1.2416594999376684,8578.0,1371,3,,0.0382786999689415,10952.0,650,9,,0.2006101000588387,10158.0,906,5,,0.567759900004603,9858.0,1180,3,
883,1113,7891.0,1.5615054999943825,heavy,1.155395200010389,8517.0,1392,3,,0.0393946000840514,10837.0,654,9,,0.210658699972555,9611.0,892,5,,0.5388739999616519,9395.0,1222,3,
884,1122,8276.0,1.6016460999962874,heavy,1.033678699983284,8932.0,1394,3,,0.0384369000094011,11398.0,661,9,,0.1993987000314518,10368.0,903,5,,0.5187738999957219,10084.0,1201,3,
885,1118,8130.0,1.5695130999956746,heavy,1.0519183999858797,8738.0,1348,3,,0.0397553000366315,11014.0,650,9,,0.2028816000092774,10194.0,899,5,,0.5890753000276163,9906.0,1193,3,
886,1116,8147.0,1.5548221000062767,heavy,1.0910032000392675,9027.0,1408,3,,0.0395711000310257,11299.0,656,9,,0.1961542000062763,10339.0,897,5,,0.527678000042215,9739.0,1149,3,
887,1130,8635.0,1.5878487000009045,heavy,1.0370716999750584,9499.0,1412,3,,0.0378575000213459,12107.0,657,9,,0.1906300999689847,10903.0,902,5,,0.5518892999971285,10307.0,1189,3,
888,1120,7970.0,1.5677951000106989,heavy,1.0806894999695942,8866.0,1396,3,,0.0405714999651536,11402.0,651,9,,0.2078245000448078,10202.0,889,5,,0.5853522000834346,9930.0,1189,3,
889,1135,8176.0,1.606565199996112,heavy,1.1691874000243845,8768.0,1410,3,,0.0380621999502182,11320.0,663,9,,0.1998610999435186,10164.0,914,5,,0.5344882999779657,9808.0,1201,3,
890,1131,7734.0,1.573387400014326,heavy,1.215314200031571,8374.0,1389,3,,0.037505800020881,10880.0,654,9,,0.2028394000371918,9562.0,884,5,,0.5187060000607744,9206.0,1181,3,
891,1130,8478.0,1.5770844999933615,heavy,1.123242300003767,9118.0,1407,3,,0.0396527999546378,11562.0,662,9,,0.2113434999482706,10574.0,904,5,,0.5607396999839693,10166.0,1194,3,
892,1114,7841.0,1.55412030001753,heavy,1.1040291999233889,8545.0,1430,3,,0.0356650999747216,11173.0,666,9,,0.1970956000732258,9849.0,904,5,,0.5419134000549093,9505.0,1222,3,
893,1137,8684.0,1.6164738000079524,heavy,1.1102840999374166,9308.0,1369,3,,0.0404646999668329,11826.0,660,9,,0.200284699909389,10636.0,912,5,,0.539469400071539,10316.0,1200,3,
894,1092,8156.0,1.5370804000122007,heavy,1.1272771999938414,8780.0,1369,3,,0.0373926000902429,11366.0,660,9,,0.20441090001259,10140.0,902,5,,0.5507862999802455,9820.0,1219,3,
895,1126,8183.0,1.5763081000186503,heavy,1.4195854999125004,9111.0,1422,3,,0.0408537000184878,11711.0,649,9,,0.2104923999868333,10439.0,896,5,,0.6038189999526367,9935.0,1175,3,
896,1112,8283.0,1.538639600010356,heavy,1.0592706999741497,8923.0,1394,3,,0.0401340000098571,11403.0,665,9,,0.1974068999988958,10219.0,913,5,,0.5391892999177799,9811.0,1206,3,
897,1136,8214.0,1.5941269999893848,heavy,1.091970100067556,8822.0,1361,3,,0.0406502999830991,11196.0,653,9,,0.2216851999983191,10246.0,903,5,,0.5237484999233857,9862.0,1186,3,
898,1122,8104.0,1.5761478999920655,heavy,1.0699993999442086,8760.0,1376,3,,0.0359510999405756,11244.0,657,9,,0.2045442999806255,10096.0,922,5,,0.5163958999328315,9784.0,1189,3,
899,1125,7921.0,1.570712500018999,heavy,1.0652137999422848,8529.0,1349,3,,0.0378146000439301,10851.0,647,9,,0.2091639999998733,9801.0,893,5,,0.557641499908641,9425.0,1162,3,
900,1141,7698.0,1.5951579000102356,heavy,1.187680899980478,8322.0,1362,3,,0.0365088999969884,10756.0,651,9,,0.2111130999401211,9750.0,897,5,,0.538576899911277,9386.0,1178,3,
901,1108,8175.0,1.5466385999752674,heavy,1.069225300103426,9055.0,1393,3,,0.0387068999698385,11811.0,654,9,,0.1979895000113174,10427.0,889,5,,0.517435000045225,9783.0,1158,3,
902,1140,8986.0,1.6133266000251751,heavy,1.054787699948065,9562.0,1413,3,,0.0428910000482574,12164.0,684,9,,0.2291471000062301,10954.0,939,5,,0.5944479000754654,10634.0,1218,3,
903,1098,7548.0,1.563557800021954,heavy,1.1116880000336096,8188.0,1389,3,,0.0424083999823778,10400.0,630,9,,0.1871958000119775,9432.0,885,5,,0.4976767000043764,9076.0,1130,3,
904,1132,8154.0,1.5678906999819446,heavy,1.2297905000159517,8810.0,1453,3,,0.0401458999840542,11482.0,663,9,,0.2130987000418827,10030.0,905,5,,0.6008138000033796,9682.0,1175,3,
905,1127,8233.0,1.7156900000118185,heavy,1.0724634999642149,8857.0,1386,3,,0.0397113000508397,11693.0,655,9,,0.1998731999192387,10209.0,883,5,,0.5628763999557123,9865.0,1175,3,
906,1098,7933.0,1.5096706000040283,heavy,1.1185215999139473,8573.0,1362,3,,0.0398763000266626,10949.0,651,9,,0.2080382999265566,9837.0,890,5,,0.5152974999509752,9525.0,1178,3,
907,1130,8867.0,1.5875430000014603,heavy,1.2287753999698907,9571.0,1465,3,,0.041446299990639,11875.0,680,9,,0.2089241999201476,10764.0,926,5,,0.555427800049074,10411.0,1196,3,
908,1109,8342.0,1.5505434999940917,heavy,1.029980399995111,8934.0,1364,3,,0.0404678999911993,11314.0,641,9,,0.197449899977073,10162.0,881,5,,0.5513061000965536,9878.0,1203,3,
909,1131,8193.0,1.580030999990413,heavy,1.0297508999938143,8801.0,1378,3,,0.0386682000244036,11225.0,658,9,,0.1983333999523893,10361.0,914,5,,0.5337516999570653,10025.0,1208,3,
910,1144,9004.0,1.595126700005494,heavy,1.1210873000090942,9692.0,1430,3,,0.03796039998997,12042.0,674,9,,0.2096485999645665,10904.0,922,5,,0.5314256999408826,10524.0,1222,3,
911,1132,8359.0,1.5865326000202913,heavy,1.1166958999820054,8999.0,1408,3,,0.0366149999899789,11335.0,634,9,,0.2033817999763414,10291.0,880,5,,0.5347262999275699,9959.0,1172,3,
912,1124,8673.0,1.5846756999962963,heavy,1.258553299936466,9361.0,1416,3,,0.0423129999544471,11751.0,663,9,,0.2103045000694692,10677.0,907,5,,0.5782877000747249,10393.0,1206,3,
913,1124,7860.0,1.5876284000114538,heavy,1.2265455999877304,8452.0,1346,3,,0.0385850999737158,10780.0,624,9,,0.1920103000011295,9636.0,853,5,,0.5396971000591293,9404.0,1152,3,
914,1133,8341.0,1.586773299990455,heavy,1.0800846000202,8965.0,1408,3,,0.0390642998972907,11597.0,651,9,,0.2043870999477803,10309.0,893,5,,0.5604322000872344,9941.0,1155,3,
915,1112,8617.0,1.5371301000122912,heavy,1.135622899979353,9497.0,1417,3,,0.0449828000273555,11817.0,663,9,,0.2178208000259474,10765.0,917,5,,0.6066642999649048,10129.0,1193,3,
916,1133,8419.0,1.6073064999945927,heavy,1.025761199998669,9011.0,1378,3,,0.039234000025317,11661.0,673,9,,0.2054695000406354,10451.0,918,5,,0.5542250999715179,10083.0,1189,3,
917,1144,8671.0,1.6522677000029944,heavy,1.0477838000515476,9567.0,1396,3,,0.0391355999745428,11975.0,669,9,,0.1995020000031218,10783.0,915,5,,0.5523988999193534,10151.0,1179,3,
918,1151,8422.0,1.611619499977678,heavy,1.1574435000075027,9302.0,1433,3,,0.0380913000553846,11978.0,668,9,,0.1997859999537468,10758.0,916,5,,0.5095476000569761,10150.0,1233,3,
919,1161,8305.0,1.635392399999546,heavy,1.0833848000038415,8961.0,1399,3,,0.0392068000510335,11489.0,642,9,,0.1981834999751299,10221.0,894,5,,0.5788247999735177,9761.0,1171,3,
920,1116,7840.0,1.5350800000014715,heavy,1.0624014000641182,8496.0,1404,3,,0.0367407000157982,11010.0,657,9,,0.1992553999880328,9792.0,903,5,,0.501183700049296,9424.0,1180,3,
921,1147,7926.0,1.6090618000016548,heavy,1.087339899968356,8566.0,1367,3,,0.0365870998939499,10950.0,645,9,,0.1935040999669581,9886.0,893,5,,0.538116000010632,9502.0,1179,3,
922,1125,8460.0,1.5841939999954775,heavy,1.1844911000225693,9149.0,1439,3,,0.042548400000669,11896.0,676,9,,0.21589110000059,10372.0,923,5,,0.5818452999228612,10068.0,1192,3,
923,1126,8502.0,1.5650459000025876,heavy,1.164565599989146,9174.0,1433,3,,0.0439058999763801,11894.0,664,9,,0.2137390999123454,10618.0,923,5,,0.6031183999730274,10334.0,1206,3,
924,1127,8528.0,1.567732600000454,heavy,1.1605702000670135,9216.0,1431,3,,0.0395716000348329,11896.0,666,9,,0.2061549000209197,10584.0,932,5,,0.5239261999959126,10136.0,1186,3,
925,1131,8383.0,1.5698934000101872,heavy,1.136288500041701,9071.0,1473,3,,0.039611899992451,11393.0,662,9,,0.1956113000633195,10119.0,906,5,,0.5418634000234306,9719.0,1191,3,
926,1103,8129.0,1.5414941999770235,heavy,1.039743399946019,8737.0,1386,3,,0.0409773000283166,11517.0,662,9,,0.2056162999942898,9929.0,893,5,,0.5431476000230759,9609.0,1171,3,
927,1135,8194.0,1.5919200999778695,heavy,0.9948479000013322,8770.0,1337,3,,0.0382180999731645,11210.0,655,9,,0.1904059000080451,10234.0,900,5,,0.5020686000352725,9930.0,1186,3,
928,1126,8063.0,1.564621099998476,heavy,1.2543209999566898,8927.0,1379,3,,0.0355064999312162,11215.0,655,9,,0.2180311999982223,10183.0,887,5,,0.4974539999384433,9551.0,1145,3,
929,1094,8318.0,1.536703599995235,heavy,1.0579628999112174,8894.0,1358,3,,0.0390460999915376,11094.0,665,9,,0.2024915999500081,10170.0,910,5,,0.5418571999762207,9798.0,1171,3,
930,1115,8231.0,1.6019123999867588,heavy,1.0403682999312878,8839.0,1359,3,,0.0395859000273048,11179.0,653,9,,0.2049202000489458,10083.0,892,5,,0.5486269999528304,9783.0,1191,3,
931,1131,8450.0,1.599465399980545,heavy,1.1519313999451697,9106.0,1434,3,,0.0452113999053835,11860.0,669,9,,0.2526489000301808,10450.0,906,5,,0.5758974000345916,10066.0,1201,3,
932,1123,8579.0,1.5613252999901306,heavy,1.05277800001204,9203.0,1423,3,,0.0626563000259921,11837.0,664,9,,0.2064905998995527,10531.0,911,5,,0.5298210999462754,10187.0,1155,3,
933,1135,8983.0,1.7100930000015069,heavy,1.0932684999424964,9639.0,1461,3,,0.0405280999839305,12407.0,675,9,,0.2078269000630825,11039.0,932,5,,0.5503655999200419,10751.0,1225,3,
934,1132,7577.0,1.8096484999987297,heavy,1.25829100003466,8249.0,1405,3,,0.0385065999580547,10253.0,644,9,,0.2148981000063941,9465.0,892,5,,0.5283726000925526,9122.0,1171,3,
935,1142,8484.0,1.6073830999957863,heavy,1.0802136999554932,9172.0,1431,3,,0.0392687000567093,11668.0,691,9,,0.2093247000593692,10704.0,957,5,,0.5332880000350997,10380.0,1247,3,
936,1110,8089.0,1.5499989000090864,heavy,1.1659927000291646,8697.0,1378,3,,0.0389900999143719,11257.0,655,9,,0.1950117999222129,10277.0,916,5,,0.5239746000152081,9889.0,1177,3,
937,1115,7858.0,1.5559438999916892,heavy,1.1819772999733686,8450.0,1348,3,,0.0460836000274866,11086.0,653,9,,0.2024012999609112,9842.0,879,5,,0.4986903000390157,9498.0,1161,3,
938,1148,8197.0,1.5944200000085402,heavy,0.9743579999776556,8805.0,1357,3,,0.0481113001005724,11209.0,645,9,,0.1940853000851348,10025.0,877,5,,0.4984967999625951,9677.0,1172,3,
939,1154,7872.0,1.6156715000106487,heavy,1.0591882999287918,8496.0,1377,3,,0.0385731999995186,10936.0,655,9,,0.1915388000197708,10260.0,915,5,,0.5022379999281839,9968.0,1214,3,
940,1113,8528.0,1.554435600002762,heavy,1.0763550999108702,9152.0,1414,3,,0.0385189000517129,11880.0,672,9,,0.202240900020115,10452.0,908,5,,0.5055234999163076,10112.0,1183,3,
941,1128,8324.0,1.5931793000199832,heavy,1.2304817999247462,8964.0,1444,3,,0.0408922999631613,11258.0,639,9,,0.1945970000233501,10392.0,888,5,,0.5534115999471396,10052.0,1189,3,
942,1112,8084.0,1.5351789999986067,heavy,1.1377720999298615,8724.0,1379,3,,0.0384236000245437,11198.0,641,9,,0.19112000009045,9952.0,881,5,,0.5119408000027761,9588.0,1168,3,
943,1138,7611.0,1.6045732999918982,heavy,1.0817116000689566,8251.0,1400,3,,0.036703799967654,10439.0,636,9,,0.1934232000494375,9491.0,877,5,,0.4891500000376254,9067.0,1121,3,
944,1128,8745.0,1.5887445000116711,heavy,1.0764833999564871,9369.0,1407,3,,0.0402461000485345,11857.0,668,9,,0.2128140999702736,10781.0,918,5,,0.5756414000643417,10513.0,1229,3,
945,1134,8135.0,1.5953656999918169,heavy,1.173046899959445,8743.0,1400,3,,0.0378779999446123,11221.0,650,9,,0.2100438000634312,10167.0,886,5,,0.5419480999698862,9856.0,1188,3,
946,1106,8525.0,1.5369738999870606,heavy,1.0598590000299737,9213.0,1432,3,,0.0379570999648422,11475.0,670,9,,0.2003693000879138,10517.0,921,5,,0.519104800070636,10165.0,1196,3,
947,1173,8199.0,1.640249300020514,heavy,1.0714610000140965,9063.0,1369,3,,0.0386962000047788,11597.0,650,9,,0.2060813000425696,10283.0,889,5,,0.510309899924323,9687.0,1169,3,
948,1104,8395.0,1.5298293999803718,heavy,1.1008852999657393,9083.0,1389,3,,0.0418133999919518,11697.0,658,9,,0.2006177000002935,10335.0,887,5,,0.5049713000189513,9995.0,1157,3,
949,1094,8210.0,1.518866700003855,heavy,1.130490699899383,8866.0,1436,3,,0.0413182000629603,11366.0,674,9,,0.2075120999943465,10294.0,912,5,,0.5645282999612391,9914.0,1203,3,
950,1114,7846.0,1.5669500000076368,heavy,1.1525148999644443,8518.0,1473,3,,0.0379599999869242,10970.0,650,9,,0.1948490000795573,9710.0,897,5,,0.4962426000274718,9366.0,1163,3,
951,1149,8760.0,1.5947219999798108,heavy,1.1669925999594852,9592.0,1403,3,,0.0409420999931171,12074.0,660,9,,0.2023133999900892,10868.0,899,5,,0.5548629999393597,10360.0,1212,3,
952,1102,8643.0,1.5474978999991436,heavy,1.0544488999294117,9283.0,1434,3,,0.04250390001107,12127.0,682,9,,0.2062652999302372,10607.0,915,5,,0.5340837000403553,10283.0,1218,3,
953,1107,8243.0,1.5314371999993457,heavy,1.161176500027068,8835.0,1383,3,,0.0377438999712467,11331.0,663,9,,0.1988433999940753,10187.0,920,5,,0.5128133000107482,9755.0,1172,3,
954,1114,8425.0,1.5538527999888174,heavy,1.0873560999752954,9097.0,1440,3,,0.0383990000700578,11391.0,662,9,,0.2034218000480905,10521.0,927,5,,0.5474288000259548,10209.0,1221,3,
955,1143,8445.0,1.616260599985253,heavy,1.0153874000534415,9037.0,1345,3,,0.0386336999945342,11783.0,670,9,,0.2009291999274864,11001.0,934,5,,0.5553350999252871,10653.0,1254,3,
956,1128,7886.0,1.58497859997442,heavy,1.049860999919474,8478.0,1349,3,,0.0373395999195054,10664.0,648,9,,0.2122438999358564,9690.0,894,5,,0.514870100072585,9382.0,1187,3,
957,1152,8720.0,1.618485300015891,heavy,1.18664940004237,9328.0,1409,3,,0.0407023000298067,11782.0,665,9,,0.2033339999616146,10628.0,919,5,,0.5854168999940157,10224.0,1214,3,
958,1151,8191.0,1.6311173000140116,heavy,1.068328799912706,8831.0,1381,3,,0.0409197000553831,11145.0,643,9,,0.2033158999402076,9979.0,886,5,,0.594128799973987,9703.0,1159,3,
959,1118,8077.0,1.558824999985518,heavy,1.057193799992092,8749.0,1415,3,,0.0401943000033497,11309.0,656,9,,0.1966917000245303,10005.0,900,5,,0.5533442000159994,9621.0,1192,3,
960,1114,8008.0,1.5386400999850594,heavy,1.0831905000377446,8600.0,1394,3,,0.0379810000304132,10926.0,659,9,,0.2017735999543219,9724.0,888,5,,0.509376100031659,9368.0,1159,3,
961,1121,8399.0,1.5604379999858793,heavy,1.0633653999539092,9295.0,1375,3,,0.0388622999889776,11671.0,658,9,,0.1930472000967711,10503.0,904,5,,0.522041599964723,9975.0,1187,3,
962,1128,8739.0,1.5543278999975882,heavy,1.136577200028114,9411.0,1475,3,,0.040269499993883,11617.0,666,9,,0.2027924999129027,10520.0,911,5,,0.5338556000497192,10235.0,1186,3,
963,1118,8331.0,1.609177100006491,heavy,1.213984299916774,8987.0,1452,3,,0.0394404999678954,11455.0,662,9,,0.2049873999785632,10347.0,912,5,,0.5118256999412552,10083.0,1192,3,
964,1130,7861.0,1.6165984999970533,heavy,1.126406199997291,8469.0,1387,3,,0.0366703000618144,10889.0,636,9,,0.1996666999766603,10065.0,883,5,,0.5302899000234902,9733.0,1193,3,
965,1133,8412.0,1.580036100000143,heavy,1.0668261999962851,9036.0,1368,3,,0.0509685999713838,11402.0,652,9,,0.200467100017704,10360.0,904,5,,0.5302079999819398,10084.0,1194,3,
966,1139,8648.0,1.5865208000177518,heavy,1.0993193000322208,9304.0,1437,3,,0.0451835999265313,11770.0,668,9,,0.2127714999951422,10588.0,912,5,,0.603839399991557,10264.0,1206,3,
967,1110,7706.0,1.542206400015857,heavy,1.1227749000536278,8298.0,1365,3,,0.0351409000577405,10504.0,629,9,,0.1987818999914452,9554.0,876,5,,0.5479268999770284,9290.0,1168,3,
968,1104,7946.0,1.5419305999821518,heavy,1.2736652999883518,8618.0,1411,3,,0.0401427999604493,11222.0,667,9,,0.2081132000312209,9970.0,900,5,,0.5257010000059381,9594.0,1183,3,
969,1120,8672.0,1.5698781999817584,heavy,1.2616327999858186,9568.0,1436,3,,0.0434228000231087,12200.0,674,9,,0.2149400999769568,11328.0,946,5,,0.5786571999778971,10808.0,1235,3,
970,1111,8146.0,1.5310423000191804,heavy,1.097672300064005,8786.0,1422,3,,0.0374815999530255,11344.0,664,9,,0.2028646999970078,10118.0,912,5,,0.6094760000705719,9754.0,1195,3,
971,1114,7721.0,1.535039600013988,heavy,1.205846700002439,8313.0,1369,3,,0.0413162999320775,10647.0,645,9,,0.2084030000260099,9621.0,895,5,,0.5598228999879211,9345.0,1189,3,
972,1116,8108.0,1.562183100002585,heavy,1.2033350000856444,8716.0,1384,3,,0.0385912000201642,11234.0,651,9,,0.210781899979338,9980.0,899,5,,0.5537081999937072,9652.0,1194,3,
973,1146,8117.0,1.6219146999937948,heavy,1.109074299922213,9029.0,1393,3,,0.0452403000090271,11468.0,653,9,,0.1978681999025866,10433.0,890,5,,0.5727249999763444,9877.0,1208,3,
974,1147,7681.0,1.5987820000154898,heavy,1.0783879000227898,8321.0,1376,3,,0.0361471999203786,10547.0,646,9,,0.208056200062856,9641.0,889,5,,0.5212270999327302,9361.0,1173,3,
975,1119,8566.0,1.5629351000243332,heavy,1.0584096999373287,9206.0,1411,3,,0.0444070999510586,11788.0,659,9,,0.2085405000252649,10490.0,904,5,,0.5775376999517903,10174.0,1200,3,
976,1121,8177.0,1.5555394999973942,heavy,1.186669999966398,8897.0,1463,3,,0.0378019000636413,11533.0,668,9,,0.2147864999715238,10441.0,919,5,,0.5410499999998137,10177.0,1215,3,
977,1118,8133.0,1.5676631000242196,heavy,1.1185040000127628,9029.0,1412,3,,0.0374705999856814,11551.0,667,9,,0.2205663999775424,10409.0,926,5,,0.5250682000769302,9733.0,1192,3,
978,1108,7743.0,1.550864899996668,heavy,1.1123382999794558,8415.0,1421,3,,0.0358557999134063,11205.0,653,9,,0.204141299938783,9975.0,912,5,,0.5352775999344885,9567.0,1199,3,
979,1111,8457.0,1.537100499990629,heavy,1.1187230999348683,9385.0,1446,3,,0.0407505999319255,11845.0,671,9,,0.205297700013034,10721.0,931,5,,0.5467620000708848,10033.0,1192,3,
980,1127,8564.0,1.5617513000033796,heavy,1.1711958000669256,9140.0,1370,3,,0.0420586999971419,11870.0,651,9,,0.2126546000363305,10544.0,888,5,,0.5550475000636652,10180.0,1167,3,
981,1131,8086.0,1.596059699979378,heavy,1.1863086000084877,8742.0,1435,3,,0.0401808000169694,11298.0,654,9,,0.215807499946095,9994.0,905,5,,0.5182479999493808,9694.0,1201,3,
982,1136,8227.0,1.6048853999818675,heavy,1.0848493000958117,8899.0,1444,3,,0.0425576000707224,11299.0,664,9,,0.2158515000483021,10375.0,915,5,,0.6235350000206381,9963.0,1188,3,
983,1113,8205.0,1.5518591000000015,heavy,1.2110298000043258,8861.0,1406,3,,0.0369500999804586,11051.0,656,9,,0.236325400066562,10117.0,910,5,,0.514212999958545,9869.0,1176,3,
984,1107,8656.0,1.5280701000010597,heavy,1.017357400036417,9249.0,1366,3,,0.0387191000627353,11794.0,645,9,,0.2058342000236734,10792.0,901,5,,0.5534519000211731,10432.0,1191,3,
985,1114,8297.0,1.5383697999932338,heavy,1.1352229999611154,9225.0,1450,3,,0.038188699982129,11683.0,655,9,,0.2075749000068754,10569.0,920,5,,0.5424089999869466,9938.0,1173,3,
986,1119,8121.0,1.5610125999955926,heavy,1.0949240999761969,8745.0,1428,3,,0.0408051999984309,11169.0,655,9,,0.2170949999708682,10197.0,902,5,,0.6122814000118524,9897.0,1223,3,
987,1118,8170.0,1.6498907000059262,heavy,1.010126500041224,8778.0,1364,3,,0.046413299976848,11412.0,645,9,,0.2030548000475391,10110.0,887,5,,0.5418616000097245,9722.0,1151,3,
988,1160,8442.0,1.6313058999949137,heavy,1.1777107999660077,9050.0,1405,3,,0.0436857999302446,11482.0,660,9,,0.2019972000271082,10374.0,902,5,,0.5464840999338776,10066.0,1199,3,
989,1140,7899.0,1.5960404000070412,heavy,1.3097287999698892,8507.0,1360,3,,0.0372547999722883,11011.0,658,9,,0.2128556999377906,9727.0,890,5,,0.5126698999665678,9347.0,1193,3,
990,1143,8459.0,1.6023390000045763,heavy,1.1397410000208763,9131.0,1441,3,,0.041466400027275,11675.0,666,9,,0.2191775999963283,10623.0,933,5,,0.6010939000407234,10363.0,1227,3,
991,1134,7959.0,1.6995995999895968,heavy,1.092964000068605,8647.0,1384,3,,0.0373268999392166,10931.0,651,9,,0.1953891000011935,9911.0,877,5,,0.5114439999451861,9607.0,1184,3,
992,1136,8495.0,1.5995324999967124,heavy,1.1274973000399768,9151.0,1459,3,,0.0454728999175131,11541.0,675,9,,0.2181162999477237,10767.0,934,5,,0.5397521000122651,10495.0,1226,3,
993,1119,8360.0,1.6444189999892842,heavy,1.1637408999959007,9048.0,1431,3,,0.0386479999870061,11784.0,665,9,,0.2081366999773308,10328.0,906,5,,0.519681700039655,9960.0,1168,3,
994,1131,7606.0,1.5807053000025917,heavy,1.1158697000937536,8246.0,1400,3,,0.0405146999983117,10448.0,648,9,,0.2015027999877929,9566.0,890,5,,0.5646746000275016,9286.0,1180,3,
995,1145,8171.0,1.5994293999974616,heavy,1.111473000026308,8795.0,1404,3,,0.0389417000114917,11131.0,651,9,,0.1991128999507054,10199.0,894,5,,0.5350620999233797,9827.0,1182,3,
996,1139,8106.0,1.6096952999942005,heavy,1.239001699956134,8746.0,1441,3,,0.0387213999638333,11156.0,658,9,,0.1964096999727189,10102.0,896,5,,0.5665230000158772,9770.0,1207,3,
997,1108,8171.0,1.55222660000436,heavy,1.038975300034508,8779.0,1360,3,,0.0382284000515937,11375.0,658,9,,0.1990788000402972,10115.0,896,5,,0.5567656999919564,10043.0,1199,3,
998,1122,8291.0,1.5778375000227245,heavy,1.2251619000453502,8947.0,1406,3,,0.0370426999870687,11549.0,641,9,,0.2024107000324875,10247.0,880,5,,0.5723039000295103,9907.0,1150,3,
999,1124,8236.0,1.5565007999830414,heavy,1.229980899952352,8876.0,1430,3,,0.0398091000970453,11184.0,670,9,,0.2126034999964758,10116.0,909,5,,0.5309610000113025,9796.0,1222,3,
