matrix_index,bvn_perms,bvn_cycle,bvn_runtime,bvn_matching,maximum_16_time,maximum_16_cycle,maximum_16_perms,maximum_16_planes,maximum_16_split,maximum_2_time,maximum_2_cycle,maximum_2_perms,maximum_2_planes,maximum_2_split,maximum_4_time,maximum_4_cycle,maximum_4_perms,maximum_4_planes,maximum_4_split,maximum_8_time,maximum_8_cycle,maximum_8_perms,maximum_8_planes,maximum_8_split
0,469,7790.0,0.7677588999504223,maximum,0.8762175000738353,8526.0,839,3,,0.0627490000333637,11164.0,636,9,,0.14047240000218153,9738.0,643,5,,0.373145499965176,9326.0,746,3,
1,488,8743.0,0.7740185000002384,maximum,0.9615110999438912,9671.0,860,3,,0.062420799979008734,12111.0,669,9,,0.16379569994751364,10831.0,655,5,,0.3821107998955995,10287.0,781,3,
2,478,8178.0,0.8359829999972135,maximum,0.8234098000684753,8914.0,910,3,,0.06917739997152239,11520.0,667,9,,0.1448862999677658,10178.0,674,5,,0.4068389000603929,9818.0,787,3,
3,474,7950.0,0.7787063999567181,maximum,0.820357899996452,8670.0,897,3,,0.061014699982479215,11140.0,672,9,,0.13235159998293966,9922.0,674,5,,0.3189255999168381,9566.0,772,3,
4,488,8126.0,0.7937275000149384,maximum,0.8325750000076368,8782.0,834,3,,0.06152250000741333,11210.0,668,9,,0.13699319993611425,10026.0,653,5,,0.3611569000640884,9742.0,768,3,
5,486,8907.0,0.8413654000032693,maximum,0.8092730999924242,9611.0,874,3,,0.07969229994341731,12227.0,682,9,,0.16961550002451986,10955.0,672,5,,0.4421106999507174,10587.0,779,3,
6,473,7901.0,0.7417943000327796,maximum,0.8224766000639647,8605.0,862,3,,0.05962259997613728,10823.0,653,9,,0.12818160001188517,9593.0,651,5,,0.3483550000237301,9333.0,752,3,
7,475,8173.0,0.7463631998980418,maximum,0.8211703000124544,8829.0,839,3,,0.0572369999717921,11167.0,643,9,,0.13135350006632507,10561.0,668,5,,0.35432450007647276,10077.0,776,3,
8,478,8178.0,0.7543313000351191,maximum,0.9080108000198379,8802.0,814,3,,0.06064210005570203,11410.0,662,9,,0.15404880000278354,10314.0,652,5,,0.38368890003766865,10002.0,753,3,
9,482,8759.0,0.8004584999289364,maximum,0.837583800079301,9703.0,874,3,,0.06274570000823587,12701.0,683,9,,0.14043170004151762,11303.0,692,5,,0.3713554999558255,10791.0,835,3,
10,473,8005.0,0.7468204000033438,maximum,0.7917960000922903,8629.0,804,3,,0.05991050007287413,10851.0,652,9,,0.1357340000104159,9801.0,646,5,,0.3487747999606654,9461.0,751,3,
11,486,8391.0,0.8157198999542743,maximum,0.7640457999659702,9015.0,827,3,,0.058604000019840896,11505.0,660,9,,0.1380765000358224,10367.0,657,5,,0.339325699955225,10119.0,787,3,
12,486,8245.0,0.798704499960877,maximum,0.8089284000452608,8933.0,846,3,,0.06779669993557036,11479.0,661,9,,0.13896330003626645,10129.0,670,5,,0.3360013000201434,9813.0,758,3,
13,471,8055.0,0.7404787000268698,maximum,0.7896300000138581,8712.0,822,3,,0.05963070003781468,11039.0,651,9,,0.13288920000195503,9923.0,650,5,,0.35198039992246777,9511.0,756,3,
14,458,7590.0,0.7225338000571355,maximum,0.8088652999140322,8214.0,817,3,,0.06022740004118532,10486.0,641,9,,0.1381616999860853,9722.0,651,5,,0.34560170001350343,9366.0,748,3,
15,474,8496.0,0.7623249999014661,maximum,0.764751199982129,9152.0,839,3,,0.06056400004308671,11748.0,667,9,,0.134861099999398,10240.0,650,5,,0.3471564999781549,9905.0,742,3,
16,483,8113.0,0.7262509000720456,maximum,0.7651780999731272,8737.0,810,3,,0.06222859991248697,11157.0,671,9,,0.13490300008561462,10025.0,669,5,,0.3681942999828607,9689.0,794,3,
17,493,8710.0,0.8144671999616548,maximum,0.8052191999740899,9782.0,874,3,,0.06311660003848374,12355.0,669,9,,0.13915969990193844,10870.0,658,5,,0.35096900002099574,10406.0,784,3,
18,475,8183.0,0.7195689999498427,maximum,0.8622030999977142,8792.0,811,3,,0.06032459996640682,11303.0,663,9,,0.13667729997541755,10039.0,654,5,,0.3846312001114711,9815.0,792,3,
19,477,8277.0,0.7859214999480173,maximum,0.7368594999425113,8981.0,848,3,,0.05987350002396852,11415.0,657,9,,0.13062349997926503,10041.0,661,5,,0.3366469000466168,9693.0,747,3,
20,473,8446.0,0.7384806999471039,maximum,0.7758376999991015,9150.0,865,3,,0.06242879992350936,11606.0,669,9,,0.13603289995808154,10378.0,662,5,,0.33603170001879334,10046.0,755,3,
21,478,7743.0,0.7761352000525221,maximum,0.7725996000226587,8351.0,785,3,,0.0576221999945119,10795.0,636,9,,0.12971109990030527,9671.0,644,5,,0.30680630006827414,9263.0,730,3,
22,470,8168.0,0.7602415999863297,maximum,0.848557599936612,8824.0,851,3,,0.06206869997549802,11490.0,646,9,,0.14188370003830642,10176.0,659,5,,0.33397310005966574,9856.0,770,3,
23,465,7910.0,0.7153304999228567,maximum,0.8353171000489965,8790.0,824,3,,0.06012159993406385,11234.0,655,9,,0.1363298000069335,10074.0,641,5,,0.3324586999369785,9454.0,732,3,
24,472,8103.0,0.7293103000847623,maximum,0.7157454000553116,8711.0,790,3,,0.059428000007756054,11039.0,646,9,,0.13769450003746897,9875.0,641,5,,0.36221360007766634,9535.0,729,3,
25,477,7987.0,0.7243538000620902,maximum,0.7252986999228597,8563.0,774,3,,0.05968659999780357,11155.0,647,9,,0.13772050000261515,9851.0,633,5,,0.33104209997691214,9467.0,732,3,
26,475,8057.0,0.734719599946402,maximum,0.8023036000085995,8697.0,819,3,,0.0573502000188455,11423.0,665,9,,0.13563849998172373,10333.0,685,5,,0.32652750005945563,9985.0,781,3,
27,470,8140.0,0.7481591999530792,maximum,0.7325347999576479,8732.0,760,3,,0.05824629997368902,11150.0,646,9,,0.12286100001074374,9972.0,641,5,,0.3277280000038445,9684.0,744,3,
28,484,8521.0,0.7830401000101119,maximum,0.8604200999252498,9178.0,858,3,,0.06680859997868538,11575.0,661,9,,0.130833400064148,10393.0,661,5,,0.34677549998741597,10137.0,765,3,
29,490,8305.0,0.820415300084278,maximum,0.8126932999584824,9009.0,901,3,,0.06447219999972731,11705.0,672,9,,0.15615170006640255,10153.0,666,5,,0.35678940010257065,9793.0,772,3,
30,480,8254.0,0.7472783999983221,maximum,0.8183661000803113,8847.0,797,3,,0.059902000008150935,11276.0,665,9,,0.14309290004894137,10054.0,664,5,,0.3698255999479443,9655.0,752,3,
31,472,8309.0,0.7498621999984607,maximum,0.7828245999990031,8901.0,790,3,,0.05867790000047535,11263.0,656,9,,0.13615700008813292,10132.0,657,5,,0.32939460000488907,9845.0,757,3,
32,482,8541.0,0.7535743000917137,maximum,0.8388832000782713,9213.0,882,3,,0.060940700001083314,12005.0,677,9,,0.13506530004087836,10721.0,684,5,,0.3544582000467926,10397.0,786,3,
33,480,8641.0,0.7822988000698388,maximum,0.7753980000270531,9249.0,805,3,,0.06751690001692623,11825.0,657,9,,0.1413135000038892,10577.0,665,5,,0.35083059989847243,10306.0,774,3,
34,468,7749.0,0.8005343000404537,maximum,0.762721800012514,8373.0,813,3,,0.05914889997802675,10669.0,642,9,,0.1315186999272555,9605.0,635,5,,0.33250249992124736,9309.0,740,3,
35,474,8244.0,0.7561320000095293,maximum,0.7292376999976113,8836.0,767,3,,0.060590799897909164,11468.0,644,9,,0.14810059999581426,10444.0,660,5,,0.334794900030829,10069.0,753,3,
36,466,8188.0,0.7457226000260562,maximum,0.8153935999143869,8844.0,837,3,,0.05931770009920001,11302.0,649,9,,0.1316131999483332,10248.0,652,5,,0.35506949992850423,9884.0,768,3,
37,470,7929.0,0.7373547999886796,maximum,0.7867957999696955,8553.0,826,3,,0.062335899914614856,10864.0,640,9,,0.1363942000316456,9885.0,649,5,,0.32482999993953854,9545.0,746,3,
38,460,7861.0,0.7233949000947177,maximum,0.770613299915567,8485.0,804,3,,0.06876579998061061,11061.0,661,9,,0.1383464999962598,9769.0,652,5,,0.3234882999677211,9477.0,767,3,
39,481,8747.0,0.7333063000114635,maximum,0.7515349999302998,9325.0,795,3,,0.06406180001795292,12139.0,676,9,,0.1475621999707073,10711.0,670,5,,0.3981667999178171,10427.0,795,3,
40,479,8381.0,0.7708086000056937,maximum,0.8463095999322832,9069.0,869,3,,0.060501699917949736,11819.0,666,9,,0.1422883999766782,10369.0,666,5,,0.3634153000311926,9989.0,759,3,
41,486,8583.0,0.7752128000138327,maximum,0.7452688999474049,9463.0,818,3,,0.0638076999457553,12257.0,681,9,,0.14194539992604405,10859.0,668,5,,0.3543694999534637,10279.0,786,3,
42,475,7990.0,0.7427214999916032,maximum,0.806010500062257,8614.0,835,3,,0.06159940001089126,10924.0,659,9,,0.1379135000752285,9830.0,653,5,,0.3176262000342831,9487.0,747,3,
43,475,8198.0,0.7647242000093684,maximum,0.7880281999241561,8822.0,848,3,,0.06058619997929782,11304.0,662,9,,0.1310785999521613,10282.0,659,5,,0.3355069999815896,10254.0,794,3,
44,480,8270.0,0.7600760000059381,maximum,0.7891098000109196,8926.0,836,3,,0.06182910001371056,11216.0,648,9,,0.13617089996114373,10242.0,652,5,,0.3433413999155164,9862.0,757,3,
45,475,8212.0,0.746238199993968,maximum,0.78298849996645,8852.0,864,3,,0.06217529997229576,11292.0,653,9,,0.13688970007933676,10080.0,654,5,,0.34133860003203154,9692.0,752,3,
46,483,8141.0,0.7744198000291362,maximum,0.7407303999643773,8797.0,801,3,,0.056938900030218065,11357.0,646,9,,0.12738770002033561,10105.0,653,5,,0.35790459997951984,9877.0,774,3,
47,477,8209.0,0.7769651999697089,maximum,0.7857779000187293,8881.0,845,3,,0.060789399896748364,11019.0,655,9,,0.1389018000336364,10026.0,654,5,,0.3223223000532016,9705.0,743,3,
48,480,7860.0,0.7486640000715852,maximum,0.7248040999984369,8500.0,831,3,,0.061604500049725175,10700.0,652,9,,0.13129090005531907,9708.0,643,5,,0.3275242999661714,9404.0,762,3,
49,488,8445.0,0.7796348000410944,maximum,0.9330420000478625,9325.0,803,3,,0.06278779997956008,12263.0,669,9,,0.1430061999708414,10763.0,661,5,,0.3440762999234721,10077.0,772,3,
50,476,8468.0,0.7643747000256553,maximum,0.7572374000446871,9156.0,882,3,,0.062005800078623,11734.0,677,9,,0.13665830006357282,10532.0,678,5,,0.38579939992632717,10124.0,805,3,
51,476,8203.0,0.7289876999566332,maximum,0.7643924000440165,8827.0,814,3,,0.06768460001330823,11223.0,664,9,,0.1474150000140071,10291.0,656,5,,0.33091609994880855,9963.0,796,3,
52,472,7933.0,0.7657939998898655,maximum,0.7391366999363527,8541.0,810,3,,0.05863579991273582,10745.0,645,9,,0.13825409999117255,9953.0,663,5,,0.368929999996908,9605.0,765,3,
53,475,8322.0,0.7354341000318527,maximum,0.8012167999986559,9074.0,870,3,,0.05929070001002401,11450.0,665,9,,0.1409358000382781,10526.0,678,5,,0.3516829999862239,10154.0,800,3,
54,483,8489.0,0.764959599939175,maximum,0.9279336000327021,9129.0,856,3,,0.06207320000976324,11681.0,681,9,,0.14664619998075068,10399.0,669,5,,0.35167660005390644,10049.0,773,3,
55,480,7856.0,0.7767190999584273,maximum,0.8028695000102744,8512.0,848,3,,0.06191309995483607,10984.0,647,9,,0.139654399943538,10033.0,680,5,,0.34556819999124855,9592.0,762,3,
56,477,8506.0,0.7523151000496,maximum,0.8098378999857232,9178.0,836,3,,0.05985419999342412,11890.0,679,9,,0.13595769996754825,10426.0,676,5,,0.30638309998903424,10034.0,765,3,
57,482,7959.0,0.7680576000129804,maximum,0.8329909999156371,8583.0,833,3,,0.061226700083352625,10979.0,650,9,,0.13817459996789694,9875.0,651,5,,0.31297389999963343,9455.0,740,3,
58,482,7987.0,0.7335953000001609,maximum,0.7850199999520555,8627.0,818,3,,0.06150159996468574,10967.0,658,9,,0.13683069997932762,9751.0,652,5,,0.31815910001751035,9507.0,782,3,
59,480,8007.0,0.7717120000161231,maximum,0.7987513000844046,8727.0,911,3,,0.06134770007338375,11211.0,653,9,,0.1409733999753371,10187.0,678,5,,0.3379019000567496,9847.0,776,3,
60,473,7781.0,0.7168958999682218,maximum,0.7840125999646261,8390.0,808,3,,0.059746499988250434,10987.0,653,9,,0.13413769996259362,9601.0,640,5,,0.3705967999994755,9349.0,755,3,
61,483,8818.0,0.7786306000780314,maximum,0.8722183000063524,9890.0,972,3,,0.06419099995400757,12244.0,674,9,,0.14998410001862794,11374.0,705,5,,0.3802066999487579,10698.0,821,3,
62,478,7838.0,0.79701630002819,maximum,0.8881892999634147,8510.0,830,3,,0.05904930003453046,10724.0,644,9,,0.16783279995433986,9642.0,638,5,,0.3467572999652475,9342.0,741,3,
63,471,8401.0,0.7281834000023082,maximum,0.8085982999764383,9137.0,897,3,,0.0589812999824062,11621.0,657,9,,0.1359888999722898,10509.0,672,5,,0.3363877999363467,10073.0,757,3,
64,483,8436.0,0.7927299999864772,maximum,0.7463389999466017,9076.0,833,3,,0.06724070000927895,11434.0,658,9,,0.1423359999898821,10537.0,670,5,,0.3440126000205055,10204.0,768,3,
65,473,7823.0,0.7179733000230044,maximum,0.8078933999640867,8479.0,852,3,,0.06327220005914569,11007.0,649,9,,0.13425200001802295,9879.0,651,5,,0.33566949993837625,9551.0,774,3,
66,484,7958.0,0.7758515999885276,maximum,0.7734246000181884,8582.0,816,3,,0.061928899958729744,11058.0,648,9,,0.12835030001588166,9930.0,650,5,,0.32329259999096394,9590.0,743,3,
67,473,7956.0,0.7403323000762612,maximum,0.7294230000115931,8596.0,799,3,,0.05781689996365458,11086.0,642,9,,0.13618699996732175,10140.0,657,5,,0.35013030003756285,9780.0,771,3,
68,483,7901.0,0.7688485000981018,maximum,0.7739397999830544,8557.0,862,3,,0.06259690003935248,10897.0,646,9,,0.13445549993775785,9849.0,654,5,,0.3417115999618545,9429.0,749,3,
69,462,7851.0,0.737446799990721,maximum,0.829932100023143,8587.0,847,3,,0.059714000090025365,10937.0,643,9,,0.14303770009428263,9879.0,650,5,,0.3048065999755636,9531.0,731,3,
70,472,7667.0,0.7230611999984831,maximum,0.7974017000524327,8307.0,821,3,,0.05874680005945265,10619.0,646,9,,0.13253000006079674,9615.0,640,5,,0.3508768999017775,9323.0,786,3,
71,475,8073.0,0.8565309999976307,maximum,0.7560394000029191,8681.0,782,3,,0.06210730003658682,11037.0,662,9,,0.13695349998306483,9913.0,653,5,,0.3204977000132203,9617.0,769,3,
72,487,8119.0,0.754325499990955,maximum,0.8133902000263333,8759.0,854,3,,0.06256109999958426,11217.0,662,9,,0.14292369992472231,10299.0,662,5,,0.3539993000449613,9919.0,781,3,
73,472,7807.0,0.7301833999808878,maximum,0.7697304000612348,8415.0,774,3,,0.0576581999193877,11135.0,631,9,,0.13493339996784925,9930.0,645,5,,0.34294959995895624,9527.0,748,3,
74,473,8010.0,0.7376141999848187,maximum,0.7845611999509856,8618.0,804,3,,0.0638592999894172,11230.0,648,9,,0.1477546999230981,9950.0,638,5,,0.3416861000005156,9626.0,747,3,
75,470,8209.0,0.7473522999789566,maximum,0.819719500024803,8945.0,887,3,,0.06336139992345124,11405.0,660,9,,0.14249660004861653,10185.0,670,5,,0.35078340000472963,9889.0,755,3,
76,476,8105.0,0.76313300000038,maximum,0.7852418000111356,8761.0,814,3,,0.06806259998120368,11225.0,654,9,,0.13658739998936653,10101.0,663,5,,0.3317033000057563,9721.0,760,3,
77,484,8543.0,0.7757895999820903,maximum,0.8101611000020057,9151.0,826,3,,0.06358259997796267,11472.0,674,9,,0.15553769993130118,10499.0,661,5,,0.3698370000347495,10247.0,777,3,
78,478,7833.0,0.7720327998977154,maximum,0.7486677999841049,8425.0,778,3,,0.06126290000975132,10826.0,641,9,,0.1340982000110671,9737.0,646,5,,0.32868779997806996,9601.0,769,3,
79,474,8295.0,0.7319765000138432,maximum,0.7836866000434384,8887.0,819,3,,0.06191869999747723,11653.0,660,9,,0.13838310004211962,10163.0,640,5,,0.3605498999822885,9831.0,772,3,
80,467,8143.0,0.760362800094299,maximum,0.8185207999777049,8751.0,796,3,,0.06958480004686862,11097.0,651,9,,0.14101520006079227,10071.0,635,5,,0.3798291999846697,9823.0,769,3,
81,477,8275.0,0.7460500999586657,maximum,0.8053694000700489,8899.0,844,3,,0.07215790008194745,11269.0,661,9,,0.1361813999246806,10079.0,653,5,,0.3355203000828624,9683.0,756,3,
82,466,7904.0,0.7403904000530019,maximum,0.8371075999457389,8848.0,839,3,,0.0675762000028044,11164.0,642,9,,0.14159959997050464,10000.0,658,5,,0.34015679999720305,9432.0,742,3,
83,478,8249.0,0.8024679999798536,maximum,0.8415391000453383,8937.0,865,3,,0.0701067999470979,11553.0,671,9,,0.13216710009146482,10249.0,658,5,,0.33415910007897764,9809.0,775,3,
84,481,8557.0,0.8237198999850079,maximum,0.7373568000039086,9229.0,829,3,,0.06744380004238337,11617.0,682,9,,0.1226606999989599,10665.0,680,5,,0.3526051000226289,10293.0,797,3,
85,465,8034.0,0.670817399979569,maximum,0.7413274000864476,8690.0,829,3,,0.06130560010205954,11092.0,656,9,,0.12563960009720176,10042.0,661,5,,0.3297146001132205,9722.0,792,3,
86,472,8087.0,0.654809599975124,maximum,0.7053481999319047,8983.0,828,3,,0.06398579990491271,11235.0,673,9,,0.11950239993166178,10415.0,669,5,,0.3346043999772519,9895.0,801,3,
87,481,8234.0,0.6910502000246197,maximum,0.7305540000088513,8890.0,825,3,,0.059340500039979815,11260.0,651,9,,0.11942030000500381,10178.0,656,5,,0.3324716999195516,9850.0,758,3,
88,481,8513.0,0.6865933999652043,maximum,0.6490119999507442,9105.0,786,3,,0.05997219996061176,11823.0,668,9,,0.12075260002166033,10537.0,659,5,,0.30894149991218,10241.0,774,3,
89,476,8332.0,0.655721899936907,maximum,0.741639000014402,9004.0,848,3,,0.059727199957706034,11524.0,671,9,,0.12611670000478625,10412.0,675,5,,0.313101900042966,10068.0,776,3,
90,481,8425.0,0.6892378999618813,maximum,0.7567645999370143,9129.0,896,3,,0.058858799980953336,11641.0,663,9,,0.1254490000428632,10497.0,674,5,,0.3317477999953553,10145.0,782,3,
91,464,7584.0,0.6210718000074849,maximum,0.6813882000278682,8192.0,797,3,,0.058736099977977574,10648.0,648,9,,0.12275520002003759,9392.0,622,5,,0.34675570006947964,9120.0,779,3,
92,482,8324.0,0.7000628000823781,maximum,0.7266057999804616,8948.0,813,3,,0.05403270001988858,11452.0,663,9,,0.11934910004492849,10256.0,661,5,,0.2785911000100896,9884.0,729,3,
93,476,7729.0,0.672973999986425,maximum,0.7014899000059813,8369.0,829,3,,0.05750310001894832,10837.0,646,9,,0.11759380006697029,9953.0,653,5,,0.31016300001647323,9641.0,777,3,
94,475,8057.0,0.6931292999070138,maximum,0.7363145999843255,8922.0,811,3,,0.05776909994892776,11341.0,659,9,,0.12386779999360442,10309.0,652,5,,0.30679619999136776,9729.0,774,3,
95,473,8407.0,0.6883993999799713,maximum,0.7004567000549287,9031.0,838,3,,0.059909199946559966,11261.0,665,9,,0.12282039993442595,10295.0,668,5,,0.27830909995827824,9887.0,756,3,
96,469,7715.0,0.6265695999609306,maximum,0.7594714999431744,8371.0,818,3,,0.06683549995068461,10671.0,641,9,,0.12124030000995845,9659.0,655,5,,0.2800107999937609,9299.0,726,3,
97,484,7924.0,0.7064791000448167,maximum,0.7225860999897122,8292.0,823,2,,0.05845360003877431,10696.0,650,8,,0.11898310005199164,9824.0,658,4,,0.31122659996617585,9684.0,753,3,
98,482,8157.0,0.6692052000435069,maximum,0.6879145998973399,8797.0,827,3,,0.05471119994763285,10933.0,640,9,,0.1191883001010865,9997.0,646,5,,0.2923871000530198,9581.0,724,3,
99,475,8570.0,0.6917666000081226,maximum,0.7036125999875367,9226.0,847,3,,0.05492429994046688,11750.0,652,9,,0.12618560006376356,10594.0,650,5,,0.30513500003144145,10274.0,785,3,
100,468,8061.0,0.6399284000508487,maximum,0.7369074000744149,8717.0,838,3,,0.059029299998655915,10983.0,652,9,,0.12537690007593483,10053.0,661,5,,0.28732070000842214,9805.0,785,3,
101,479,8197.0,0.6912825000472367,maximum,0.7449840999906883,8821.0,855,3,,0.059601299930363894,11147.0,664,9,,0.12358789995778352,9914.0,650,5,,0.29051159997470677,9581.0,737,3,
102,487,8206.0,0.7937833999749273,maximum,0.7803982000332326,8798.0,806,3,,0.08526109997183084,11240.0,662,9,,0.1634788999799639,10254.0,657,5,,0.41768559999763966,9982.0,787,3,
103,482,8283.0,0.7326415999559686,maximum,0.8098187000723556,8908.0,809,3,,0.06271329999435693,11351.0,650,9,,0.13225489994511008,10299.0,646,5,,0.34936420002486557,9971.0,777,3,
104,472,8203.0,0.7335785999894142,maximum,0.8047457999782637,8860.0,843,3,,0.08406989998184144,11113.0,671,9,,0.16827109991572797,10255.0,674,5,,0.4367952999891713,9947.0,798,3,
105,467,7787.0,0.7293110000900924,maximum,0.7400444999802858,8379.0,757,3,,0.06572800001595169,10691.0,630,9,,0.131745700025931,9639.0,633,5,,0.3106940999859944,9331.0,744,3,
106,491,8528.0,0.7792107000714168,maximum,0.8277170000365004,9168.0,862,3,,0.06974200007971376,11648.0,665,9,,0.14243300002999604,10576.0,678,5,,0.3537979000248015,10288.0,795,3,
107,481,8609.0,0.7645611999323592,maximum,0.8697041999548674,9249.0,828,3,,0.0731221999740228,11733.0,676,9,,0.14913559996057302,10641.0,661,5,,0.36978339997585863,10281.0,770,3,
108,481,8201.0,0.8549389000982046,maximum,0.7925018999958411,8841.0,811,3,,0.06475349992979318,11543.0,667,9,,0.14147490006871521,10297.0,656,5,,0.34394629998132586,9945.0,765,3,
109,480,8452.0,0.7691845999797806,maximum,0.8389608000870794,9348.0,848,3,,0.07136880001053214,11853.0,664,9,,0.14832370006479323,10776.0,667,5,,0.34105729998555034,10084.0,761,3,
110,475,8142.0,0.7348614999791607,maximum,0.8140000000130385,8782.0,832,3,,0.0625085000647232,10940.0,648,9,,0.1309848000528291,10198.0,650,5,,0.33595370000693947,9830.0,779,3,
111,478,8181.0,0.7801007999805734,maximum,0.7845892000477761,8805.0,795,3,,0.08213900006376207,11175.0,651,9,,0.16378049994818866,10001.0,640,5,,0.3497962999390438,9629.0,758,3,
112,473,8248.0,0.7442641000961885,maximum,0.7847789999796078,8888.0,827,3,,0.07133760000579059,11320.0,654,9,,0.15838100004475564,10156.0,661,5,,0.34138090000487864,9825.0,767,3,
113,483,8181.0,0.7530074999667704,maximum,0.8628410999663174,8773.0,795,3,,0.06767539994325489,11337.0,658,9,,0.1399051999906078,10161.0,653,5,,0.31631969998124987,9806.0,743,3,
114,478,7819.0,0.7573113000253215,maximum,0.7804249000037089,8459.0,833,3,,0.06405699998140335,10517.0,644,9,,0.13121729996055365,9659.0,642,5,,0.3621264999965206,9307.0,755,3,
115,478,8437.0,0.7522305001039058,maximum,0.7725662000011653,9077.0,814,3,,0.061627999995835125,11606.0,646,9,,0.13061949994880706,10293.0,642,5,,0.3102753999410197,9965.0,734,3,
116,486,8573.0,0.7869544000132009,maximum,0.8128844000166282,9213.0,845,3,,0.06823990005068481,11597.0,667,9,,0.13845920003950596,10637.0,659,5,,0.36743869993370026,10325.0,806,3,
117,480,8490.0,0.7643871000036597,maximum,0.8292275000130758,9146.0,853,3,,0.0698260999051854,11624.0,664,9,,0.14100079995114356,10466.0,668,5,,0.368817700073123,10082.0,764,3,
118,477,7630.0,0.7539392000762746,maximum,0.8036816000239924,8318.0,876,3,,0.07041680009569973,10508.0,650,9,,0.1427876999368891,9558.0,650,5,,0.34649599995464087,9238.0,766,3,
119,472,8315.0,0.7338522000936791,maximum,0.8257678999798372,8971.0,844,3,,0.07147189998067915,11603.0,665,9,,0.1425366000039503,10075.0,655,5,,0.3531799999764189,9819.0,760,3,
120,482,8584.0,0.7605421000625938,maximum,0.7722938000224531,9576.0,841,3,,0.07045650004874915,12054.0,663,9,,0.13470320007763803,10852.0,668,5,,0.3626481000101194,10281.0,772,3,
121,481,8330.0,0.7473779000574723,maximum,0.8589903999818489,9018.0,871,3,,0.06845529994461685,11692.0,669,9,,0.15260900009889156,10950.0,707,5,,0.3937832999508828,10250.0,772,3,
122,477,7661.0,0.742320999968797,maximum,0.8687467999989167,8301.0,802,3,,0.07115620002150536,10557.0,632,9,,0.1553018999984488,9506.0,640,5,,0.35335119999945164,9157.0,733,3,
123,479,8306.0,0.8539030000101775,maximum,0.7634901000419632,8914.0,796,3,,0.07991840003523976,11500.0,662,9,,0.15482469997368753,10334.0,661,5,,0.32678530004341155,10034.0,791,3,
124,469,7829.0,0.745007099932991,maximum,0.8009783000452444,8437.0,801,3,,0.07651510008145124,10825.0,657,9,,0.14875519997440279,9629.0,644,5,,0.3635163999861106,9269.0,768,3,
125,475,8149.0,0.777074999990873,maximum,0.8005583999911323,8789.0,853,3,,0.0715146999573335,11501.0,670,9,,0.1444577999645844,10125.0,664,5,,0.39032549993135035,9965.0,794,3,
126,474,7971.0,0.72155329992529,maximum,0.8188898999942467,8579.0,843,3,,0.06681260000914335,10973.0,656,9,,0.14228789997287095,10059.0,666,5,,0.3385457000695169,9707.0,789,3,
127,478,8094.0,0.7553195999935269,maximum,0.7407220000168309,9006.0,798,3,,0.0753143000183627,11104.0,650,9,,0.13825570000335574,10083.0,624,5,,0.33249160007108003,9542.0,738,3,
128,482,8294.0,0.778877199976705,maximum,0.7724748000036925,8902.0,813,3,,0.07042750006075948,11556.0,653,9,,0.13866619998589158,10354.0,650,5,,0.3340695999795571,9974.0,757,3,
129,484,7944.0,0.7391714999685064,maximum,0.7907401999691501,8584.0,834,3,,0.07189769996330142,10966.0,662,9,,0.13822359999176115,9740.0,658,5,,0.3659015001030639,9392.0,760,3,
130,485,8441.0,0.7813308000331745,maximum,0.7147729999851435,9033.0,773,3,,0.0700201999861747,11362.0,656,9,,0.13701790000777692,10277.0,640,5,,0.37574180006049573,9993.0,755,3,
131,475,8161.0,0.7407132999505848,maximum,0.8509972000028938,8849.0,877,3,,0.07688710000365973,11317.0,670,9,,0.1439499999396503,10069.0,659,5,,0.36661739996634424,9649.0,755,3,
132,474,7985.0,0.7490754999453202,maximum,0.8314688000828028,8673.0,886,3,,0.07359160005580634,11105.0,653,9,,0.13948130002245307,9853.0,658,5,,0.33791629993356764,9385.0,738,3,
133,475,7966.0,0.7341742999851704,maximum,0.7470952000003308,8590.0,813,3,,0.06976909993682057,10946.0,631,9,,0.13004890002775937,9726.0,629,5,,0.3342807999579236,9414.0,731,3,
134,481,8372.0,0.7638828000053763,maximum,0.804496300057508,8980.0,797,3,,0.07085879996884614,11737.0,667,9,,0.14773750002495944,10348.0,659,5,,0.37019509996753186,9988.0,775,3,
135,475,8366.0,0.7693502999609336,maximum,0.7161625999724492,8942.0,788,3,,0.07139359996654093,11566.0,656,9,,0.1412955999840051,10590.0,677,5,,0.3556921000126749,10198.0,767,3,
136,486,8792.0,0.7512685999972746,maximum,0.8229878999991342,9416.0,839,3,,0.06653890002053231,12118.0,681,9,,0.1366647999966517,10796.0,686,5,,0.3416911999229342,10480.0,793,3,
137,484,8707.0,0.8358034999109805,maximum,0.7974217999726534,9363.0,834,3,,0.07095040008425713,11919.0,675,9,,0.14483029989060014,10855.0,677,5,,0.36532809992786497,10555.0,783,3,
138,481,8007.0,0.7530628000386059,maximum,0.8184717000694945,8679.0,857,3,,0.06633649999275804,11099.0,649,9,,0.13585560000501573,9727.0,641,5,,0.3296897999243811,9399.0,730,3,
139,485,8467.0,0.7932366000022739,maximum,0.8220909000374377,9091.0,826,3,,0.0669484999962151,11697.0,657,9,,0.13842509989626706,10567.0,659,5,,0.35574139992240816,10227.0,774,3,
140,477,8232.0,0.8250368000008166,maximum,0.8171402999432757,9192.0,840,3,,0.07521639997139573,11670.0,671,9,,0.14006769994739443,10512.0,670,5,,0.3905930999899283,9904.0,778,3,
141,486,8399.0,0.7811588000040501,maximum,0.8100711000151932,9055.0,833,3,,0.06661739991977811,11511.0,653,9,,0.1383983000414446,10351.0,636,5,,0.3401836999692023,10015.0,748,3,
142,472,8072.0,0.759982299990952,maximum,0.8523031999357045,9000.0,859,3,,0.0753807999426499,11490.0,674,9,,0.1392918999772519,10356.0,660,5,,0.3444514999864623,9793.0,776,3,
143,482,8626.0,0.7502426999853924,maximum,0.8107776999240741,9650.0,837,3,,0.06739989994093776,12264.0,675,9,,0.15223300002980977,10810.0,684,5,,0.3794040000066161,10194.0,791,3,
144,475,8201.0,0.7535700000589713,maximum,0.7591176000423729,8777.0,772,3,,0.0722422000253573,11303.0,653,9,,0.14241710002534091,10029.0,646,5,,0.3187259000260383,9705.0,724,3,
145,480,8121.0,0.7384879000019282,maximum,0.7286649999441579,8746.0,812,3,,0.06930360000114888,10953.0,646,9,,0.1331658000126481,10193.0,651,5,,0.3389818000141531,9825.0,790,3,
146,473,8162.0,0.7562161999521777,maximum,0.7920650000451133,8771.0,778,3,,0.07021529995836318,11136.0,648,9,,0.14062730001751333,10098.0,643,5,,0.3295373999280855,9779.0,723,3,
147,485,8239.0,0.7530066999606788,maximum,0.7895671000005677,8927.0,856,3,,0.06591500004287809,11233.0,666,9,,0.13896539993584156,10307.0,678,5,,0.36248419992625713,9887.0,773,3,
148,475,8068.0,0.7854779999470338,maximum,0.7576553999679163,8660.0,794,3,,0.08515510009601712,11017.0,663,9,,0.16244029998779297,10000.0,671,5,,0.3680086999665946,9620.0,763,3,
149,475,8346.0,0.8937026999192312,maximum,0.7389085999457166,8954.0,802,3,,0.0841622999869287,11616.0,656,9,,0.1525886000599712,10482.0,662,5,,0.3516356000909582,10122.0,752,3,
150,475,8519.0,0.7418297999538481,maximum,0.7873410999309272,9143.0,803,3,,0.07171990000642836,11689.0,662,9,,0.13707910000812262,10359.0,656,5,,0.3528061000397429,9999.0,762,3,
151,479,8356.0,0.7752883000066504,maximum,0.9945991000859067,9044.0,821,3,,0.07128379994537681,11452.0,663,9,,0.13966260000597686,10632.0,670,5,,0.42459449998568743,10276.0,813,3,
152,481,8108.0,0.8010286999633536,maximum,0.7558324999408796,8700.0,791,3,,0.06979259999934584,11154.0,647,9,,0.14007339999079704,10036.0,642,5,,0.3462409999920055,9676.0,748,3,
153,477,8183.0,0.7591700999764726,maximum,0.7444784000981599,8855.0,831,3,,0.06826679990626872,11101.0,650,9,,0.13715419999789447,10187.0,649,5,,0.33402189996559173,9839.0,754,3,
154,487,8794.0,0.7492330999812111,maximum,0.8423957000486553,9386.0,825,3,,0.06310820009093732,12294.0,668,9,,0.138985599973239,11063.0,679,5,,0.36415029992349446,10714.0,789,3,
155,476,7879.0,0.7543063999619335,maximum,0.8642371000023559,8567.0,885,3,,0.07374430005438626,10769.0,660,9,,0.14128499990329146,9911.0,669,5,,0.3545561999781057,9631.0,778,3,
156,476,8278.0,0.7522787000052631,maximum,0.8363925000885502,8950.0,850,3,,0.06871789996512234,11556.0,663,9,,0.14238179998937994,10199.0,653,5,,0.3217421999434009,9846.0,750,3,
157,488,8353.0,0.7676550000905991,maximum,0.7974779999349266,9026.0,817,3,,0.07070819998625666,11619.0,659,9,,0.13887939997948706,10385.0,673,5,,0.3648829999146983,10089.0,777,3,
158,473,7990.0,0.7680731000145897,maximum,0.7462479000678286,8614.0,809,3,,0.0716169000370428,11350.0,659,9,,0.1450613000197336,9890.0,652,5,,0.3505347999744117,9534.0,744,3,
159,483,8453.0,0.7617800000589341,maximum,0.8363686000229791,9189.0,877,3,,0.06994940002914518,11715.0,670,9,,0.14021409989800304,10433.0,675,5,,0.3693409999832511,10038.0,796,3,
160,472,8380.0,0.7483873000601307,maximum,0.7962640000041574,9036.0,866,3,,0.06914249993860722,11662.0,658,9,,0.14058870007283986,10200.0,656,5,,0.33821349998470396,9884.0,767,3,
161,475,8311.0,0.715566199971363,maximum,0.8278351000044495,8935.0,814,3,,0.06795719999354333,11393.0,662,9,,0.13255380000919104,10167.0,662,5,,0.31917569995857775,9823.0,755,3,
162,478,8499.0,0.7423386999871582,maximum,0.7923678000224754,9379.0,832,3,,0.07178390002809465,11911.0,662,9,,0.1312053999863565,10851.0,672,5,,0.3287124000489712,10243.0,775,3,
163,471,8147.0,0.7420102999312803,maximum,0.8041845000116155,8787.0,801,3,,0.07058199995663017,11075.0,658,9,,0.12810229999013245,10171.0,670,5,,0.3459537000162527,9819.0,788,3,
164,478,8144.0,0.7272459999658167,maximum,0.7423376000951976,8736.0,780,3,,0.07207929994910955,11012.0,642,9,,0.13720900006592274,9916.0,634,5,,0.31458880007267,9608.0,730,3,
165,484,8293.0,0.7753029000014067,maximum,0.8263963999925181,8965.0,875,3,,0.07129240001086146,11547.0,651,9,,0.1324651000322774,10205.0,650,5,,0.3294136000331491,9830.0,725,3,
166,486,8144.0,0.7888502000132576,maximum,0.8111124000279233,8784.0,819,3,,0.07897759997285903,11368.0,675,9,,0.14706220000516623,10328.0,694,5,,0.33723880001343787,10048.0,766,3,
167,485,8547.0,0.7839610999217257,maximum,0.7991561000235379,9187.0,838,3,,0.06549529999028891,11723.0,663,9,,0.13988139992579818,10503.0,662,5,,0.36162719991989434,10259.0,799,3,
168,471,8074.0,0.6898937000660226,maximum,0.8292991000926122,8653.0,814,3,,0.07320380001328886,11170.0,667,9,,0.1349818001035601,10286.0,660,5,,0.39145729993470013,9802.0,801,3,
169,472,7835.0,0.7562132999300957,maximum,0.7813394999830052,8459.0,799,3,,0.06689110002480447,11024.0,651,9,,0.13756049994844943,9851.0,651,5,,0.33344090008176863,9563.0,789,3,
170,472,8070.0,0.7384818000718951,maximum,0.7920328000327572,8711.0,800,3,,0.0649318000068888,11270.0,639,9,,0.13431380002293736,10026.0,646,5,,0.3510498999385163,9638.0,751,3,
171,483,8331.0,0.8397127999924123,maximum,0.7658103000139818,8971.0,830,3,,0.07546410011127591,11355.0,664,9,,0.13597299996763468,10423.0,665,5,,0.38018749991897494,10011.0,763,3,
172,467,7518.0,0.7293470000149682,maximum,0.751911100000143,8174.0,815,3,,0.06541660008952022,10930.0,634,9,,0.13383409997913986,9358.0,627,5,,0.31668000004719943,8958.0,729,3,
173,478,7677.0,0.7229763999348506,maximum,0.8063697000034153,8317.0,829,3,,0.06899840000551194,10561.0,643,9,,0.1372512000380084,9541.0,640,5,,0.33974719990510494,9197.0,749,3,
174,485,8819.0,0.7903589000925422,maximum,0.7541366999503225,9411.0,803,3,,0.06957150006201118,11835.0,660,9,,0.14186450000852346,10575.0,654,5,,0.3222210999811068,10179.0,726,3,
175,480,8344.0,0.7734307999489829,maximum,0.8215930999722332,9112.0,861,3,,0.07371889997739345,11638.0,666,9,,0.1379204000113532,10364.0,674,5,,0.3667336000362411,10016.0,789,3,
176,466,7425.0,0.7155384999932721,maximum,0.8261896000476554,8097.0,814,3,,0.07045400002971292,10369.0,626,9,,0.14383720001205802,9581.0,650,5,,0.33798279997427016,9217.0,780,3,
177,464,7924.0,0.7198811999987811,maximum,0.7589619000209495,8580.0,810,3,,0.06461090000811964,11196.0,648,9,,0.12951550004072487,9884.0,648,5,,0.3242631000466645,9532.0,738,3,
178,476,8203.0,0.7356352999340743,maximum,0.8289061000104994,8891.0,833,3,,0.08163390005938709,11391.0,650,9,,0.13857409998308867,9860.0,642,5,,0.33117340004537255,9507.0,735,3,
179,470,8109.0,0.741489400039427,maximum,0.8132115000626072,8813.0,879,3,,0.07326740003190935,11259.0,653,9,,0.14429279998876154,10081.0,668,5,,0.3347642000298947,9701.0,748,3,
180,478,8532.0,0.7531876999419183,maximum,0.7686476000817493,9380.0,789,3,,0.07166150002740324,11818.0,655,9,,0.13160650001373142,10616.0,647,5,,0.33059509994927794,10084.0,759,3,
181,470,8030.0,0.7480812999419868,maximum,0.8200132000492886,8734.0,847,3,,0.06894170003943145,11004.0,657,9,,0.14793310000095516,9874.0,654,5,,0.36533539998345077,9558.0,745,3,
182,476,8059.0,0.7226012999890372,maximum,0.8176735000452027,8731.0,820,3,,0.070970100001432,11045.0,650,9,,0.14054370007943362,9835.0,646,5,,0.3270757000427693,9475.0,728,3,
183,484,8096.0,0.7855814999202266,maximum,0.8137380999978632,8768.0,848,3,,0.0713939000852406,11046.0,655,9,,0.14755090000107884,10076.0,656,5,,0.3630520000588149,9712.0,780,3,
184,484,8579.0,0.7640465999720618,maximum,0.8121491000056267,9251.0,849,3,,0.0691019999794662,11755.0,652,9,,0.13944940001238137,10323.0,634,5,,0.3739095999626443,9995.0,744,3,
185,477,8096.0,0.7593672999646515,maximum,0.8197429000865668,8784.0,876,3,,0.07082620006985962,11070.0,654,9,,0.1384785999543965,10016.0,656,5,,0.35519899998325855,9680.0,788,3,
186,474,8405.0,0.768199700047262,maximum,0.8036894000833854,9013.0,813,3,,0.07296040002256632,11641.0,668,9,,0.1348344999132678,10577.0,665,5,,0.4242372000589967,10261.0,811,3,
187,474,7815.0,0.738552000024356,maximum,0.7935461000306532,8455.0,816,3,,0.0715473999734968,10439.0,641,9,,0.14573620003648102,9671.0,633,5,,0.35217219998594373,9399.0,759,3,
188,481,8289.0,0.80558749998454,maximum,0.831686699995771,8865.0,799,3,,0.06992659997195005,11151.0,649,9,,0.13592390005942434,10161.0,663,5,,0.3819056999636814,9817.0,808,3,
189,480,8079.0,0.7373125000158325,maximum,0.7438262000214309,8719.0,811,3,,0.07077479991130531,11665.0,665,9,,0.13588409998919815,10067.0,658,5,,0.32488650002051145,9751.0,762,3,
190,480,8158.0,0.7659965999191627,maximum,0.7444520000135526,8798.0,805,3,,0.0687013000715524,11208.0,649,9,,0.14295629994012415,10102.0,649,5,,0.33695889997761697,9766.0,751,3,
191,478,8166.0,0.7702731000026688,maximum,0.833278700010851,8838.0,872,3,,0.07891949999611825,11331.0,668,9,,0.14910759998019785,10102.0,675,5,,0.3684459999203682,9702.0,778,3,
192,464,7571.0,0.7180945000145584,maximum,0.820625799940899,8211.0,807,3,,0.07055960001889616,10353.0,636,9,,0.1427978000137955,9339.0,633,5,,0.33856069995090365,9003.0,724,3,
193,464,7655.0,0.7328368999296799,maximum,0.7500692000612617,8263.0,773,3,,0.06755799998063594,10739.0,641,9,,0.1304945999290794,9511.0,630,5,,0.338652899954468,9247.0,766,3,
194,476,7924.0,0.7885018999222666,maximum,0.7832014000741765,8549.0,816,3,,0.07598089997190982,11034.0,650,9,,0.15138449997175485,9828.0,650,5,,0.3768980000168085,9500.0,763,3,
195,504,8785.0,0.8260544000659138,maximum,0.7886416000546888,9505.0,897,3,,0.06825120002031326,11909.0,669,9,,0.15010369999799877,10889.0,683,5,,0.37858869996853173,10449.0,790,3,
196,483,8636.0,0.7411354000214487,maximum,0.951909700059332,9501.0,841,3,,0.07121019996702671,12042.0,667,9,,0.14253119996283203,10848.0,653,5,,0.36492000008001924,10300.0,773,3,
197,483,7943.0,0.788724199985154,maximum,0.7916031000204384,8567.0,828,3,,0.07248219999019057,10671.0,656,9,,0.14223809994291514,10147.0,661,5,,0.33261569996830076,9833.0,774,3,
198,488,8282.0,0.7708308999426663,maximum,0.8114321000175551,8922.0,836,3,,0.06986149994190782,11478.0,659,9,,0.1392782999901101,10298.0,661,5,,0.371161499992013,9866.0,771,3,
199,470,7830.0,0.7409807000076398,maximum,0.7917534000007436,8454.0,814,3,,0.07223339995834976,10784.0,651,9,,0.14268940000329167,9818.0,645,5,,0.3675721000181511,9478.0,749,3,
200,481,8492.0,0.7880247000139207,maximum,0.8202038999879733,9116.0,843,3,,0.06684700003825128,11474.0,666,9,,0.14127350004855543,10356.0,658,5,,0.32913920003920794,9996.0,759,3,
201,477,8239.0,0.7648110999725759,maximum,0.7845559000270441,8991.0,861,3,,0.0690521999495104,11505.0,661,9,,0.14099810004699975,10183.0,673,5,,0.3343053999124095,9783.0,753,3,
202,483,8505.0,0.7805911999894306,maximum,0.7547664999729022,9097.0,801,3,,0.07296060002408922,11857.0,676,9,,0.13338609994389117,10893.0,687,5,,0.33335760002955794,10513.0,813,3,
203,478,8420.0,0.7613261999795213,maximum,0.7652308000251651,9429.0,814,3,,0.06594689993653446,11744.0,644,9,,0.12646229995880276,10500.0,642,5,,0.31216639990452677,9900.0,744,3,
204,485,8322.0,0.752898000064306,maximum,0.7917396000120789,8690.0,826,2,,0.06654910009820014,11284.0,649,8,,0.13370959996245801,10098.0,658,4,,0.33724409993737936,10042.0,762,3,
205,473,8046.0,0.7545588000211865,maximum,0.8102587000466883,8942.0,822,3,,0.0801965999417007,11416.0,652,9,,0.13911400001961738,10178.0,659,5,,0.36915779998525977,9678.0,785,3,
206,476,7932.0,0.7388730000238866,maximum,0.7442482999758795,8572.0,815,3,,0.07185629999730736,10990.0,647,9,,0.13645469991024584,9888.0,644,5,,0.3236098999623209,9556.0,747,3,
207,475,7943.0,0.7651542000239715,maximum,0.7695127999177203,8551.0,807,3,,0.07520650001242757,10997.0,646,9,,0.13308540009893477,9815.0,653,5,,0.3096049999585375,9463.0,743,3,
208,480,8306.0,0.762067399919033,maximum,0.7820955999195576,8946.0,824,3,,0.06771289999596775,11270.0,653,9,,0.13012310001067817,10094.0,635,5,,0.3253751000156626,9762.0,748,3,
209,466,7446.0,0.7229515999788418,maximum,0.7843275000341237,8054.0,802,3,,0.07044409995432943,10256.0,633,9,,0.13706069998443127,9274.0,644,5,,0.31799589993897825,8895.0,725,3,
210,470,8521.0,0.7338505999650806,maximum,0.8387057000072673,9193.0,825,3,,0.06961420003790408,11719.0,651,9,,0.1427917000837624,10821.0,669,5,,0.3701860000146553,10505.0,809,3,
211,470,7712.0,0.7562903000507504,maximum,0.8674070000415668,8144.0,886,2,,0.06691260007210076,10432.0,642,8,,0.12971750006545335,9296.0,647,4,,0.3772727999603376,9176.0,752,3,
212,480,8290.0,0.7579260999336839,maximum,0.8380887999664992,8930.0,834,3,,0.0667321999790147,11360.0,646,9,,0.1453602999681607,10306.0,659,5,,0.3481424000347033,9827.0,749,3,
213,461,7604.0,0.8001747999805957,maximum,0.7881255999673158,8260.0,839,3,,0.09258069994393736,10354.0,652,9,,0.14350430003833026,9472.0,652,5,,0.33873100008349866,9172.0,741,3,
214,476,7913.0,0.7396336999954656,maximum,0.8091326999710873,8521.0,798,3,,0.06983009993564337,10889.0,644,9,,0.1294606999726966,9885.0,643,5,,0.31316689995583147,9561.0,734,3,
215,468,7920.0,0.7152858999324962,maximum,0.7583660999080166,8528.0,815,3,,0.07452480006031692,11212.0,652,9,,0.14328660001046956,9844.0,647,5,,0.3424232000252232,9560.0,797,3,
216,483,7897.0,0.7703674000222236,maximum,0.7557600999716669,8489.0,800,3,,0.07174480007961392,10939.0,646,9,,0.12964820000343025,9717.0,634,5,,0.3173339000204578,9401.0,730,3,
217,486,8298.0,0.77214469993487,maximum,0.7733661000384018,8906.0,803,3,,0.07013359991833568,11380.0,663,9,,0.13807320001069456,10374.0,663,5,,0.35949849989265203,9994.0,772,3,
218,475,8140.0,0.7607520000310615,maximum,0.8424500999972224,8828.0,867,3,,0.07172739994712174,11294.0,658,9,,0.1422768000047654,10284.0,676,5,,0.3534651999361813,9988.0,802,3,
219,472,7939.0,0.7381471999688074,maximum,0.7406763000180945,8515.0,777,3,,0.0684523000381887,11051.0,639,9,,0.13534499995876104,9803.0,641,5,,0.33399229997303337,9419.0,720,3,
220,476,7697.0,0.7528019000310451,maximum,0.7655021999962628,8289.0,794,3,,0.06853479996789247,10531.0,647,9,,0.14556249999441206,9865.0,645,5,,0.36017090000677854,9593.0,782,3,
221,475,8158.0,0.7662303999532014,maximum,0.7913324000546709,8766.0,812,3,,0.06868560006842017,11512.0,659,9,,0.13816810003481805,10094.0,661,5,,0.3233671000925824,9726.0,747,3,
222,475,8373.0,0.7316496999701485,maximum,0.7710945999715477,9013.0,822,3,,0.06829309999011457,11533.0,658,9,,0.13674280000850558,10405.0,655,5,,0.3574718999443576,10317.0,781,3,
223,472,8401.0,0.7401587000349537,maximum,0.7705635000020266,9041.0,834,3,,0.06960859999526292,11347.0,660,9,,0.1331798000028357,10366.0,669,5,,0.331531900097616,9977.0,758,3,
224,471,7811.0,0.7363880999619141,maximum,0.7546440000878647,8403.0,785,3,,0.07244650006759912,11029.0,638,9,,0.14096749993041158,9571.0,629,5,,0.3366656999569386,9267.0,721,3,
225,483,8471.0,0.7699970001121983,maximum,0.7804880000185221,9079.0,822,3,,0.06971440010238439,11675.0,674,9,,0.13394890003837645,10551.0,668,5,,0.34081620001234114,10159.0,779,3,
226,480,8308.0,0.8684494000626728,maximum,0.7898336000507697,9156.0,815,3,,0.08224759995937347,11448.0,661,9,,0.1339596000034362,10660.0,665,5,,0.3496702000265941,10108.0,769,3,
227,480,7984.0,0.7477185999741778,maximum,0.7474883999675512,8608.0,845,3,,0.07232499995734543,11224.0,672,9,,0.1314206999959424,9968.0,652,5,,0.34752349997870624,9672.0,768,3,
228,486,8066.0,0.7865750000346452,maximum,0.7541400999762118,8706.0,831,3,,0.06517519999761134,11230.0,647,9,,0.13585500000044703,10246.0,671,5,,0.3361904000630602,9930.0,773,3,
229,478,8334.0,0.7577041999902576,maximum,0.8036057000281289,9006.0,814,3,,0.07129140000324696,11732.0,674,9,,0.1411027000285685,10134.0,655,5,,0.3592322999611497,9814.0,776,3,
230,480,8573.0,0.7812071999069303,maximum,0.80967149999924,9501.0,860,3,,0.07357070001307875,12107.0,680,9,,0.14432449999731034,10749.0,668,5,,0.3418591000372544,10253.0,775,3,
231,463,7528.0,0.7681586999678984,maximum,0.8063638999592513,8200.0,844,3,,0.07565100002102554,10482.0,640,9,,0.13378180004656315,9344.0,634,5,,0.34346470003947616,9056.0,752,3,
232,462,7617.0,0.7360835999716073,maximum,0.7605410000542179,8209.0,791,3,,0.07017319998703897,10451.0,631,9,,0.14110809995327145,9385.0,635,5,,0.3259842999977991,9089.0,728,3,
233,484,8742.0,0.8043141999514773,maximum,0.8082306999713182,9654.0,830,3,,0.07052489998750389,12154.0,660,9,,0.13309020001906902,10846.0,651,5,,0.33752780000213534,10222.0,746,3,
234,476,8218.0,0.7433588999556378,maximum,0.7214242999907583,8842.0,806,3,,0.07193869992624968,11766.0,675,9,,0.14329000003635883,10358.0,675,5,,0.35245540004689246,10026.0,790,3,
235,477,8498.0,0.7497745999135077,maximum,0.7973759999731556,9155.0,810,3,,0.0629703999729827,11612.0,663,9,,0.14770210010465235,10354.0,664,5,,0.3734507999615744,10234.0,768,3,
236,478,8033.0,0.7475512999808416,maximum,0.786258100066334,8673.0,840,3,,0.07513189991004765,11113.0,659,9,,0.1498272999888286,10017.0,666,5,,0.33286329999100417,9697.0,772,3,
237,477,7911.0,0.7674928000196815,maximum,0.8574045000132173,8551.0,843,3,,0.0692934999242425,10653.0,638,9,,0.14132250007241964,9815.0,665,5,,0.31587449996732175,9471.0,734,3,
238,472,8017.0,0.7382748000090942,maximum,0.7701530000194907,8593.0,761,3,,0.06777830002829432,11149.0,647,9,,0.13710719998925924,9717.0,629,5,,0.3509561999235302,9433.0,745,3,
239,481,7999.0,0.7765646000625566,maximum,0.9373867000686005,8623.0,815,3,,0.06974609999451786,10845.0,667,9,,0.14592189993709326,10134.0,681,5,,0.4081468000076711,9828.0,774,3,
240,473,8288.0,0.8755196999991313,maximum,0.9078426000196487,8960.0,849,3,,0.06993470003362745,11586.0,658,9,,0.13574359996709973,10176.0,652,5,,0.3603552000131458,9864.0,772,3,
241,493,8703.0,0.846033199923113,maximum,0.752474500099197,9327.0,831,3,,0.0694371999707073,11975.0,663,9,,0.14691640005912632,10579.0,664,5,,0.42954950011335313,10280.0,759,3,
242,482,8077.0,0.7678387999767438,maximum,0.8052883000345901,8717.0,820,3,,0.0711146000539884,11193.0,656,9,,0.1334717000136152,10089.0,661,5,,0.35910390003118664,9805.0,823,3,
243,479,8302.0,0.7544893999584019,maximum,0.7845507001038641,8942.0,828,3,,0.06912160001229495,11203.0,646,9,,0.1437302998965606,10230.0,658,5,,0.36377910000737756,9926.0,784,3,
244,466,7857.0,0.7355844000121579,maximum,0.8137801999691874,8497.0,826,3,,0.07077780005056411,10703.0,649,9,,0.13875299994833767,9705.0,645,5,,0.35069620003923774,9393.0,764,3,
245,481,8231.0,0.7477585000451654,maximum,0.7288061999715865,8855.0,821,3,,0.07087269995827228,11295.0,663,9,,0.14893380005378276,9959.0,656,5,,0.3668654999928549,9615.0,761,3,
246,473,8266.0,0.7355826999992132,maximum,0.830401899991557,8922.0,844,3,,0.0685492999618873,10966.0,638,9,,0.13288639998063445,10166.0,643,5,,0.3460105999838561,9874.0,806,3,
247,475,8211.0,0.7639320000307634,maximum,0.7812018999829888,8835.0,824,3,,0.07011400000192225,11111.0,637,9,,0.1527446999680251,9895.0,648,5,,0.35233099991455674,9763.0,745,3,
248,485,8030.0,0.7568824000190943,maximum,0.8242893000133336,8654.0,822,3,,0.06995649996679276,11022.0,641,9,,0.1363870999775827,9770.0,634,5,,0.3170241001062095,9446.0,728,3,
249,472,8496.0,0.7338624999392778,maximum,0.8497638000408188,9584.0,941,3,,0.07150850002653897,11858.0,673,9,,0.14416030002757907,10880.0,681,5,,0.335470600053668,10136.0,776,3,
250,480,8356.0,0.7420607999665663,maximum,0.8402132999617606,9348.0,849,3,,0.06926680007018149,11828.0,665,9,,0.13765869999770075,10577.0,649,5,,0.3558704999741167,10020.0,760,3,
251,477,8022.0,0.760422799969092,maximum,0.8582107999827713,8694.0,851,3,,0.07575059996452183,10884.0,651,9,,0.140755100059323,9836.0,656,5,,0.35395399993285537,9452.0,742,3,
252,468,8107.0,0.8375811000587419,maximum,0.7836433000629768,8731.0,809,3,,0.07994339999277145,11393.0,671,9,,0.14079279999714345,10083.0,655,5,,0.34679580002557486,9795.0,805,3,
253,485,8327.0,0.7781586000928655,maximum,0.8792845000280067,9031.0,886,3,,0.07117699994705617,11601.0,674,9,,0.13717820006422698,10471.0,674,5,,0.35422610002569854,10167.0,795,3,
254,470,7533.0,0.7301800999557599,maximum,0.6974898999324068,8093.0,720,3,,0.06683059991337359,10245.0,619,9,,0.1328196000540629,9361.0,607,5,,0.31758120004087687,9005.0,716,3,
255,481,7999.0,0.8346174000762403,maximum,0.8688083000015467,8719.0,856,3,,0.07865949999541044,11477.0,658,9,,0.14083980000577867,10107.0,657,5,,0.3642841000109911,9823.0,796,3,
256,478,8642.0,0.7708635999588296,maximum,0.7843193999724463,9314.0,872,3,,0.07051829993724823,11834.0,659,9,,0.14544430002570152,10626.0,660,5,,0.362718400079757,10250.0,787,3,
257,474,8002.0,0.7179431000258774,maximum,0.7825378999114037,8611.0,787,3,,0.06686230003833771,10976.0,634,9,,0.13347320002503693,9810.0,638,5,,0.3138431999832392,9530.0,735,3,
258,464,7927.0,0.7330480000237003,maximum,0.7651875000447035,8535.0,790,3,,0.07513220002874732,11091.0,642,9,,0.14454490004573017,9743.0,634,5,,0.3549864999949932,9439.0,743,3,
259,481,8100.0,0.7476340000284836,maximum,0.7618215000256896,8740.0,857,3,,0.07637639995664358,11128.0,665,9,,0.13399560004472733,10196.0,671,5,,0.34433859994169325,9829.0,756,3,
260,470,8245.0,0.7493370000738651,maximum,0.8097511000232771,8885.0,795,3,,0.07194630010053515,11383.0,656,9,,0.14154250000137836,10283.0,653,5,,0.3514106000075117,9964.0,771,3,
261,475,8360.0,0.7661550999619067,maximum,0.8171073000412434,9128.0,844,3,,0.07602919999044389,11702.0,671,9,,0.1472648000344634,10336.0,659,5,,0.34447050001472235,9960.0,753,3,
262,486,8297.0,0.7861685000825673,maximum,0.7682139000389725,9145.0,797,3,,0.07050349994096905,11827.0,664,9,,0.13594129995908588,10457.0,639,5,,0.3226242000237107,9849.0,747,3,
263,490,8790.0,0.7915694999974221,maximum,0.8141954999882728,9462.0,857,3,,0.06999489990994334,12008.0,671,9,,0.14606640010606498,10774.0,680,5,,0.3556788000278175,10327.0,752,3,
264,464,8137.0,0.7037986000068486,maximum,0.809258499997668,8779.0,802,3,,0.07331140001770109,11081.0,644,9,,0.14077240007463843,9989.0,655,5,,0.3698238000506535,9601.0,761,3,
265,480,8152.0,0.7922298999037594,maximum,0.815173799986951,8792.0,824,3,,0.0691991999046877,11086.0,638,9,,0.14485789998434484,9932.0,648,5,,0.31768119998741895,9616.0,739,3,
266,476,8108.0,0.7308301000157371,maximum,0.7828714000061154,8716.0,801,3,,0.06746290007140487,10974.0,646,9,,0.13656590005848557,10136.0,645,5,,0.3376054000109434,9805.0,733,3,
267,484,8762.0,0.7905428999802098,maximum,0.7909875999903306,9402.0,826,3,,0.07264540006872267,11928.0,663,9,,0.14299409999512136,10782.0,670,5,,0.351179699995555,10410.0,758,3,
268,472,7759.0,0.8334302000002936,maximum,0.7509062000317499,8383.0,806,3,,0.07902179996017367,10731.0,639,9,,0.14169229997787625,9595.0,651,5,,0.3695702999830246,9207.0,734,3,
269,474,8268.0,0.733411299996078,maximum,0.7666473999852315,8876.0,799,3,,0.07123310002498329,11480.0,656,9,,0.1350916000083089,10232.0,637,5,,0.36080129991751164,9908.0,759,3,
270,487,8200.0,0.7686681000050157,maximum,0.7885723999934271,8840.0,814,3,,0.07234539999626577,10886.0,648,9,,0.1434755000518635,9932.0,646,5,,0.30859150004107505,9600.0,729,3,
271,487,8461.0,0.7552936000283808,maximum,0.8022786000510678,9165.0,865,3,,0.0731187000637874,11517.0,660,9,,0.13437909993808717,10481.0,676,5,,0.3484740999992937,10126.0,742,3,
272,473,8707.0,0.75093039998319,maximum,0.851016000029631,9667.0,892,3,,0.0746186999604106,12301.0,669,9,,0.13969910005107522,11031.0,678,5,,0.3556271999841556,10435.0,784,3,
273,497,8376.0,0.8151742999907583,maximum,0.8277329000411555,9528.0,914,3,,0.07140290003735572,12546.0,686,9,,0.14122849993873388,10796.0,684,5,,0.3677617999492213,10128.0,777,3,
274,485,8485.0,0.7668608999811113,maximum,0.7921902000671253,9189.0,876,3,,0.07275109994225204,11851.0,661,9,,0.13827640004456043,10581.0,680,5,,0.3433643999742344,10221.0,778,3,
275,471,8571.0,0.7481759999645874,maximum,0.8367441999725997,9275.0,879,3,,0.07179020007606596,11511.0,672,9,,0.1420428000856191,10511.0,666,5,,0.3863273999886587,10171.0,801,3,
276,475,8358.0,0.7264090999960899,maximum,0.8362097999779508,9062.0,863,3,,0.0748796999687329,11396.0,661,9,,0.14402589993551373,10142.0,661,5,,0.34604019997641444,9768.0,748,3,
277,479,8210.0,0.788739399984479,maximum,0.8132861000485718,8882.0,850,3,,0.07918860006611794,11376.0,658,9,,0.13979029993060976,10210.0,667,5,,0.36849789996631444,9770.0,755,3,
278,476,8398.0,0.7323413999984041,maximum,0.7723448999458924,9230.0,804,3,,0.07321110006887466,12042.0,672,9,,0.14278190000914037,10522.0,641,5,,0.36197379999794066,9942.0,744,3,
279,490,8841.0,0.817363900016062,maximum,0.8152726000407711,9849.0,857,3,,0.08115450001787394,12341.0,692,9,,0.14230519998818636,11177.0,692,5,,0.37600060005206615,10601.0,788,3,
280,476,7933.0,0.7730942000634968,maximum,0.7488714000210166,8573.0,791,3,,0.07302130002062768,11209.0,660,9,,0.14587410003878176,9998.0,659,5,,0.3325730999931693,9733.0,787,3,
281,490,8651.0,0.7763922000303864,maximum,0.7688265000469983,9259.0,818,3,,0.07209800009150058,11679.0,648,9,,0.13458720000926405,10655.0,642,5,,0.3291076000314206,10323.0,765,3,
282,480,7737.0,0.8420766000635922,maximum,0.7997989000286907,8345.0,824,3,,0.07168679998721927,10737.0,656,9,,0.15020060003735125,9845.0,662,5,,0.3535995999118313,9489.0,780,3,
283,483,8364.0,0.7485915999859571,maximum,0.7738802999956533,8956.0,785,3,,0.07164970005396754,11246.0,651,9,,0.1444640998961404,10324.0,660,5,,0.3624753999756649,9996.0,753,3,
284,481,8697.0,0.7846265999833122,maximum,0.8125936000142246,9353.0,879,3,,0.07810799998696893,12093.0,686,9,,0.14605489990208298,10701.0,673,5,,0.3431720999069512,10353.0,793,3,
285,479,8244.0,0.7529947001021355,maximum,0.8335269999224693,8836.0,821,3,,0.0705812000669539,11660.0,655,9,,0.1392502998933196,10176.0,656,5,,0.37484159995801747,9836.0,760,3,
286,471,7866.0,0.7647732000332326,maximum,0.768766300054267,8474.0,816,3,,0.07182229997124523,10890.0,644,9,,0.13524400000460446,9810.0,630,5,,0.3288559000939131,9507.0,766,3,
287,484,7827.0,0.780542099964805,maximum,0.7957208000589162,8435.0,816,3,,0.06808399991132319,10815.0,638,9,,0.13536519999615848,9891.0,637,5,,0.315991000039503,9515.0,744,3,
288,473,8386.0,0.7502539999550208,maximum,0.7591029000468552,9026.0,807,3,,0.07683519995771348,11534.0,642,9,,0.14389730000402778,10494.0,674,5,,0.3453209000872448,10002.0,758,3,
289,479,7989.0,0.7581020999932662,maximum,0.8780153000261635,8661.0,848,3,,0.07282969995867461,11005.0,660,9,,0.13994210003875196,10021.0,668,5,,0.38897730002645403,9685.0,763,3,
290,469,8388.0,0.7074132000561804,maximum,0.8251808000495657,9012.0,832,3,,0.07778970000799745,11354.0,665,9,,0.15633099991828203,10408.0,670,5,,0.34029030008241534,10092.0,750,3,
291,475,8407.0,0.760026799980551,maximum,0.8090025000274181,9063.0,869,3,,0.07010790007188916,11785.0,661,9,,0.14014179992955178,10471.0,664,5,,0.3665490000275895,10111.0,784,3,
292,483,8135.0,0.7438554000109434,maximum,0.8398779999697581,8759.0,840,3,,0.0704301999649033,11096.0,658,9,,0.13835590006783605,10008.0,643,5,,0.35110910004004836,9823.0,781,3,
293,476,7885.0,0.7592358000110835,maximum,0.8202756999526173,8541.0,829,3,,0.07235270005185157,10767.0,643,9,,0.13881510007195175,9725.0,653,5,,0.3230731999501586,9333.0,727,3,
294,479,8245.0,0.7852047000778839,maximum,0.8721801999490708,8917.0,877,3,,0.07092540001031011,11341.0,663,9,,0.15211729996372014,10453.0,677,5,,0.36245590006001294,10093.0,780,3,
295,473,8102.0,0.7233274000464007,maximum,0.7918174000224099,8982.0,829,3,,0.07167239999398589,11418.0,658,9,,0.13521430001128465,10410.0,654,5,,0.365932899992913,9910.0,778,3,
296,480,8149.0,0.7723472999641672,maximum,0.9209473999217153,9061.0,865,3,,0.07028799992986023,11739.0,660,9,,0.14039580000098795,10441.0,668,5,,0.3377185999415815,9853.0,783,3,
297,480,8126.0,0.7504637000383809,maximum,0.8046909000258893,9022.0,838,3,,0.07227979996241629,11536.0,660,9,,0.13990120007656515,10298.0,655,5,,0.3691318999044597,9750.0,774,3,
298,472,8342.0,0.7485612999880686,maximum,0.802005400066264,8966.0,830,3,,0.07046180008910596,11832.0,660,9,,0.14050410001073033,10314.0,645,5,,0.3329858999932185,9982.0,764,3,
299,487,7852.0,0.8728720000945032,maximum,0.8032461000839248,8492.0,842,3,,0.06759699992835522,10724.0,650,9,,0.135463000042364,9876.0,660,5,,0.33059730008244514,9508.0,780,3,
300,470,8243.0,0.7661793000297621,maximum,0.8104112999280915,9011.0,881,3,,0.06875179999042302,11557.0,655,9,,0.13793490000534803,10035.0,652,5,,0.3298623999580741,9635.0,727,3,
301,479,8080.0,0.7379419000353664,maximum,0.7829161999979988,8720.0,825,3,,0.07340550003573298,11294.0,666,9,,0.1379586000693962,9968.0,645,5,,0.3464476999361068,9665.0,761,3,
302,472,8377.0,0.75135879998561,maximum,0.7713939000386745,9001.0,806,3,,0.07202780002262443,11373.0,660,9,,0.14238510001450777,10405.0,658,5,,0.3586288000224158,10081.0,778,3,
303,483,8190.0,0.78469589992892,maximum,0.7696935000130907,8798.0,821,3,,0.06820080010220408,11212.0,659,9,,0.13342790002934635,9906.0,657,5,,0.30445199995301664,9558.0,742,3,
304,476,8349.0,0.7258712999755517,maximum,0.7963965000817552,9005.0,842,3,,0.07130249997135252,11479.0,671,9,,0.13352969998959452,10237.0,658,5,,0.3174957000883296,9805.0,746,3,
305,473,8117.0,0.7534916000440717,maximum,0.8217542000347748,8789.0,803,3,,0.07008539990056306,11299.0,664,9,,0.14414360001683235,9949.0,669,5,,0.3257432000245899,9629.0,738,3,
306,474,8424.0,0.7663021000334993,maximum,0.812257899902761,9096.0,888,3,,0.07278829999268055,11400.0,674,9,,0.1500312000280246,10488.0,677,5,,0.3454119999660179,10056.0,778,3,
307,486,8609.0,0.836069899960421,maximum,0.7947329999879003,9233.0,837,3,,0.07216550002340227,11691.0,660,9,,0.13702719996217638,10653.0,665,5,,0.3378933999920264,10345.0,795,3,
308,466,8427.0,0.7335138999624178,maximum,0.7936688999179751,9083.0,837,3,,0.07485440000891685,11635.0,660,9,,0.14594970003236085,10511.0,673,5,,0.38375439995434135,10117.0,756,3,
309,481,8413.0,0.7415157000068575,maximum,0.8317820000229403,9037.0,833,3,,0.079117999994196,11701.0,668,9,,0.15753129997756332,10585.0,667,5,,0.3876139000058174,10293.0,805,3,
310,482,8594.0,0.7519754000240937,maximum,0.86017619993072,9250.0,855,3,,0.06974230008199811,11696.0,672,9,,0.14992130000609905,10674.0,683,5,,0.3460882999934256,10442.0,785,3,
311,493,8681.0,0.7707743999781087,maximum,0.8352536000311375,9337.0,839,3,,0.07311050000134856,11887.0,671,9,,0.14814689999911934,10685.0,675,5,,0.36216329992748797,10305.0,774,3,
312,474,7765.0,0.7470806000055745,maximum,0.7809056000551209,8437.0,847,3,,0.06734700000379235,10753.0,651,9,,0.13799620000645518,9685.0,652,5,,0.31867339997552335,9357.0,753,3,
313,493,9000.0,0.8164455000078306,maximum,0.8930889000184834,9688.0,880,3,,0.07706390006933361,12048.0,684,9,,0.1419970999704674,10924.0,667,5,,0.3678905999986455,10744.0,823,3,
314,466,7996.0,0.7122858000220731,maximum,0.7872876999899745,8652.0,831,3,,0.07110000005923212,11112.0,667,9,,0.13808639999479055,10228.0,687,5,,0.35976479994133115,9900.0,798,3,
315,477,7886.0,0.7450351999141276,maximum,0.8446233000140637,8558.0,818,3,,0.07132190000265837,10846.0,648,9,,0.14046150003559887,9942.0,656,5,,0.3459862999152392,9632.0,742,3,
316,487,8280.0,0.7723408000310883,maximum,0.8279173999326304,8936.0,835,3,,0.07367579999845475,11482.0,666,9,,0.14192449999973178,10280.0,653,5,,0.36158529995009303,9936.0,773,3,
317,478,8506.0,0.7802109000040218,maximum,0.816814599907957,9114.0,826,3,,0.07408569997642189,11698.0,670,9,,0.1485603000037372,10410.0,656,5,,0.379647699999623,10042.0,759,3,
318,478,8653.0,0.7240466000512242,maximum,0.7408774000359699,9821.0,871,3,,0.0750142999459058,12305.0,672,9,,0.13828209997154772,11209.0,686,5,,0.3582890999969095,10309.0,808,3,
319,486,8388.0,0.7641628000419587,maximum,0.8164913000073284,9268.0,853,3,,0.07471009995788336,11672.0,673,9,,0.14025479997508228,10540.0,653,5,,0.33723509998526424,9964.0,759,3,
320,489,8442.0,0.8173737999750301,maximum,0.7895569000393152,9162.0,842,3,,0.07224080001469702,11708.0,650,9,,0.1310121000278741,10338.0,643,5,,0.3350926999701187,9954.0,747,3,
321,479,8436.0,0.7369229999603704,maximum,0.9109822999453172,9140.0,889,3,,0.07438050000928342,11742.0,669,9,,0.1504310000455007,10500.0,671,5,,0.37648420000914484,10180.0,785,3,
322,481,8373.0,0.7794872000813484,maximum,0.8321491000242531,9013.0,840,3,,0.06908719998318702,12011.0,672,9,,0.16135680000297725,10381.0,665,5,,0.3346956000896171,10021.0,771,3,
323,481,8104.0,0.7538551000179723,maximum,0.795151999918744,8744.0,827,3,,0.0716705999802798,11118.0,645,9,,0.14091980003286153,10120.0,652,5,,0.3525398999918252,9760.0,756,3,
324,477,8124.0,0.7666332999942824,maximum,0.8316638000542298,8764.0,843,3,,0.07697009993717074,11354.0,667,9,,0.14163259998895228,9972.0,650,5,,0.3698621999938041,9652.0,776,3,
325,470,8204.0,0.7310056000715122,maximum,0.8011305000400171,8844.0,836,3,,0.06838299997616559,11438.0,660,9,,0.1389731999952346,10128.0,660,5,,0.3356200000271201,9812.0,777,3,
326,470,8438.0,0.7651655999943614,maximum,0.8268647999502718,9382.0,874,3,,0.07976719993166625,11732.0,659,9,,0.15024040010757744,10798.0,669,5,,0.37849740008823574,10182.0,806,3,
327,478,8376.0,0.7696295999921858,maximum,0.8339306999696419,9048.0,850,3,,0.07449040003120899,11460.0,674,9,,0.1404581000097096,10308.0,667,5,,0.4081835000542924,9976.0,761,3,
328,472,8392.0,0.7549247000133619,maximum,0.8108196000102907,9048.0,838,3,,0.07381640002131462,11814.0,664,9,,0.14045579999219626,10696.0,676,5,,0.39380960003472865,10320.0,786,3,
329,477,8212.0,0.758968299953267,maximum,0.8337324000895023,9124.0,842,3,,0.07238080003298819,11562.0,657,9,,0.14707790000829846,10444.0,655,5,,0.3632558999815956,9804.0,755,3,
330,472,7978.0,0.7027962999418378,maximum,0.8174089000094682,8602.0,847,3,,0.07164159999229014,10896.0,645,9,,0.1359789000125602,9974.0,645,5,,0.3239021000918001,9594.0,729,3,
331,483,8862.0,0.7839495000662282,maximum,0.8257173999445513,9470.0,831,3,,0.07097899995278567,11867.0,670,9,,0.13952029997017235,10874.0,662,5,,0.35479490004945546,10606.0,777,3,
332,485,8564.0,0.7647921000607312,maximum,0.8012753999792039,9268.0,824,3,,0.07118249998893589,11566.0,672,9,,0.1427525000181049,10576.0,673,5,,0.31799949996639043,10228.0,749,3,
333,473,8039.0,0.7199329000432044,maximum,0.8117573000490665,8711.0,842,3,,0.07047749997582287,11284.0,641,9,,0.1410347999772057,10003.0,658,5,,0.3558619999093935,9631.0,742,3,
334,481,7890.0,0.7702389999758452,maximum,0.812937599956058,8498.0,817,3,,0.07492320006713271,11108.0,661,9,,0.1277997000142932,9806.0,654,5,,0.3624593000859022,9522.0,766,3,
335,474,7951.0,0.728045399999246,maximum,0.8480016000103205,8623.0,836,3,,0.07154749997425824,10745.0,640,9,,0.15210850001312792,9967.0,640,5,,0.36761059996206313,9647.0,792,3,
336,480,8324.0,0.7948029000544921,maximum,0.8578856000676751,8932.0,818,3,,0.07136739999987185,11334.0,643,9,,0.13250910001806915,10244.0,637,5,,0.33297630003653467,9916.0,752,3,
337,487,8554.0,0.7787688000826165,maximum,0.8428071999223903,9242.0,884,3,,0.06927629990968853,11692.0,655,9,,0.13857870001811534,10602.0,669,5,,0.34779569995589554,10250.0,776,3,
338,473,7901.0,0.768791800015606,maximum,0.7961390999844298,8525.0,811,3,,0.07130860001780093,11101.0,652,9,,0.14155940001364797,9845.0,649,5,,0.33832469990011305,9525.0,754,3,
339,491,8873.0,0.7905406000791118,maximum,0.8331616000505164,9801.0,853,3,,0.07578930002637208,12439.0,680,9,,0.16796940006315708,11477.0,715,5,,0.4027077000355348,10881.0,821,3,
340,475,8099.0,0.7384747000178322,maximum,0.7998543999856338,8739.0,808,3,,0.07622149994131178,11451.0,666,9,,0.1497315000742674,10203.0,662,5,,0.38084779994096607,9803.0,772,3,
341,475,8183.0,0.7564155999571085,maximum,0.8018664999399334,8855.0,839,3,,0.07240470009855926,11281.0,656,9,,0.1402267999947071,10336.0,662,5,,0.32822020002640784,9959.0,759,3,
342,466,8053.0,0.710434699896723,maximum,0.7643706999951974,8677.0,798,3,,0.0729904999025166,11237.0,656,9,,0.13764899992384017,9941.0,659,5,,0.3435298000695184,9565.0,741,3,
343,482,8427.0,0.7743501000804827,maximum,0.8148368999827653,9083.0,835,3,,0.0772643000818789,11613.0,670,9,,0.14796800003387034,11099.0,696,5,,0.38453879998996854,10539.0,819,3,
344,477,7847.0,0.7374339998932555,maximum,0.8997311999555677,8471.0,837,3,,0.06862959999125451,10925.0,645,9,,0.14605260000098497,9755.0,645,5,,0.3870883999625221,9391.0,753,3,
345,479,8205.0,0.777059999993071,maximum,0.7378373000537977,8845.0,830,3,,0.06995020003523678,11183.0,648,9,,0.15700779994949698,10049.0,651,5,,0.3152181999757886,9709.0,742,3,
346,481,8176.0,0.7950290000298992,maximum,0.8024332999484614,8864.0,837,3,,0.07171619997825474,11314.0,661,9,,0.14556350000202656,10216.0,658,5,,0.37294599995948374,9960.0,777,3,
347,471,8156.0,0.7223609000211582,maximum,0.8150791999651119,8780.0,823,3,,0.0755356999579817,11316.0,670,9,,0.14920729992445558,10092.0,655,5,,0.35751209990121424,9796.0,769,3,
348,474,8247.0,0.7594065999146551,maximum,0.7583189000142738,8871.0,829,3,,0.06903260003309697,11285.0,655,9,,0.14449990005232394,10211.0,657,5,,0.35896770004183054,9855.0,788,3,
349,465,7633.0,0.7409252999350429,maximum,0.8195186998927966,8225.0,781,3,,0.07238300004974008,10897.0,648,9,,0.14878749998752028,9565.0,643,5,,0.3625668999738991,9065.0,719,3,
350,472,8142.0,0.750295800040476,maximum,0.7708551000105217,8766.0,823,3,,0.07200400007423013,11234.0,654,9,,0.1335105000762269,10050.0,650,5,,0.32189919997472316,9694.0,743,3,
351,470,8485.0,0.726729099988006,maximum,0.8203027000417933,9349.0,822,3,,0.0720448000356555,11967.0,664,9,,0.14532710006460547,10545.0,643,5,,0.3272249000146985,9949.0,748,3,
352,479,8455.0,0.7744162000017241,maximum,0.8524627001024783,9111.0,860,3,,0.07639469997957349,11593.0,671,9,,0.1445943999569863,10591.0,684,5,,0.3705618000822142,10247.0,797,3,
353,472,8236.0,0.748057399992831,maximum,0.7886043000034988,8844.0,804,3,,0.07342530007008463,11462.0,650,9,,0.13252530002500862,10152.0,636,5,,0.3395525999367237,9908.0,730,3,
354,470,7841.0,0.7325922000454739,maximum,0.7851548000471666,8497.0,851,3,,0.07536050002090633,10803.0,650,9,,0.14418900001328439,9893.0,650,5,,0.35455809999257326,9505.0,773,3,
355,475,8314.0,0.7374376999214292,maximum,0.8169900999637321,9194.0,821,3,,0.07369919994380325,11742.0,670,9,,0.14165000000502914,10418.0,650,5,,0.35373930004425347,9810.0,753,3,
356,478,8499.0,0.7455484000965953,maximum,0.7564523000037298,9108.0,815,3,,0.0726835000095889,11675.0,657,9,,0.1366223000222817,10259.0,644,5,,0.325783499982208,9995.0,745,3,
357,480,8420.0,0.747223399928771,maximum,0.7682001000503078,9076.0,851,3,,0.06918890005908906,11676.0,674,9,,0.14242739998735487,10544.0,673,5,,0.35486990003846586,10252.0,801,3,
358,479,8590.0,0.7943237000145018,maximum,0.7797390000196174,9390.0,834,3,,0.06855049997102469,11622.0,652,9,,0.1322350000264123,10723.0,656,5,,0.35027910000644624,10374.0,768,3,
359,483,8400.0,0.7601787999738008,maximum,0.7404932000208646,9264.0,812,3,,0.07193049998022616,11510.0,650,9,,0.13242239993996918,10560.0,637,5,,0.3480858999537304,9995.0,748,3,
360,471,8411.0,0.717195599921979,maximum,0.7952512999763712,9051.0,820,3,,0.0669917999766767,11509.0,659,9,,0.13197240000590682,10475.0,658,5,,0.3238446000032127,10163.0,775,3,
361,471,7927.0,0.7249550999840721,maximum,0.7804316999390721,8487.0,765,3,,0.0702614999609068,11013.0,638,9,,0.14006180001888424,10043.0,652,5,,0.3904650000622496,9775.0,784,3,
362,484,8160.0,0.7723071000073105,maximum,0.7542764999670908,8736.0,767,3,,0.07237009995151311,11376.0,663,9,,0.15545149997342378,10200.0,650,5,,0.36183329997584224,9896.0,791,3,
363,479,7925.0,0.8157866999972612,maximum,0.8072387999854982,8549.0,826,3,,0.09217909991275519,11079.0,660,9,,0.14573700004257262,9789.0,643,5,,0.3756466000340879,9573.0,783,3,
364,475,8113.0,0.7657832999248058,maximum,0.766594500048086,8737.0,798,3,,0.07321780000347644,10811.0,651,9,,0.15923639992251992,9929.0,657,5,,0.331044299993664,9665.0,752,3,
365,482,8209.0,0.7306613000109792,maximum,0.7646828999277204,8817.0,808,3,,0.07228459999896586,11465.0,655,9,,0.14400289999321103,10085.0,640,5,,0.36507739999797195,9713.0,750,3,
366,469,8197.0,0.7481097000418231,maximum,0.7761085999663919,8869.0,838,3,,0.0692888000048697,11179.0,645,9,,0.13175150007009506,9941.0,632,5,,0.31532970000989735,9573.0,713,3,
367,481,8272.0,0.81782050000038,maximum,0.8447580999927595,8928.0,846,3,,0.09091359993908554,11256.0,671,9,,0.14967900002375245,10252.0,673,5,,0.3897989001125097,9928.0,775,3,
368,483,8289.0,0.7863625000463799,maximum,0.7832422000356019,8897.0,809,3,,0.07199279998894781,11365.0,641,9,,0.137373200035654,10065.0,641,5,,0.3411405000369996,9657.0,728,3,
369,477,8399.0,0.7471877000061795,maximum,0.7946481999242678,9055.0,856,3,,0.07079929998144507,11761.0,654,9,,0.13973239995539188,10263.0,661,5,,0.36692049994599074,10103.0,772,3,
370,478,8554.0,0.7577503999928012,maximum,0.7881404000800103,9594.0,874,3,,0.0790385000873357,12094.0,674,9,,0.14964890002738684,10990.0,663,5,,0.34327359998133034,10362.0,773,3,
371,463,7551.0,0.7220020999666303,maximum,0.7768515000352636,8223.0,827,3,,0.06629740004427731,10555.0,651,9,,0.137075399979949,9551.0,644,5,,0.31978329992853105,9152.0,764,3,
372,480,8277.0,0.7434904999099672,maximum,0.861559700104408,8965.0,837,3,,0.07061769999563694,11325.0,662,9,,0.14561170001979917,10297.0,661,5,,0.37263420003000647,10021.0,787,3,
373,482,8419.0,0.8732211999595165,maximum,0.7615329000400379,9347.0,854,3,,0.07542250002734363,11705.0,666,9,,0.13830120000056922,10819.0,674,5,,0.34307359997183084,10171.0,781,3,
374,481,8335.0,0.7639949000440538,maximum,0.8626969000324607,8991.0,855,3,,0.07752759999129921,11797.0,666,9,,0.1444378000451252,10223.0,659,5,,0.3317669000243768,9904.0,736,3,
375,480,8841.0,0.7479236000217497,maximum,0.8576225000433624,9865.0,863,3,,0.07504889997653663,12067.0,675,9,,0.1488985000178218,11133.0,681,5,,0.3936653999844566,10601.0,788,3,
376,487,8020.0,0.766552000073716,maximum,0.7958188999909908,8644.0,815,3,,0.07002900005318224,11390.0,662,9,,0.1476012000348419,10112.0,668,5,,0.3322455999441445,9852.0,783,3,
377,464,7820.0,0.6975222999462858,maximum,0.8040248999604955,8428.0,817,3,,0.07120159990154207,11018.0,664,9,,0.15091719990596175,9832.0,655,5,,0.3283406998962164,9516.0,777,3,
378,475,8219.0,0.7686483000870794,maximum,0.8173430000897497,8859.0,833,3,,0.06983559997752309,11077.0,654,9,,0.1345931999385357,10047.0,644,5,,0.38977920007891953,9811.0,801,3,
379,478,7941.0,0.742538099992089,maximum,0.8048423000145704,8614.0,848,3,,0.07849770004395396,10885.0,647,9,,0.13946540001779795,9921.0,656,5,,0.3387679998995736,9501.0,744,3,
380,488,8457.0,0.7875970000168309,maximum,0.8545285000000149,9145.0,873,3,,0.07635900005698204,11649.0,672,9,,0.1405747999669984,10337.0,664,5,,0.3538296000333503,10009.0,781,3,
381,483,8766.0,0.768683800008148,maximum,0.8745247999904677,9454.0,904,3,,0.07843830005731434,11982.0,677,9,,0.14946350001264364,10950.0,697,5,,0.3444188000867143,10638.0,807,3,
382,479,8011.0,0.7344717999221757,maximum,0.8593908000038937,8619.0,815,3,,0.07796429994050413,11031.0,649,9,,0.14249970007222146,9903.0,653,5,,0.3826262999791652,9579.0,746,3,
383,468,8064.0,0.7405470000812784,maximum,0.8431034000823274,8720.0,827,3,,0.07141239999327809,10904.0,653,9,,0.1477231999160722,10148.0,681,5,,0.34056579996831715,9664.0,752,3,
384,482,8292.0,0.7246029999805614,maximum,0.7953501000301912,9172.0,821,3,,0.07351050002034754,11676.0,653,9,,0.14543549995869398,10674.0,667,5,,0.34599100006744266,10092.0,781,3,
385,479,8397.0,0.8219062000280246,maximum,0.8617879999801517,9069.0,865,3,,0.07531069999095052,11397.0,676,9,,0.14534799999091774,10161.0,661,5,,0.3587704000528902,9925.0,797,3,
386,478,8555.0,0.7647928000660613,maximum,0.7927214000374079,9163.0,811,3,,0.07978540007025003,11665.0,658,9,,0.14626369997859,10507.0,653,5,,0.387840099981986,10139.0,772,3,
387,479,8143.0,0.7279168999521062,maximum,0.7918212000513449,8735.0,823,3,,0.0684206000296399,10953.0,640,9,,0.13709580001886934,9959.0,632,5,,0.3167913999641314,9631.0,739,3,
388,468,8327.0,0.7493392999749631,maximum,0.7431764000793919,8935.0,801,3,,0.07294949993956834,11363.0,647,9,,0.13835839997045696,10391.0,640,5,,0.3352860000450164,10015.0,746,3,
389,481,8251.0,0.7178165999939665,maximum,0.7830700000049546,8875.0,829,3,,0.0692621999187395,11103.0,656,9,,0.15782309998758137,9975.0,643,5,,0.35972000006586313,9659.0,752,3,
390,473,8220.0,0.7633994000498205,maximum,0.8590893999207765,8845.0,822,3,,0.07173450000118464,11416.0,655,9,,0.14261149999219924,10144.0,647,5,,0.36807530000805855,9764.0,768,3,
391,476,8549.0,0.7080005999887362,maximum,0.8337913999566808,9573.0,876,3,,0.07447940006386489,11999.0,676,9,,0.1471534000011161,10949.0,676,5,,0.36386669997591525,10405.0,803,3,
392,489,8412.0,0.7704570000059903,maximum,0.8331397998845205,9292.0,826,3,,0.0727877999888733,11966.0,656,9,,0.14359380002133548,10520.0,655,5,,0.34855009999591857,9908.0,744,3,
393,486,8352.0,0.7859296000096947,maximum,0.8042274999897927,8992.0,809,3,,0.07031119999010116,11310.0,650,9,,0.14123180008027703,10092.0,648,5,,0.31916959991212934,9824.0,746,3,
394,487,8479.0,0.7491946000372991,maximum,0.8464964999584481,9199.0,883,3,,0.07194159994833171,11579.0,671,9,,0.1445028999587521,10827.0,691,5,,0.36961290007457137,10551.0,838,3,
395,476,8287.0,0.7504929000278935,maximum,0.7587683999445289,8880.0,808,3,,0.0691296000732109,11687.0,652,9,,0.15006010001525283,10347.0,652,5,,0.3645684999646619,10031.0,772,3,
396,483,7640.0,0.7511863000690937,maximum,0.81684069999028,8280.0,841,3,,0.07285809994209558,10482.0,642,9,,0.1522784000262618,9516.0,653,5,,0.3660188999492675,9216.0,776,3,
397,490,8535.0,0.871076500043273,maximum,0.8261104000266641,9207.0,830,3,,0.07179870002437383,11411.0,668,9,,0.13549650006461889,10399.0,669,5,,0.3494973999913782,10007.0,772,3,
398,478,7996.0,0.7214333000592887,maximum,0.7852048999629915,8652.0,837,3,,0.06981939997058362,11210.0,649,9,,0.142740499926731,9912.0,649,5,,0.3796203000238165,9588.0,772,3,
399,485,8076.0,0.7786825000075623,maximum,0.8077935000183061,8716.0,839,3,,0.07144750002771616,11414.0,657,9,,0.1442892000777647,10188.0,669,5,,0.3692697000224143,9836.0,766,3,
400,493,8502.0,0.8043284000596032,maximum,0.8444251000182703,9206.0,872,3,,0.0707340999506414,11568.0,663,9,,0.14302139997016639,10490.0,661,5,,0.3634177999338135,10110.0,781,3,
401,487,8545.0,0.7476232999470085,maximum,0.7945329999784008,9137.0,800,3,,0.0740485000424087,11787.0,669,9,,0.13869459996931255,10701.0,669,5,,0.38463949994184077,10369.0,801,3,
402,477,8252.0,0.7698883999837562,maximum,0.7541966999415308,9100.0,786,3,,0.07485620002262294,11802.0,667,9,,0.1473073000088334,10484.0,651,5,,0.3648396000498906,9948.0,793,3,
403,473,8057.0,0.7100458000786602,maximum,0.8207027000607923,8713.0,874,3,,0.07079969998449087,10719.0,660,9,,0.15944179997313768,9893.0,651,5,,0.3343984999228269,9553.0,735,3,
404,478,7737.0,0.7633104000706226,maximum,0.7592512000119314,8345.0,791,3,,0.06945750000886619,11065.0,635,9,,0.12963579990901053,9593.0,633,5,,0.3457710000220686,9225.0,751,3,
405,489,8258.0,0.7658054999774322,maximum,0.8421106999740005,8946.0,865,3,,0.07026539999060333,11472.0,662,9,,0.14417619991581887,10142.0,662,5,,0.35597570007666945,9890.0,759,3,
406,477,8163.0,0.8448781999759376,maximum,0.8220113998977467,8819.0,860,3,,0.07422429998405278,11443.0,657,9,,0.1400106999790296,10331.0,675,5,,0.34916240000166,10075.0,812,3,
407,472,8258.0,0.7412032000720501,maximum,0.8307425000239164,9026.0,887,3,,0.07198599993716925,11442.0,662,9,,0.15479340008459985,10146.0,666,5,,0.3407905000494793,9794.0,762,3,
408,478,8275.0,0.7429304999532178,maximum,0.7554478999227285,8851.0,779,3,,0.0717090000398457,11211.0,663,9,,0.148737300070934,10263.0,654,5,,0.36741549998987466,10028.0,781,3,
409,484,8028.0,0.7809588999953121,maximum,0.8033415999962017,8668.0,814,3,,0.06836720008868724,10810.0,659,9,,0.1420281999744475,9932.0,668,5,,0.31795679999049753,9532.0,743,3,
410,477,8258.0,0.717144800000824,maximum,0.8178605000721291,8850.0,794,3,,0.06873940001241863,11206.0,655,9,,0.14070689992513508,10210.0,636,5,,0.34607480000704527,9898.0,739,3,
411,480,8524.0,0.8006058000028133,maximum,0.8203898000065237,9132.0,823,3,,0.07728949992451817,11570.0,655,9,,0.14955740002915263,10668.0,667,5,,0.355016199988313,10396.0,790,3,
412,477,7963.0,0.733335500000976,maximum,0.801941099925898,8555.0,791,3,,0.06953540001995862,10835.0,645,9,,0.15351139998529106,9878.0,628,5,,0.3675031999591738,9531.0,746,3,
413,477,8075.0,0.8545490000396967,maximum,0.8367886000778526,8779.0,869,3,,0.07267879997380078,11167.0,646,9,,0.15502530010417104,10047.0,659,5,,0.31152460002340376,9739.0,758,3,
414,469,7972.0,0.7415670000482351,maximum,0.7555963000049815,8644.0,818,3,,0.07248239999171346,11424.0,651,9,,0.14031709998380393,10048.0,657,5,,0.38405889994464815,9732.0,764,3,
415,478,8453.0,0.7319268999854103,maximum,0.789261500001885,9093.0,853,3,,0.07476500002667308,11928.0,680,9,,0.14662749995477498,10474.0,661,5,,0.34791849995963275,9909.0,747,3,
416,464,7940.0,0.7353032999671996,maximum,0.7949491000035778,8596.0,824,3,,0.07021289994008839,10842.0,635,9,,0.14629449998028576,10152.0,656,5,,0.3605816001072526,9756.0,737,3,
417,476,8041.0,0.7445801999419928,maximum,0.8504214000422508,8713.0,844,3,,0.07452150003518909,11329.0,666,9,,0.1542143999831751,9909.0,678,5,,0.3676535999402404,9561.0,776,3,
418,483,8161.0,0.7631816000211984,maximum,0.760541099938564,8786.0,784,3,,0.0695876000681892,11537.0,660,9,,0.13589750009123236,10197.0,667,5,,0.34196860005613416,9889.0,793,3,
419,468,8358.0,0.7271430999971926,maximum,0.8031191999325529,8998.0,835,3,,0.07218639994971454,11482.0,654,9,,0.1423434999305755,10274.0,654,5,,0.33682189998216927,9830.0,767,3,
420,482,8388.0,0.7737447000108659,maximum,0.8025813000276685,9044.0,847,3,,0.07545510004274547,11292.0,659,9,,0.1440136000746861,10268.0,662,5,,0.35282879997976124,9860.0,759,3,
421,485,8387.0,0.7550300000002608,maximum,0.7796684999484569,8963.0,787,3,,0.06741230003535748,11795.0,638,9,,0.1375565999187529,10255.0,635,5,,0.3494112999178469,9995.0,759,3,
422,473,8001.0,0.7341221999377012,maximum,0.8265455000801012,8641.0,843,3,,0.07173680001869798,10901.0,647,9,,0.14383559999987483,9957.0,666,5,,0.31360080000013113,9593.0,731,3,
423,477,7899.0,0.74936879996676,maximum,0.7367865999694914,8475.0,780,3,,0.06908629997633398,10705.0,629,9,,0.14119450002908707,9751.0,612,5,,0.32906320004258305,9396.0,737,3,
424,472,8598.0,0.7208032999187708,maximum,0.8633587999502197,9510.0,874,3,,0.07635480002500117,12214.0,676,9,,0.1469279999146238,11014.0,677,5,,0.36923740000929683,10398.0,787,3,
425,483,8390.0,0.7846056000562385,maximum,0.8521522999508306,9062.0,851,3,,0.07353150006383657,11416.0,664,9,,0.13725500006694347,10298.0,652,5,,0.33464679995086044,9880.0,731,3,
426,483,8663.0,0.7548991000512615,maximum,0.832815199973993,9335.0,876,3,,0.0720442000310868,11897.0,668,9,,0.14483369991648942,10655.0,665,5,,0.3750412999652326,10263.0,776,3,
427,473,7943.0,0.7413405000697821,maximum,0.9120251999702305,8583.0,816,3,,0.06722610001452267,11177.0,651,9,,0.14173679996747524,9611.0,642,5,,0.31690899992827326,9327.0,718,3,
428,479,8113.0,0.7682877000188455,maximum,0.7972019999288023,8737.0,823,3,,0.07677540008444339,11137.0,659,9,,0.14898460009135306,10009.0,645,5,,0.369569499976933,9729.0,792,3,
429,473,8062.0,0.7263847999274731,maximum,0.7688306999625638,8654.0,804,3,,0.0689041999867186,10834.0,644,9,,0.1522958999266848,9818.0,650,5,,0.3770063000265509,9630.0,767,3,
430,478,7809.0,0.7477744000498205,maximum,0.7844828999368474,8401.0,789,3,,0.0703621000284329,10523.0,640,9,,0.151257999939844,9537.0,642,5,,0.3252716000424698,9361.0,729,3,
431,486,8301.0,0.7531457000877708,maximum,0.8121881999541074,9005.0,844,3,,0.0716364000691101,11145.0,644,9,,0.1458311000606045,10237.0,656,5,,0.35492070007603616,9893.0,781,3,
432,474,8296.0,0.753488100017421,maximum,0.7945362000027671,8936.0,831,3,,0.0684988999273628,11802.0,669,9,,0.1350174000253901,10428.0,667,5,,0.343783300020732,10153.0,770,3,
433,479,7946.0,0.7371539999730885,maximum,0.7931487000314519,8650.0,801,3,,0.0707011999329552,10870.0,648,9,,0.13706740003544837,9714.0,636,5,,0.3415812000166625,9314.0,737,3,
434,487,8128.0,0.8040043000364676,maximum,0.8045692999148741,8768.0,828,3,,0.07432949997019023,11010.0,660,9,,0.1417485000565648,10012.0,655,5,,0.33578719990327954,9664.0,745,3,
435,475,8190.0,0.7522990999277681,maximum,0.7778336999472231,8878.0,860,3,,0.06586500001139939,11094.0,672,9,,0.14672890002839267,10174.0,680,5,,0.3471675000619143,9735.0,747,3,
436,486,8666.0,0.7521164000499994,maximum,0.7963226999854669,9274.0,805,3,,0.07348589994944632,11848.0,665,9,,0.13936909998301417,10698.0,664,5,,0.36143260006792843,10274.0,777,3,
437,475,8171.0,0.7889258000068367,maximum,0.8034183999989182,8876.0,821,3,,0.06850900000426918,11197.0,662,9,,0.14325299998745322,10075.0,659,5,,0.376567899947986,9763.0,797,3,
438,481,8232.0,0.7433740999549627,maximum,0.79630010004621,8824.0,794,3,,0.06983849999960512,11178.0,665,9,,0.14374279999174178,10180.0,650,5,,0.3640200999798253,9856.0,773,3,
439,487,8597.0,0.7603304000804201,maximum,0.9945349999470636,9237.0,815,3,,0.07549780001863837,11437.0,659,9,,0.14458280010148883,10693.0,667,5,,0.3809567999560386,10349.0,781,3,
440,485,8584.0,0.7536389000015333,maximum,0.7837731000036001,9224.0,839,3,,0.07233049999922514,12098.0,683,9,,0.14367989997845143,10728.0,673,5,,0.3529563000192866,10408.0,775,3,
441,473,7566.0,0.7675435000564903,maximum,0.7832832999993116,8174.0,790,3,,0.06910820002667606,10555.0,647,9,,0.13622360001318157,9642.0,656,5,,0.3382985999342054,9518.0,775,3,
442,479,8042.0,0.7616233000298962,maximum,0.8501825999701396,8698.0,809,3,,0.07289740000851452,11068.0,646,9,,0.1502755000256002,9938.0,645,5,,0.3368453999282792,9674.0,778,3,
443,481,8405.0,0.7488547000102699,maximum,0.7987322999397293,9061.0,850,3,,0.07342590007465333,11631.0,663,9,,0.16848830005619675,10261.0,647,5,,0.3492640000768006,9925.0,766,3,
444,465,8270.0,0.7205735000316054,maximum,0.7645730000222102,8894.0,787,3,,0.06773209990933537,11364.0,643,9,,0.1423735999269411,10326.0,655,5,,0.3669400999788195,9998.0,766,3,
445,490,8222.0,0.7826909999130294,maximum,0.8129430999979377,8926.0,861,3,,0.07367980002891272,11316.0,658,9,,0.15993220009841025,10410.0,663,5,,0.38652830000501126,10086.0,789,3,
446,478,8167.0,0.7435161999892443,maximum,0.7930002000648528,8823.0,834,3,,0.07103709992952645,11207.0,648,9,,0.13936889998149127,10323.0,667,5,,0.34696449991315603,9911.0,776,3,
447,480,8056.0,0.7524479000130668,maximum,0.7570854999357834,8664.0,796,3,,0.07494439999572933,10992.0,644,9,,0.15089319995604455,9896.0,660,5,,0.307033900055103,9544.0,740,3,
448,497,8792.0,0.7980901000555605,maximum,0.7795945999678224,9432.0,864,3,,0.07618949993047863,12097.0,683,9,,0.1445975999813527,10772.0,685,5,,0.3404213000321761,10456.0,801,3,
449,479,8570.0,0.7947434999514371,maximum,0.8500249000499025,9306.0,915,3,,0.0758987000444904,11782.0,668,9,,0.1514284999575466,10570.0,673,5,,0.3661059000296518,10234.0,795,3,
450,481,8180.0,0.7455649999901652,maximum,0.8081205000635237,8868.0,830,3,,0.07535850000567734,11322.0,648,9,,0.1427640999900177,10084.0,644,5,,0.36110400001052767,9748.0,740,3,
451,482,8540.0,0.7729639000026509,maximum,0.81080400000792,9148.0,816,3,,0.07204579992685467,11508.0,666,9,,0.15089179994538426,10548.0,674,5,,0.369039100012742,10309.0,804,3,
452,478,8071.0,0.732860799995251,maximum,0.805211600032635,8663.0,802,3,,0.07467800006270409,10893.0,650,9,,0.14651670004241168,9951.0,642,5,,0.3555003999499604,9599.0,749,3,
453,470,7776.0,0.72842329996638,maximum,0.8075651000253856,8432.0,857,3,,0.06856010004412383,10806.0,642,9,,0.1338713999139145,9740.0,655,5,,0.33893309999257326,9296.0,742,3,
454,480,8185.0,0.8409328999696299,maximum,0.837015499942936,8825.0,832,3,,0.07371310004964471,11195.0,661,9,,0.14726900006644428,10229.0,659,5,,0.3497338000452146,9897.0,777,3,
455,479,8665.0,0.7437621999997646,maximum,0.8008108000503853,9561.0,839,3,,0.07222840003669262,12133.0,653,9,,0.14589909999631345,10841.0,654,5,,0.3335842000087723,10297.0,761,3,
456,484,8414.0,0.7797248000279069,maximum,0.8463188000023365,9070.0,852,3,,0.074365200009197,11938.0,666,9,,0.1442469999892637,10602.0,661,5,,0.36465819994919,10270.0,809,3,
457,482,8255.0,0.7599285999312997,maximum,0.8337577999336645,8927.0,846,3,,0.08081740001216531,11575.0,656,9,,0.14693390007596463,10149.0,651,5,,0.3348735999315977,9751.0,748,3,
458,473,8079.0,0.7746213999344036,maximum,0.7660133000463247,8719.0,796,3,,0.06853359995875508,11261.0,647,9,,0.14644809998571873,10179.0,659,5,,0.32807709998451173,9927.0,795,3,
459,479,8431.0,0.726762400008738,maximum,0.8920302999904379,9071.0,833,3,,0.06971970002632588,11737.0,665,9,,0.1441255999961868,10727.0,680,5,,0.34917719999793917,10327.0,773,3,
460,469,8150.0,0.7808427000418305,maximum,0.8140373000642285,8806.0,867,3,,0.07297739991918206,11354.0,672,9,,0.14678309997543693,10310.0,682,5,,0.3591103000799194,9902.0,802,3,
461,485,8234.0,0.7780365999788046,maximum,0.7595081999897957,8842.0,787,3,,0.0731118000112474,11704.0,654,9,,0.1424925000173971,10322.0,641,5,,0.33313099993392825,10010.0,771,3,
462,468,7758.0,0.7283457000739872,maximum,0.7842389000579715,8382.0,787,3,,0.06670940003823489,10430.0,622,9,,0.1382381001021713,9638.0,627,5,,0.32274259999394417,9334.0,732,3,
463,475,8223.0,0.7666302999714389,maximum,0.7926681999815628,8879.0,837,3,,0.07170420000329614,11291.0,651,9,,0.13938329997472465,10407.0,655,5,,0.3502749999752268,10191.0,787,3,
464,488,8424.0,0.7688611999619752,maximum,0.8407499000895768,9080.0,845,3,,0.07188599999062717,11628.0,672,9,,0.14915419998578727,10508.0,659,5,,0.3525274000130594,10128.0,763,3,
465,476,8235.0,0.7556543999817222,maximum,0.8477123000193387,9036.0,863,3,,0.07354039989877492,11755.0,669,9,,0.1646760000148788,10234.0,668,5,,0.34404179989360273,9875.0,748,3,
466,473,8129.0,0.7114219999639317,maximum,0.892307800007984,8801.0,889,3,,0.07250750006642193,11225.0,675,9,,0.15262149996124208,10293.0,675,5,,0.36707090004347265,9929.0,769,3,
467,479,8243.0,0.7462867998983711,maximum,0.7123632999137044,8899.0,832,3,,0.07021110004279763,11237.0,655,9,,0.13966600003186613,10047.0,637,5,,0.31596489995718,9715.0,749,3,
468,486,8358.0,0.7414527999935672,maximum,0.6696056999498978,8951.0,787,3,,0.06590950000099838,11468.0,656,9,,0.14282900001853704,10418.0,653,5,,0.3023537000408396,10046.0,765,3,
469,485,8804.0,0.6786109000677243,maximum,0.7524194999132305,9429.0,836,3,,0.07152880006469786,12026.0,663,9,,0.1277033999795094,10740.0,653,5,,0.3190910000121221,10420.0,787,3,
470,479,8459.0,0.6994264998938888,maximum,0.7308346999343485,9083.0,819,3,,0.06910980003885925,11587.0,661,9,,0.1345547999953851,10547.0,659,5,,0.3170786000555381,10219.0,759,3,
471,491,8250.0,0.70469350006897,maximum,0.7172558000311255,8874.0,829,3,,0.06833299994468689,11440.0,660,9,,0.13057100004516542,10174.0,651,5,,0.2935972000705078,9850.0,766,3,
472,473,8132.0,0.6841472999658436,maximum,0.7210294000105932,8756.0,807,3,,0.06461879995185882,10958.0,650,9,,0.12921589997131377,10204.0,654,5,,0.32086879992857575,9900.0,769,3,
473,471,7969.0,0.653524599969387,maximum,0.7008681000443175,8833.0,785,3,,0.06118710001464933,11457.0,637,9,,0.13785340008325875,10081.0,628,5,,0.2798496999312192,9513.0,721,3,
474,476,8230.0,0.6921886000782251,maximum,0.7274898999603465,8854.0,828,3,,0.06570270005613565,11616.0,665,9,,0.13252720003947616,10446.0,672,5,,0.34302279993426055,10174.0,789,3,
475,467,8017.0,0.6640398999443278,maximum,0.7603648999938741,8657.0,816,3,,0.06595419999212027,11263.0,652,9,,0.1355433000717312,9821.0,635,5,,0.29171479993965477,9585.0,737,3,
476,491,8608.0,0.7354685000609607,maximum,0.741610600030981,9216.0,831,3,,0.06534820003435016,11830.0,670,9,,0.13645059999544173,10512.0,647,5,,0.3367343000136316,10232.0,771,3,
477,480,8200.0,0.7124205000000075,maximum,0.7412177000660449,8824.0,802,3,,0.065342599991709,11160.0,651,9,,0.14235300000291318,9972.0,638,5,,0.3249313000123948,9648.0,765,3,
478,470,7865.0,0.6291884999955073,maximum,0.759872000082396,8521.0,832,3,,0.06642100005410612,10877.0,643,9,,0.14307899994309992,9909.0,652,5,,0.31137620005756617,9625.0,765,3,
479,469,7661.0,0.6660603999625891,maximum,0.7041153000900522,8285.0,796,3,,0.06185800000093877,10795.0,637,9,,0.1264190999791026,9749.0,650,5,,0.3148961999686435,9429.0,756,3,
480,477,8364.0,0.6652099000057206,maximum,0.78873739996925,8988.0,823,3,,0.06766559998504817,11336.0,654,9,,0.1373798999702558,10288.0,669,5,,0.3357871000189334,10012.0,789,3,
481,483,8361.0,0.7284098999807611,maximum,0.698255000053905,8969.0,801,3,,0.0632006999803707,11703.0,655,9,,0.12811410007998347,10165.0,642,5,,0.2838636999949813,9865.0,737,3,
482,484,8513.0,0.6988041000440717,maximum,0.7026291999500245,9185.0,858,3,,0.06579430005513132,11721.0,668,9,,0.13574439997319132,10809.0,681,5,,0.34883180004544556,10441.0,774,3,
483,480,8666.0,0.6805455000139773,maximum,0.7498449999839067,9722.0,897,3,,0.06840420002117753,12014.0,661,9,,0.13803759997244924,10922.0,666,5,,0.3540414000162855,10322.0,808,3,
484,481,8494.0,0.6982764001004398,maximum,0.7442756000673398,9070.0,815,3,,0.06895720004104078,12042.0,672,9,,0.13130669994279742,10638.0,679,5,,0.33077339990995824,10094.0,786,3,
485,478,8510.0,0.7064146000193432,maximum,0.755991299985908,9134.0,830,3,,0.06954840000253171,11598.0,662,9,,0.1451973000075668,10446.0,668,5,,0.32408459996804595,10014.0,748,3,
486,478,8304.0,0.7314458999317139,maximum,0.7778152000391856,8944.0,799,3,,0.06772950000595301,11750.0,661,9,,0.14902959996834397,10128.0,662,5,,0.3511176999891177,9840.0,769,3,
487,472,8149.0,0.6903179999208078,maximum,0.7529273999389261,9077.0,807,3,,0.07652790006250143,11139.0,655,9,,0.14914460002910346,10313.0,652,5,,0.34288450004532933,9717.0,757,3,
488,483,8577.0,0.8325390999671072,maximum,0.8777694000164047,9185.0,813,3,,0.08611749997362494,11562.0,662,9,,0.14736229996196926,10713.0,677,5,,0.45345240004826337,10369.0,791,3,
489,476,7816.0,0.8187063001096249,maximum,0.7792994000483304,8472.0,829,3,,0.08012569998390973,11046.0,654,9,,0.1410518999909982,9824.0,655,5,,0.3196198999648914,9441.0,767,3,
490,480,7774.0,0.7077603999059647,maximum,0.8445756000000983,8431.0,843,3,,0.06971189996693283,10864.0,650,9,,0.14993209997192025,9818.0,664,5,,0.31254620000254363,9423.0,741,3,
491,483,8167.0,0.7811488000443205,maximum,0.8673982000909746,8823.0,871,3,,0.07639190007466823,11385.0,666,9,,0.15788479999173433,10095.0,661,5,,0.36698069993872195,9719.0,753,3,
492,483,8375.0,0.7358778999187052,maximum,0.8125153000000864,8967.0,785,3,,0.07198090001475066,11395.0,651,9,,0.14893240004312247,10175.0,643,5,,0.3254685999127105,9815.0,739,3,
493,476,8427.0,0.7344198999926448,maximum,0.7284312000265345,9115.0,837,3,,0.07168439996894449,11343.0,648,9,,0.15392469998914748,10315.0,654,5,,0.33373180008493364,9963.0,733,3,
494,478,8131.0,0.6896777999354526,maximum,0.7577604999532923,8787.0,854,3,,0.0641697000246495,11199.0,660,9,,0.13068289996590465,10359.0,682,5,,0.34284940001089126,9971.0,805,3,
495,474,8145.0,0.6875795000232756,maximum,0.6971277999691665,8833.0,808,3,,0.06359369994606823,10961.0,637,9,,0.14464630000293255,9981.0,634,5,,0.2814446999691427,9713.0,737,3,
496,480,8283.0,0.6995373000390828,maximum,0.7349959999555722,8955.0,852,3,,0.0662183000240475,11207.0,655,9,,0.15458040009252727,10335.0,650,5,,0.32294970005750656,9995.0,789,3,
497,482,7939.0,0.703764499980025,maximum,0.7853803999023512,8579.0,827,3,,0.06953119998797774,10799.0,646,9,,0.13722839998081326,9743.0,647,5,,0.3039710000157356,9364.0,704,3,
498,480,8306.0,0.6840697000734508,maximum,0.7507155000930652,8930.0,814,3,,0.06412500003352761,11388.0,654,9,,0.14184069994371384,10006.0,640,5,,0.2943606999469921,9674.0,725,3,
499,481,8150.0,0.6801325000124052,maximum,0.7477405000245199,8790.0,823,3,,0.0644805000629276,10958.0,659,9,,0.1330037999432534,9895.0,652,5,,0.29495149990543723,9806.0,782,3,
500,474,8122.0,0.6877914000069723,maximum,0.6950886000413448,8746.0,804,3,,0.0643609999679029,11018.0,648,9,,0.13872240006458014,9957.0,632,5,,0.30255320004653186,9642.0,759,3,
501,482,8264.0,0.6728883000323549,maximum,0.7448566000675783,8920.0,846,3,,0.06816170003730804,11196.0,657,9,,0.13864649995230138,10100.0,650,5,,0.3024764000438154,9825.0,767,3,
502,473,8012.0,0.6897371999220923,maximum,0.7646222000475973,8652.0,834,3,,0.06542340002488345,10996.0,645,9,,0.1393281000200659,9880.0,644,5,,0.3264941999223083,9556.0,765,3,
503,491,8709.0,0.7250809000106528,maximum,0.7334419999970123,9317.0,831,3,,0.06951569998636842,11859.0,668,9,,0.13978080009110272,10733.0,669,5,,0.3308174000121653,10445.0,773,3,
504,468,8078.0,0.6597158999647945,maximum,0.7180831000441685,8702.0,831,3,,0.06870360008906573,11086.0,664,9,,0.14483719994314015,9890.0,661,5,,0.33606409991625696,9510.0,772,3,
505,474,7829.0,0.6586084000300616,maximum,0.7540580999338999,8533.0,833,3,,0.05921959993429482,10533.0,638,9,,0.13211210002191365,9785.0,650,5,,0.3175277999835089,9453.0,765,3,
506,471,8432.0,0.6664709999458864,maximum,0.7369838000740856,9024.0,794,3,,0.07374110003001988,11490.0,652,9,,0.14463309990242124,10552.0,660,5,,0.3719384999712929,10192.0,761,3,
507,477,7951.0,0.7323512000730261,maximum,0.7478486000327393,8607.0,818,3,,0.06701340002473444,11143.0,651,9,,0.14828470000065863,9819.0,654,5,,0.3411421000491828,9439.0,745,3,
508,481,8314.0,0.6838261999655515,maximum,0.774713599937968,8938.0,803,3,,0.07439199998043478,11596.0,661,9,,0.1409660999197513,10358.0,653,5,,0.351240299991332,10058.0,769,3,
509,476,8070.0,0.7460358999669552,maximum,0.8706852000905201,8710.0,866,3,,0.0657780000474304,11200.0,656,9,,0.14361309993546456,9946.0,667,5,,0.36864060000516474,9566.0,747,3,
510,478,8240.0,0.7566528000170365,maximum,0.9061919000232592,8961.0,849,3,,0.07351439993362874,11138.0,663,9,,0.16347659996245056,10272.0,674,5,,0.36371889989823103,9976.0,799,3,
511,481,8185.0,0.7257370000006631,maximum,0.7928735999157652,8857.0,843,3,,0.07166490005329251,11043.0,657,9,,0.16257689998019487,10065.0,669,5,,0.3461846000282094,9761.0,761,3,
512,489,8585.0,0.8910662999842316,maximum,0.8355271999025717,9257.0,874,3,,0.07821730000432581,11819.0,672,9,,0.15562860004138201,10493.0,663,5,,0.35873380000703037,10097.0,768,3,
513,475,8207.0,0.7592438000719994,maximum,0.8100716000190005,8863.0,836,3,,0.07459630002267659,11313.0,663,9,,0.16249509993940592,10259.0,664,5,,0.3707452999660745,9895.0,781,3,
514,480,8716.0,0.745821199961938,maximum,0.7778687999816611,9308.0,817,3,,0.07424460002221167,11762.0,680,9,,0.15519309998489916,10640.0,673,5,,0.3575434999074787,10324.0,786,3,
515,480,8263.0,0.7437445999821648,maximum,0.865787300048396,8904.0,817,3,,0.07189910009037703,11427.0,649,9,,0.15582420001737773,10303.0,651,5,,0.3432574999751523,9919.0,759,3,
516,475,8321.0,0.7484196999575943,maximum,0.8443395999493077,8977.0,841,3,,0.07402599998749793,11445.0,667,9,,0.14838879997842014,10261.0,664,5,,0.33686879999004304,9937.0,778,3,
517,487,8922.0,0.7741874000057578,maximum,0.8164575999835506,9562.0,844,3,,0.07453580002766103,12490.0,692,9,,0.14537080004811287,11030.0,672,5,,0.3850700999610126,10723.0,813,3,
518,483,8418.0,0.7614098000340164,maximum,0.7619207000825554,9042.0,799,3,,0.07241709996014833,11434.0,656,9,,0.1478167000459507,10214.0,643,5,,0.33235489996150136,9978.0,737,3,
519,475,8413.0,0.7602970999432728,maximum,0.7916426000883803,9053.0,830,3,,0.07285530003719032,11651.0,671,9,,0.1490664999000728,10453.0,670,5,,0.39395170006901026,10141.0,804,3,
520,475,8207.0,0.7549665999831632,maximum,0.8190299000125378,8831.0,825,3,,0.07555690000299364,11437.0,652,9,,0.1474794999230653,10232.0,672,5,,0.3608312999131158,9879.0,750,3,
521,473,8234.0,0.7553172999760136,maximum,0.7766166999936104,8826.0,796,3,,0.07880829996429384,11160.0,654,9,,0.1551210000179708,10102.0,663,5,,0.3583999000256881,9858.0,766,3,
522,481,8348.0,0.7919249000260606,maximum,0.7754297000356019,9004.0,837,3,,0.07505709992256016,11518.0,672,9,,0.14025900000706315,10468.0,681,5,,0.34401989995967597,10100.0,772,3,
523,483,8683.0,0.7371087999781594,maximum,0.8341862999368459,9403.0,894,3,,0.07553349994122982,11799.0,667,9,,0.15603139996528625,10711.0,677,5,,0.3824161000084132,10483.0,775,3,
524,480,8441.0,0.7837701999815181,maximum,0.8205077999737114,9369.0,839,3,,0.07368319993838668,11889.0,657,9,,0.15796019998379052,10541.0,642,5,,0.34900819999165833,9913.0,748,3,
525,470,8413.0,0.7434793999418616,maximum,0.8123632000060752,9053.0,842,3,,0.0738112999824807,11511.0,671,9,,0.1516956000123173,10345.0,652,5,,0.35172989999409765,9989.0,778,3,
526,474,8329.0,0.7530859999824315,maximum,0.8054409000324085,9001.0,854,3,,0.06727589992806315,11255.0,668,9,,0.1589480999391526,10465.0,685,5,,0.339869900024496,10217.0,789,3,
527,468,7799.0,0.7292093000141904,maximum,0.781442999956198,8439.0,820,3,,0.07311409991234541,10561.0,646,9,,0.1448346000397578,9771.0,645,5,,0.3338199000572786,9367.0,765,3,
528,476,8227.0,0.8419381999410689,maximum,0.8898058000486344,8867.0,824,3,,0.0719820000231266,11369.0,641,9,,0.15451599995139986,10375.0,668,5,,0.3573121000081301,9979.0,779,3,
529,487,8387.0,0.8113803999731317,maximum,0.8995019999565557,9123.0,875,3,,0.07477009994909167,11729.0,660,9,,0.16949840006418526,10163.0,657,5,,0.3397253999719396,9859.0,763,3,
530,479,8246.0,0.7515094999689609,maximum,0.7582730000140145,8854.0,798,3,,0.06477050005923957,11630.0,657,9,,0.13882930006366223,10078.0,632,5,,0.32764799997676164,9798.0,736,3,
531,485,8606.0,0.7070728000253439,maximum,0.7723345999838784,9534.0,830,3,,0.0674253999022767,12096.0,685,9,,0.14298299991060048,10844.0,679,5,,0.3159351999638602,10302.0,763,3,
532,476,8455.0,0.6573855000315234,maximum,0.7074366000015289,9048.0,817,3,,0.06169760006014258,11421.0,657,9,,0.13664330006577075,10307.0,653,5,,0.29427720000967383,10079.0,766,3,
533,483,8424.0,0.6962149000028148,maximum,0.7432959000580013,9064.0,832,3,,0.06701930006965995,11868.0,668,9,,0.13142820005305111,10250.0,666,5,,0.28339729993604124,9880.0,748,3,
534,476,7923.0,0.653906499966979,maximum,0.7282232999568805,8627.0,892,3,,0.06215640006121248,10991.0,665,9,,0.13281470001675189,9851.0,675,5,,0.2918163000140339,9451.0,742,3,
535,475,7645.0,0.6997975999256596,maximum,0.7266880999086425,8301.0,808,3,,0.06863859994336963,10521.0,639,9,,0.1430067999754101,9589.0,636,5,,0.3153617000207305,9245.0,750,3,
536,484,8874.0,0.6958792000077665,maximum,0.7537630000151694,9530.0,849,3,,0.0698106000199914,12204.0,677,9,,0.14274849998764694,10778.0,664,5,,0.3122557000024244,10426.0,774,3,
537,479,8292.0,0.6742997000692412,maximum,0.7458741000154987,9220.0,843,3,,0.062082999967969954,11802.0,666,9,,0.13101200002711266,10472.0,662,5,,0.30270440003369004,9796.0,777,3,
538,474,8346.0,0.6845248999306932,maximum,0.7107580999145284,8971.0,803,3,,0.06415480002760887,12020.0,665,9,,0.13189780001994222,10074.0,648,5,,0.33920569997280836,9834.0,772,3,
539,469,8426.0,0.6374593999935314,maximum,0.7517872999887913,9034.0,826,3,,0.06475200003478676,11406.0,668,9,,0.14320809999480844,10282.0,664,5,,0.3105906000128016,9939.0,754,3,
540,484,8652.0,0.701224899967201,maximum,0.7075098999775946,9260.0,820,3,,0.06446320004761219,11594.0,668,9,,0.13212850003037602,10404.0,663,5,,0.32116679998580366,10060.0,763,3,
541,488,8547.0,0.6999568999744952,maximum,0.7948316000401974,9219.0,835,3,,0.0655950999353081,11507.0,655,9,,0.1438131999457255,10491.0,672,5,,0.32003469998016953,10179.0,779,3,
542,476,7718.0,0.6890477000270039,maximum,0.7556155999191105,8630.0,823,3,,0.06010020000394434,10894.0,632,9,,0.13235179998446256,9858.0,631,5,,0.31551670003682375,9254.0,742,3,
543,478,8305.0,0.7259618000825867,maximum,0.7872930000303313,9185.0,826,3,,0.08145219995640218,11465.0,652,9,,0.14055419992655516,10349.0,648,5,,0.32906299992464483,9785.0,748,3,
544,482,8492.0,0.7019072000402957,maximum,0.7438427999150008,9100.0,804,3,,0.06763980002142489,11604.0,662,9,,0.1307226000353694,10316.0,655,5,,0.3198516999837011,9980.0,759,3,
545,477,7957.0,0.7171511000487953,maximum,0.7516721000429243,8598.0,822,3,,0.06856389995664358,10923.0,661,9,,0.15770860004704446,10113.0,678,5,,0.34477969992440194,9717.0,816,3,
546,465,7983.0,0.6815322999609634,maximum,0.7344093999126926,8591.0,785,3,,0.06818719999864697,10947.0,649,9,,0.13439729996025562,9899.0,640,5,,0.36138970009051263,9551.0,752,3,
547,475,8115.0,0.822216699947603,maximum,0.8359114999184385,8739.0,819,3,,0.08022279990836978,11271.0,654,9,,0.1658795999828726,10003.0,644,5,,0.32672110002022237,9707.0,748,3,
548,478,7897.0,0.8217660000082105,maximum,0.7227169999387115,8729.0,768,3,,0.07834479992743582,11137.0,647,9,,0.14359640004113317,10201.0,633,5,,0.3286939999088645,9617.0,755,3,
549,476,8362.0,0.7329398000147194,maximum,0.8255536999786273,9306.0,857,3,,0.07259689993225038,11898.0,665,9,,0.1560444999486208,10498.0,664,5,,0.3512669999618083,9850.0,739,3,
550,487,8633.0,0.7400048999115825,maximum,0.7983180000446737,9305.0,855,3,,0.07159469998441637,11853.0,672,9,,0.15399130003061146,10833.0,677,5,,0.3428907999768853,10497.0,770,3,
551,465,7680.0,0.6730198999866843,maximum,0.8421657000435516,8336.0,811,3,,0.07420110004022717,10498.0,630,9,,0.149070099927485,9456.0,637,5,,0.3066328000277281,9137.0,715,3,
552,488,8490.0,0.7773732000496238,maximum,0.7310235999757424,9098.0,825,3,,0.07503139995969832,11980.0,684,9,,0.13861759996507317,10622.0,688,5,,0.31589870003517717,10290.0,768,3,
553,483,8396.0,0.726934100035578,maximum,0.7577721999259666,9036.0,842,3,,0.06331400002818555,11306.0,667,9,,0.13125189999118447,10152.0,654,5,,0.33145519997924566,9812.0,769,3,
554,469,8011.0,0.6889659999869764,maximum,0.9046739999903366,8635.0,822,3,,0.07719429989811033,11443.0,662,9,,0.1641615000553429,9835.0,639,5,,0.36178130004554987,9483.0,729,3,
555,483,8253.0,0.7213583999546245,maximum,0.7617966999532655,8893.0,821,3,,0.08018200006335974,11089.0,656,9,,0.13641409995034337,9961.0,652,5,,0.3298942999681458,9629.0,749,3,
556,475,8421.0,0.7439768000040203,maximum,0.8109610000392422,9030.0,798,3,,0.07366320001892745,11649.0,655,9,,0.15028219996020198,10430.0,653,5,,0.4001403000438586,10069.0,764,3,
557,471,7865.0,0.7706804999615997,maximum,0.7876297000329942,8457.0,777,3,,0.06801879999693483,11061.0,647,9,,0.14406089996919036,9797.0,641,5,,0.3779389999108389,9433.0,774,3,
558,474,8292.0,0.6974895999301225,maximum,0.7682009999407455,8948.0,822,3,,0.06846700003370643,11638.0,664,9,,0.1343265000032261,10292.0,662,5,,0.3303006000351161,9860.0,731,3,
559,482,8406.0,0.7365047999192029,maximum,0.8610851999837905,9110.0,864,3,,0.07001510006375611,11496.0,659,9,,0.1761263000080362,10398.0,668,5,,0.3950218000682071,10150.0,796,3,
560,482,8743.0,0.7583394000539556,maximum,0.8375855999765918,9735.0,886,3,,0.07986739999614656,12339.0,695,9,,0.15489560004789382,11103.0,699,5,,0.41646040009800345,10519.0,820,3,
561,479,8227.0,0.7829191000200808,maximum,0.8861681999405846,9155.0,864,3,,0.0726448999485001,11629.0,661,9,,0.1691468000644818,10651.0,679,5,,0.41114089998882264,9979.0,782,3,
562,481,8126.0,0.7490168999647722,maximum,0.8129262999864295,8750.0,804,3,,0.07394049991853535,11232.0,668,9,,0.13734949997160584,10110.0,662,5,,0.3495625000214204,9830.0,806,3,
563,482,8038.0,0.7498429999686778,maximum,0.8301761000184342,8646.0,810,3,,0.06760830001439899,11250.0,661,9,,0.1492135999724269,9966.0,660,5,,0.33940589998383075,9590.0,764,3,
564,477,8328.0,0.7800183000508696,maximum,0.9208691000239924,8952.0,846,3,,0.06978599994909018,11252.0,665,9,,0.14789319992996752,10144.0,655,5,,0.3668086000252515,9840.0,778,3,
565,486,7817.0,0.8030160999624059,maximum,0.9577666000695899,8473.0,842,3,,0.07586730003822595,10527.0,640,9,,0.15928439993876964,9582.0,635,5,,0.3760679999832064,9265.0,739,3,
566,471,8060.0,0.8231015999335796,maximum,0.808917099959217,8732.0,879,3,,0.07590619998518378,10950.0,653,9,,0.1613440999062732,9944.0,654,5,,0.38444000005256385,9556.0,735,3,
567,472,7921.0,0.8381185999605805,maximum,0.9128630999475718,8561.0,817,3,,0.08833440009038895,10921.0,653,9,,0.18352439999580383,9917.0,652,5,,0.38337449997197837,9577.0,773,3,
568,462,8368.0,0.7311298999702558,maximum,0.8628463000059128,9024.0,845,3,,0.08533099992200732,11614.0,669,9,,0.17931220005266368,10448.0,664,5,,0.3915826000738889,10072.0,777,3,
569,465,7750.0,0.7374325999990106,maximum,0.7632405000040308,8374.0,794,3,,0.06738699995912611,10822.0,647,9,,0.1338026000885293,9506.0,654,5,,0.2976530999876559,9142.0,713,3,
570,474,8153.0,0.7547586999135092,maximum,0.8310229999478906,8793.0,808,3,,0.07649710006080568,11239.0,656,9,,0.14847379992716014,10053.0,644,5,,0.36175239994190633,9705.0,768,3,
571,480,7868.0,0.7793103000149131,maximum,0.8940394000383094,8860.0,907,3,,0.07497049996163696,11102.0,655,9,,0.14783659996464849,9992.0,671,5,,0.3249105999711901,9348.0,770,3,
572,484,8538.0,0.7393111999845132,maximum,0.8200156000675634,9146.0,820,3,,0.07666110002901405,11956.0,678,9,,0.14723080000840127,10694.0,679,5,,0.35509389999788254,10346.0,811,3,
573,477,8250.0,0.7758843000046909,maximum,0.8662890000268817,8939.0,851,3,,0.07140380004420877,11453.0,653,9,,0.14066690008621663,10122.0,649,5,,0.3159124000230804,9818.0,764,3,
574,483,8362.0,0.750743200071156,maximum,0.7687505999347195,8970.0,806,3,,0.06771400000434369,11688.0,658,9,,0.15175020007882267,10331.0,648,5,,0.35665339999832213,10026.0,789,3,
575,484,8763.0,0.7761754998937249,maximum,0.8424204000039026,9675.0,866,3,,0.07479670003522187,12117.0,677,9,,0.1422883999766782,10931.0,679,5,,0.38223959994502366,10227.0,774,3,
576,476,8242.0,0.7474519999232143,maximum,0.8414857999887317,8882.0,836,3,,0.06994690001010895,11336.0,659,9,,0.15861370007041842,10010.0,665,5,,0.37351969990413636,9635.0,740,3,
577,477,8061.0,0.8259450999321416,maximum,0.8354389999294654,8702.0,838,3,,0.09010029991623014,11071.0,652,9,,0.17391090001910925,10045.0,668,5,,0.407815600046888,9725.0,781,3,
578,478,8103.0,0.7683607999933884,maximum,0.7362818999681622,8727.0,821,3,,0.07128119992557913,10953.0,646,9,,0.1370424999622628,9951.0,650,5,,0.3083895999006927,9639.0,736,3,
579,477,8189.0,0.7390160999493673,maximum,0.8117880000500008,8829.0,836,3,,0.06878029997460544,11255.0,657,9,,0.13833210000302643,10213.0,657,5,,0.3703248000238091,9813.0,769,3,
580,485,9060.0,0.8590175999561325,maximum,0.8488384999800473,10004.0,873,3,,0.0797170998994261,12514.0,685,9,,0.14711669995449483,11410.0,696,5,,0.38111059996299446,10932.0,802,3,
581,483,8116.0,0.7362110000103712,maximum,0.778717500041239,8692.0,769,3,,0.06856130005326122,11102.0,645,9,,0.13816080009564757,10016.0,640,5,,0.3529514000983909,9668.0,746,3,
582,480,8171.0,0.7837949000531808,maximum,0.8216117999982089,8811.0,850,3,,0.07094580004923046,11517.0,673,9,,0.15367319993674755,10271.0,682,5,,0.363825700012967,9931.0,794,3,
583,480,8102.0,0.7404696999583393,maximum,0.7751769000897184,8726.0,802,3,,0.071745999972336,11108.0,645,9,,0.13791270006913692,9954.0,653,5,,0.3257899999152869,9622.0,741,3,
584,479,8091.0,0.7438177999574691,maximum,0.8490522999782115,8811.0,871,3,,0.07145140005741268,11235.0,656,9,,0.14101579994894564,9859.0,651,5,,0.3857710000593215,9555.0,752,3,
585,477,8562.0,0.7491097999736667,maximum,0.7689444998977706,9218.0,826,3,,0.07288200000766665,11780.0,656,9,,0.13493900001049042,10838.0,660,5,,0.3742937999777496,10594.0,795,3,
586,481,7945.0,0.7576548999641091,maximum,0.7676702999742702,8569.0,810,3,,0.07235769997350872,11015.0,660,9,,0.15053889993578196,10349.0,665,5,,0.3711275999667123,10001.0,775,3,
587,479,7905.0,0.767399900010787,maximum,0.808427199954167,8593.0,862,3,,0.07132410001941025,11301.0,659,9,,0.14502870000433177,9969.0,656,5,,0.35424989997409284,9593.0,774,3,
588,469,8095.0,0.7028380999108776,maximum,0.7743084999965504,8719.0,795,3,,0.07213450002018362,11233.0,646,9,,0.14565210009459406,9835.0,646,5,,0.35529430001042783,9551.0,766,3,
589,480,8213.0,0.8022177000530064,maximum,0.8264626999152824,9093.0,842,3,,0.08120739995501935,11931.0,678,9,,0.1401647999882698,10665.0,678,5,,0.39715109998360276,10101.0,783,3,
590,472,8069.0,0.7358352000592276,maximum,0.8897913000546396,9093.0,816,3,,0.06785810005385429,11407.0,644,9,,0.1361689999466762,10305.0,647,5,,0.348664200049825,9701.0,759,3,
591,475,8477.0,0.7388130000326782,maximum,0.8185095998924226,9149.0,841,3,,0.07138510001823306,11387.0,668,9,,0.1360018999548629,10325.0,641,5,,0.3414098999928683,9933.0,729,3,
592,473,8265.0,0.7541858999757096,maximum,0.795740400091745,8921.0,850,3,,0.07252680009696633,11387.0,659,9,,0.1566256999503821,10169.0,656,5,,0.3672169001074508,9937.0,781,3,
593,462,8054.0,0.7128199000144377,maximum,0.7961499999510124,8726.0,833,3,,0.07186569995246828,11402.0,638,9,,0.14034599997103214,9854.0,630,5,,0.3143974000122398,9606.0,739,3,
594,467,7930.0,0.7356272999895737,maximum,0.7875316999852657,8602.0,878,3,,0.06940800009761006,11090.0,665,9,,0.15273909992538393,9982.0,663,5,,0.38567290001083165,9634.0,790,3,
595,486,8866.0,0.75213130004704,maximum,0.8504733999725431,9506.0,851,3,,0.07825559994671494,12394.0,685,9,,0.15011609997600317,11158.0,695,5,,0.3711771999951452,10810.0,835,3,
596,475,8146.0,0.7544979000231251,maximum,0.7538526999996975,8754.0,786,3,,0.06694879999849945,11006.0,639,9,,0.13319329998921603,9966.0,637,5,,0.3268740000203252,9650.0,730,3,
597,471,7853.0,0.7551175999687985,maximum,0.8136746999807656,8525.0,851,3,,0.06797779991757125,10975.0,655,9,,0.13219269993714988,9797.0,654,5,,0.3264961000531912,9445.0,759,3,
598,473,7788.0,0.729408000013791,maximum,0.8307219999842346,8460.0,835,3,,0.07233220001216978,10670.0,644,9,,0.15594069997314364,9620.0,635,5,,0.35363360005430877,9324.0,740,3,
599,476,8250.0,0.7721264000283554,maximum,0.7567762000253424,8858.0,783,3,,0.06964140001218766,11577.0,647,9,,0.15273430000524968,10031.0,645,5,,0.3314656000584364,9715.0,756,3,
600,480,8078.0,0.7657260000705719,maximum,0.8219634999986738,8751.0,811,3,,0.0730485999956727,11020.0,647,9,,0.1449448000639677,10030.0,646,5,,0.384780399966985,9678.0,767,3,
601,470,7755.0,0.7645669999765232,maximum,0.8174617999466136,8411.0,815,3,,0.06823039997834712,10773.0,638,9,,0.14772979996632785,9771.0,645,5,,0.3308076000539586,9419.0,776,3,
602,482,8384.0,0.8398564999224618,maximum,0.7764612000901252,9136.0,840,3,,0.0766764999134466,11448.0,661,9,,0.1352158000227064,10388.0,649,5,,0.3487434000708163,9984.0,757,3,
603,476,8462.0,0.7544065999099985,maximum,0.8432072000578046,9102.0,845,3,,0.07364940003026277,11722.0,683,9,,0.15308690001256764,10486.0,679,5,,0.36687130003701895,10198.0,788,3,
604,482,8185.0,0.7878232001094148,maximum,0.8619552999734879,8889.0,877,3,,0.07197259995155036,11207.0,647,9,,0.1589976999675855,10061.0,650,5,,0.3161703000077978,9682.0,728,3,
605,483,8792.0,0.7672403999604285,maximum,0.7994013000279665,9448.0,812,3,,0.06847599998582155,12108.0,667,9,,0.15074930002447218,11008.0,666,5,,0.39157219999469817,10736.0,771,3,
606,477,8442.0,0.759609799948521,maximum,0.8295013000024483,9083.0,841,3,,0.07911020005121827,11700.0,657,9,,0.15614809992257506,10626.0,681,5,,0.4020254999632016,10250.0,809,3,
607,479,8463.0,0.7456966999452561,maximum,0.8158987000351772,9119.0,868,3,,0.08398049999959767,11435.0,666,9,,0.1536795999854803,10523.0,678,5,,0.3380168000003323,10183.0,770,3,
608,481,8603.0,0.7745348999742419,maximum,0.845611699973233,8972.0,818,2,,0.06905450008343905,11283.0,653,8,,0.13761699991300702,10463.0,673,4,,0.35691179998684675,10443.0,804,3,
609,474,7908.0,0.7565405999775976,maximum,0.8475029999390244,8900.0,874,3,,0.07038299995474517,11054.0,650,9,,0.1513018999248743,9984.0,643,5,,0.30710720003116876,9356.0,727,3,
610,481,8292.0,0.7544524999102578,maximum,0.8093061000108719,8980.0,857,3,,0.07447190000675619,11274.0,658,9,,0.15176829998381436,10564.0,684,5,,0.36719310004264116,10196.0,777,3,
611,483,8113.0,0.7665064000757411,maximum,0.8328309000935405,8801.0,855,3,,0.078377699945122,11347.0,677,9,,0.15061440004501492,10187.0,668,5,,0.3562462000409141,9833.0,801,3,
612,480,8144.0,0.7257558000274003,maximum,0.7656614000443369,8721.0,780,3,,0.06950500002130866,10916.0,655,9,,0.15649199998006225,10072.0,652,5,,0.36236340005416423,9705.0,760,3,
613,473,7676.0,0.753224499989301,maximum,0.7340286000398919,8284.0,782,3,,0.07133910001721233,10590.0,640,9,,0.12934200000017881,9632.0,645,5,,0.3399551999755204,9316.0,752,3,
614,477,8276.0,0.7297835000790656,maximum,0.7884073000168428,8932.0,856,3,,0.06823289999738336,11584.0,665,9,,0.1340850000269711,9984.0,653,5,,0.35508070001378655,9700.0,764,3,
615,482,8735.0,0.7782358999829739,maximum,0.7693419000133872,9375.0,817,3,,0.07361339998897165,11879.0,663,9,,0.14070460002403706,10495.0,661,5,,0.3319739999715239,10071.0,738,3,
616,481,8606.0,0.7514626999618486,maximum,0.8822624000022188,9518.0,868,3,,0.07360280002467334,12012.0,672,9,,0.1619720000308007,10798.0,677,5,,0.33367780002299696,10182.0,778,3,
617,471,8014.0,0.7161981000099331,maximum,0.8084031000034884,8686.0,819,3,,0.06779210001695901,11046.0,652,9,,0.14083869999740273,9818.0,656,5,,0.34069380001164973,9438.0,734,3,
618,473,8503.0,0.8096970999613404,maximum,0.7457480999873951,9127.0,811,3,,0.07113830000162125,11713.0,658,9,,0.1363132999977097,10607.0,677,5,,0.3378897000802681,10215.0,768,3,
619,475,8358.0,0.720673100091517,maximum,0.7676826000679284,8982.0,828,3,,0.07162449997849762,11400.0,656,9,,0.14137189998291433,10306.0,654,5,,0.3659054000163451,9950.0,742,3,
620,472,8237.0,0.7411013999953866,maximum,0.846899600001052,8861.0,816,3,,0.06646400003228337,11157.0,642,9,,0.14775030000600964,10097.0,648,5,,0.3415971000213176,9773.0,735,3,
621,478,8065.0,0.7373242999892682,maximum,0.82577430002857,8689.0,820,3,,0.06974579999223351,11001.0,650,9,,0.14942430006340146,10017.0,650,5,,0.33769899990875274,9657.0,744,3,
622,479,8533.0,0.7607908999780193,maximum,0.8049019000027329,9141.0,821,3,,0.07386640005279332,11729.0,653,9,,0.14059640001505613,10249.0,646,5,,0.32526270009111613,9893.0,743,3,
623,479,8635.0,0.747653300059028,maximum,0.7908232000190765,9547.0,849,3,,0.07534129999112338,12239.0,677,9,,0.15231269993819296,10775.0,668,5,,0.36652859998866916,10243.0,766,3,
624,481,8532.0,0.7694671000353992,maximum,0.8085658000782132,9156.0,817,3,,0.07236280001234263,11582.0,655,9,,0.14027709991205484,10360.0,646,5,,0.3246593000367284,10004.0,721,3,
625,472,7807.0,0.7461980999214575,maximum,0.8422097000293434,8511.0,866,3,,0.07460829999763519,10761.0,656,9,,0.15189980005379766,9975.0,673,5,,0.3532700000796467,9639.0,796,3,
626,488,8519.0,0.7655694000422955,maximum,0.8160472000017762,9127.0,816,3,,0.0677748000016436,11519.0,653,9,,0.13751039991620928,10503.0,642,5,,0.34456480003427714,10119.0,748,3,
627,478,8135.0,0.7797077000141144,maximum,0.7406622000271454,8743.0,792,3,,0.07409139990340918,11159.0,648,9,,0.14264770003501326,9987.0,642,5,,0.3734698999905959,9663.0,753,3,
628,471,8258.0,0.7001181000377983,maximum,0.7501604000572115,8866.0,824,3,,0.06595840002410114,11094.0,648,9,,0.14491969998925924,10350.0,656,5,,0.3509914999594912,10042.0,777,3,
629,478,8521.0,0.7516372000100091,maximum,0.8033974999561906,9433.0,834,3,,0.07280899991746992,11623.0,673,9,,0.14905350003391504,10637.0,653,5,,0.3719362000701949,10073.0,768,3,
630,473,7986.0,0.7328989999368787,maximum,0.8027020000154153,8594.0,799,3,,0.07194739999249578,11254.0,651,9,,0.1363306000130251,10098.0,663,5,,0.3599957999540493,9762.0,761,3,
631,477,8252.0,0.7685665999306366,maximum,0.803429500083439,8876.0,822,3,,0.07083089998923242,11112.0,637,9,,0.14273590000811964,10316.0,649,5,,0.3719000000273809,10004.0,768,3,
632,471,7941.0,0.7441527999471873,maximum,0.8163831999991089,8581.0,842,3,,0.07156360009685159,11015.0,653,9,,0.1415689999703318,9809.0,644,5,,0.36634519998915493,9549.0,776,3,
633,485,8405.0,0.7602467000251636,maximum,0.8286767000099644,9093.0,883,3,,0.07221560005564243,11533.0,663,9,,0.13731530006043613,10433.0,664,5,,0.33876940002664924,10109.0,773,3,
634,469,7817.0,0.7282443000003695,maximum,0.8244735999032855,8489.0,834,3,,0.0727562999818474,10721.0,644,9,,0.14910949999466538,9677.0,651,5,,0.36544080008752644,9393.0,763,3,
635,472,8277.0,0.7316624999511987,maximum,0.8137136999284849,8949.0,837,3,,0.0669381000334397,11409.0,653,9,,0.1368279999587685,10249.0,653,5,,0.3186930000083521,9965.0,759,3,
636,479,8078.0,0.7706998999929056,maximum,0.8731454000808299,8718.0,841,3,,0.07246149994898587,11288.0,662,9,,0.14352709997911006,10198.0,654,5,,0.40985190006904304,9878.0,805,3,
637,479,8067.0,0.7602622000267729,maximum,0.7975294999778271,8931.0,816,3,,0.07200309995096177,11599.0,659,9,,0.1465893000131473,10096.0,654,5,,0.3675539999967441,9515.0,789,3,
638,470,7975.0,0.7188619000371546,maximum,0.8040237999521196,8951.0,828,3,,0.06954599998425692,11171.0,640,9,,0.14662799995858222,10115.0,633,5,,0.34374520007986575,9559.0,759,3,
639,470,8102.0,0.7578960999380797,maximum,0.8516994999954477,8758.0,831,3,,0.07345360005274415,11408.0,663,9,,0.14681039995048195,10274.0,674,5,,0.3434127999935299,9774.0,777,3,
640,485,8610.0,0.7235347999958321,maximum,0.8195571999531239,9218.0,821,3,,0.07086269999854267,12014.0,658,9,,0.14624550007283688,10818.0,670,5,,0.3608898000093177,10450.0,772,3,
641,481,8615.0,0.8150552000151947,maximum,0.7719497999642044,9511.0,837,3,,0.07900729996617883,11791.0,664,9,,0.14146710000932217,10663.0,644,5,,0.3327974999556318,10111.0,777,3,
642,471,7677.0,0.7156729999696836,maximum,0.8048466999316588,8301.0,820,3,,0.0793662000214681,10629.0,650,9,,0.15259009995497763,9601.0,651,5,,0.36204619996715337,9261.0,740,3,
643,485,8133.0,0.7718706999439746,maximum,0.7791413000086322,9029.0,822,3,,0.07406250003259629,11225.0,648,9,,0.14365619991440326,10313.0,652,5,,0.3201577999861911,9733.0,761,3,
644,474,8338.0,0.753132599988021,maximum,0.8281600000336766,9042.0,884,3,,0.07237929990515113,11822.0,660,9,,0.13877510000020266,10387.0,646,5,,0.3400401999242604,9938.0,752,3,
645,493,8078.0,0.8083761999150738,maximum,0.7837791000492871,8719.0,822,3,,0.07493729994166642,11248.0,661,9,,0.1462836000137031,9934.0,666,5,,0.3596915000816807,9638.0,783,3,
646,479,8530.0,0.7831915999995545,maximum,0.8012552000582218,9138.0,818,3,,0.07169410004280508,11792.0,662,9,,0.14097110007423908,10362.0,655,5,,0.3537729000672698,10042.0,744,3,
647,479,8069.0,0.7182521000504494,maximum,0.7644512000260875,9078.0,796,3,,0.07069970003794879,11145.0,643,9,,0.1522543999599293,10345.0,651,5,,0.3460425999946892,9789.0,767,3,
648,484,8438.0,0.7764035000000149,maximum,0.807291500037536,9046.0,821,3,,0.07433870004024357,11536.0,674,9,,0.15520339994691312,10534.0,677,5,,0.3602479000110179,10190.0,804,3,
649,475,8500.0,0.7157292000483721,maximum,0.8248178000794724,9140.0,805,3,,0.06956259999424219,11486.0,647,9,,0.1370418999576941,10340.0,641,5,,0.32170970004517585,9996.0,733,3,
650,458,7716.0,0.7289231999311596,maximum,0.7604358999524266,8308.0,782,3,,0.06983340007718652,10994.0,650,9,,0.15037639997899532,9744.0,641,5,,0.37930890009738505,9396.0,776,3,
651,478,8092.0,0.7432861999841407,maximum,0.8238861999707296,9100.0,851,3,,0.06743669998832047,11778.0,654,9,,0.1420440999791026,10408.0,665,5,,0.32769519998691976,9764.0,743,3,
652,475,8173.0,0.7251587999053299,maximum,0.8095266000600532,8829.0,857,3,,0.07240409997757524,11159.0,646,9,,0.13477060000877827,10093.0,657,5,,0.3392978999763727,9767.0,746,3,
653,477,8200.0,0.7435000999830663,maximum,0.8794332999968901,8856.0,852,3,,0.07408239995129406,11226.0,652,9,,0.14858130004722625,10084.0,656,5,,0.3362940000370145,9744.0,761,3,
654,473,8266.0,0.7454369999468327,maximum,0.7585523000452667,8955.0,797,3,,0.07504499994684011,11368.0,653,9,,0.14536379999481142,10138.0,653,5,,0.34258350008167326,9770.0,745,3,
655,489,9139.0,0.7850461000343785,maximum,0.8425835999660194,10051.0,862,3,,0.07748980005271733,12711.0,698,9,,0.14831199997570366,11475.0,684,5,,0.39370289992075413,10931.0,792,3,
656,483,8378.0,0.7372115000616759,maximum,0.7956750000594184,9034.0,843,3,,0.07296589994803071,11390.0,670,9,,0.15168799995444715,10378.0,680,5,,0.3615609999978915,10219.0,777,3,
657,485,8921.0,0.7784698000177741,maximum,0.7838214000221342,9785.0,785,3,,0.07810339995194227,12333.0,667,9,,0.14431899995543063,11297.0,668,5,,0.3648049000184983,10705.0,802,3,
658,481,7686.0,0.7446916999761015,maximum,0.886144099989906,8343.0,849,3,,0.06938550004269928,10676.0,648,9,,0.1462762999581173,9706.0,650,5,,0.3279993000905961,9358.0,751,3,
659,485,8242.0,0.7876355999615043,maximum,0.7798707999754697,8930.0,859,3,,0.07385739998426288,11446.0,667,9,,0.1483606001129374,10350.0,675,5,,0.36410149990115315,10075.0,779,3,
660,481,8594.0,0.7572139999829233,maximum,0.8690747999353334,9234.0,852,3,,0.07338560000061989,11562.0,666,9,,0.14987000008113682,10430.0,652,5,,0.3690334999701008,10210.0,783,3,
661,479,8746.0,0.749032000079751,maximum,0.7642166999867186,9370.0,827,3,,0.07280720002017915,11890.0,667,9,,0.15152049995958805,10766.0,675,5,,0.3747928999364376,10354.0,776,3,
662,478,8434.0,0.7405824000015855,maximum,0.8100824999855831,9106.0,850,3,,0.07311959995422512,11658.0,665,9,,0.14849619998130947,10506.0,660,5,,0.35557369992602617,10258.0,776,3,
663,472,7973.0,0.7344867000356317,maximum,0.7868769000051543,8597.0,819,3,,0.06875069998204708,10815.0,645,9,,0.14489570003934205,9853.0,640,5,,0.31919190008193254,9485.0,720,3,
664,475,8159.0,0.7706958000781015,maximum,0.8078459999524057,8784.0,824,3,,0.07028109999373555,11093.0,633,9,,0.14160039997659624,10219.0,655,5,,0.3474972000112757,9943.0,761,3,
665,477,8181.0,0.7701701000332832,maximum,0.8153807000489905,8837.0,827,3,,0.0705974999582395,11423.0,680,9,,0.1545628000749275,10045.0,655,5,,0.3582868999801576,9710.0,773,3,
666,478,8405.0,0.7493635000428185,maximum,0.8571773000294343,9109.0,887,3,,0.07230260001961142,11485.0,658,9,,0.14450039993971586,10365.0,661,5,,0.3301400999771431,10069.0,797,3,
667,483,8363.0,0.7702703999821097,maximum,0.8349372000666335,8971.0,826,3,,0.07388760009780526,11635.0,673,9,,0.1473711000289768,10283.0,660,5,,0.3779761000769213,9859.0,779,3,
668,482,8095.0,0.7741295000305399,maximum,0.7729662000201643,8991.0,829,3,,0.07882920000702143,11561.0,658,9,,0.144069500034675,10351.0,649,5,,0.36652070004493,9799.0,766,3,
669,484,8275.0,0.7546455999836326,maximum,0.7665567999938503,8915.0,832,3,,0.06779570004437119,11573.0,664,9,,0.13675649999640882,10443.0,654,5,,0.35188860003836453,10091.0,791,3,
670,486,8250.0,0.7870487000327557,maximum,0.813029200071469,8827.0,793,3,,0.07130720000714064,11260.0,645,9,,0.14471419993788004,10418.0,656,5,,0.3657426000572741,10090.0,782,3,
671,477,8433.0,0.7820254999678582,maximum,0.7761668999446556,9089.0,828,3,,0.07249359996058047,11829.0,666,9,,0.1435361000476405,10697.0,664,5,,0.355812199995853,10345.0,793,3,
672,478,8347.0,0.7714833000209183,maximum,0.7946818000636995,8939.0,787,3,,0.07383270002901554,11983.0,677,9,,0.14205109991598874,10459.0,654,5,,0.3440008999314159,10131.0,764,3,
673,468,8407.0,0.7278574000811204,maximum,0.7852164000505581,8999.0,808,3,,0.07341369998175651,11645.0,667,9,,0.14834900002460927,10455.0,671,5,,0.35837539995554835,10143.0,797,3,
674,470,7556.0,0.7389971000375226,maximum,0.7408250999869779,8133.0,768,3,,0.06699149997439235,10842.0,648,9,,0.14740459993481636,9572.0,656,5,,0.35813549999147654,9196.0,754,3,
675,487,8128.0,0.7692910999758169,maximum,0.8708801999455318,8816.0,855,3,,0.06772559997625649,12062.0,663,9,,0.14588319999165833,10540.0,680,5,,0.3368730000220239,10144.0,818,3,
676,472,8080.0,0.8575152000412345,maximum,0.796489299973473,8688.0,815,3,,0.07554740004707128,11234.0,655,9,,0.15838160004932433,10084.0,658,5,,0.37877759989351034,9744.0,776,3,
677,474,7535.0,0.7693047999637201,maximum,0.7780956999631599,8159.0,805,3,,0.06927820004057139,10943.0,655,9,,0.16222190007101744,9675.0,663,5,,0.34779830009210855,9327.0,775,3,
678,472,8255.0,0.7626881999894977,maximum,0.8653216999955475,8927.0,875,3,,0.06847870000638068,11243.0,651,9,,0.1450864999787882,10403.0,671,5,,0.35388359997887164,10111.0,787,3,
679,462,8013.0,0.7108526000520214,maximum,0.7677769999718294,8621.0,777,3,,0.07056340004783124,10863.0,649,9,,0.14721109997481108,9877.0,647,5,,0.31668739998713136,9573.0,747,3,
680,467,8108.0,0.7464766000630334,maximum,0.8252614000812173,8780.0,843,3,,0.08690380002371967,10912.0,650,9,,0.14652789989486337,10025.0,654,5,,0.34021080005913973,9684.0,759,3,
681,478,8043.0,0.7543660999508575,maximum,0.7588036999804899,8971.0,831,3,,0.07151689997408539,11493.0,652,9,,0.14014030003454536,10331.0,654,5,,0.3282162999967113,9803.0,811,3,
682,480,8127.0,0.7552105999784544,maximum,1.0422032999340445,8751.0,810,3,,0.07672179990913719,10989.0,654,9,,0.1548779000295326,9947.0,661,5,,0.3483430000487715,9647.0,764,3,
683,474,8370.0,0.7556047999532893,maximum,0.7730738000245765,8994.0,793,3,,0.06574759993236512,11288.0,648,9,,0.14090440003201365,10246.0,651,5,,0.340679100016132,9874.0,748,3,
684,479,8241.0,0.7241361000342295,maximum,0.846067100064829,9185.0,883,3,,0.07116410008165985,11713.0,662,9,,0.14852519996929914,10773.0,686,5,,0.35352620005141944,10089.0,779,3,
685,479,8326.0,0.786895899916999,maximum,0.8729150999570265,9046.0,903,3,,0.07444870006293058,11580.0,663,9,,0.14159630006179214,10294.0,674,5,,0.36286350002046674,9990.0,784,3,
686,480,8265.0,0.7665465999161825,maximum,0.7604355000657961,8905.0,812,3,,0.0709082999965176,11387.0,649,9,,0.1371331000700593,10097.0,638,5,,0.3068050999427214,9769.0,725,3,
687,483,8709.0,0.7621835999889299,maximum,0.801287499954924,9365.0,817,3,,0.07279230002313852,11829.0,655,9,,0.13714750006329268,10573.0,654,5,,0.34679639991372824,10197.0,758,3,
688,476,8241.0,0.8335145000601187,maximum,0.8611496000085026,8850.0,828,3,,0.08244370005559176,11473.0,675,9,,0.14422899996861815,10433.0,682,5,,0.363182200002484,10137.0,818,3,
689,479,8543.0,0.7498114999616519,maximum,0.7972187000559643,9135.0,792,3,,0.07497749989852309,11577.0,657,9,,0.14249110000673681,10283.0,642,5,,0.3335585000459105,9959.0,736,3,
690,476,8396.0,0.7681401000590995,maximum,0.8605977999977767,9340.0,872,3,,0.06898620002903044,11866.0,663,9,,0.14207770000211895,10544.0,665,5,,0.3824190000304952,9972.0,769,3,
691,483,8130.0,0.7745790000772104,maximum,0.790990800014697,8770.0,817,3,,0.07034880004357547,11300.0,642,9,,0.13847510004416108,9958.0,632,5,,0.319462800049223,9651.0,729,3,
692,467,8086.0,0.6996403000084683,maximum,0.8005241999635473,8758.0,825,3,,0.07092960004229099,11036.0,644,9,,0.15348720003385097,10026.0,640,5,,0.3304862000513822,9726.0,762,3,
693,466,7986.0,0.72523929993622,maximum,0.8237919999519363,8690.0,884,3,,0.07244170003104955,11096.0,648,9,,0.16778919997159392,9754.0,649,5,,0.3325626999139786,9330.0,734,3,
694,469,8044.0,0.7121422999771312,maximum,0.8586710999952629,8685.0,823,3,,0.06756930006667972,11044.0,651,9,,0.1443908999208361,10032.0,658,5,,0.3472772999666631,9644.0,732,3,
695,480,8325.0,0.7790088000474498,maximum,0.8293625999940559,8965.0,836,3,,0.0742519999621436,11358.0,658,9,,0.15138840000145137,10277.0,676,5,,0.3477758999215439,9829.0,746,3,
696,472,7998.0,0.7184833999490365,maximum,0.8113292999332771,8622.0,806,3,,0.07027759996708483,11062.0,652,9,,0.14587120001669973,10047.0,647,5,,0.3350036999909207,9774.0,774,3,
697,472,7853.0,0.74992019997444,maximum,0.796400900115259,8477.0,805,3,,0.06999649992212653,11311.0,656,9,,0.15510790003463626,10277.0,683,5,,0.3768380000256002,9917.0,792,3,
698,475,8746.0,0.7590666000032797,maximum,0.83591400005389,9402.0,870,3,,0.07184790004976094,12188.0,681,9,,0.14602720004040748,10762.0,684,5,,0.3366830999730155,10346.0,777,3,
699,487,7983.0,0.8362670000642538,maximum,0.8177526999497786,8607.0,797,3,,0.07129780005197972,10917.0,651,9,,0.1495796999661252,9815.0,644,5,,0.34813539998140186,9527.0,775,3,
700,468,8107.0,0.7642341000027955,maximum,0.7917902000481263,8699.0,794,3,,0.070553999976255,11019.0,649,9,,0.1502486999379471,10011.0,644,5,,0.339026500005275,9643.0,737,3,
701,484,8164.0,0.7380552999675274,maximum,0.8546891000587493,8932.0,928,3,,0.07153680000919849,11004.0,663,9,,0.15105390001554042,10180.0,679,5,,0.3788036999758333,9812.0,795,3,
702,471,7917.0,0.763141299947165,maximum,0.7912451999727637,8813.0,832,3,,0.07227570004761219,11275.0,651,9,,0.1617526999907568,9973.0,639,5,,0.357122499961406,9349.0,735,3,
703,479,8227.0,0.7415829000528902,maximum,0.8684946999419481,8899.0,832,3,,0.0694249999942258,10985.0,643,9,,0.14486140001099557,9959.0,643,5,,0.31006689998321235,9651.0,749,3,
704,490,8440.0,0.783300600014627,maximum,0.7954604000551626,9048.0,796,3,,0.07451810000929981,11554.0,655,9,,0.1460967999882996,10460.0,646,5,,0.3455910000484437,10112.0,758,3,
705,479,8866.0,0.7799760999623686,maximum,0.8677412000251934,9490.0,795,3,,0.076002600020729,12056.0,660,9,,0.14949460001662374,10778.0,654,5,,0.3546534999040887,10482.0,763,3,
706,483,8572.0,0.7626014000270516,maximum,0.7925707000540569,9164.0,815,3,,0.07434419996570796,11648.0,659,9,,0.15540269995108247,10392.0,652,5,,0.3581997000146657,10052.0,763,3,
707,469,8046.0,0.7394967000000179,maximum,0.8239960999926552,8686.0,837,3,,0.07010710006579757,10986.0,651,9,,0.14434450003318489,9934.0,643,5,,0.35270110005512834,9678.0,775,3,
708,471,8369.0,0.7249079999746755,maximum,0.8640342999715358,9009.0,847,3,,0.07972389995120466,11179.0,641,9,,0.14673599996604025,10073.0,643,5,,0.35393059998750687,9777.0,756,3,
709,482,8617.0,0.8082706000423059,maximum,0.7565922000212595,9241.0,832,3,,0.07206619996577501,11759.0,657,9,,0.15463060000911355,10481.0,659,5,,0.34832850005477667,10153.0,752,3,
710,486,8532.0,0.7383763999678195,maximum,0.8271812999155372,9204.0,857,3,,0.07427140010986477,11802.0,663,9,,0.1430899000260979,10784.0,688,5,,0.3607155999634415,10476.0,804,3,
711,479,8142.0,0.7799226000206545,maximum,0.7835294000105932,8798.0,807,3,,0.07014959992375225,11574.0,664,9,,0.1534269000403583,10118.0,666,5,,0.3789118999848142,9790.0,788,3,
712,472,8209.0,0.7607953000115231,maximum,0.8709500000113621,8897.0,856,3,,0.07193789992015809,11221.0,639,9,,0.18783890001941472,10093.0,646,5,,0.32567459996789694,9777.0,755,3,
713,486,8044.0,0.7686997000128031,maximum,0.8482978000538424,8684.0,839,3,,0.07008870004210621,11412.0,656,9,,0.14654089999385178,9940.0,659,5,,0.3546065998962149,9652.0,752,3,
714,485,8549.0,0.7945979000069201,maximum,0.7725599999539554,9477.0,881,3,,0.07700709998607635,12116.0,681,9,,0.15110379992984235,10953.0,695,5,,0.35150340001564473,10269.0,782,3,
715,484,8205.0,0.7478975000558421,maximum,0.7832201999844983,8845.0,826,3,,0.0697408999549225,11141.0,650,9,,0.1450751000083983,10097.0,659,5,,0.35783950006589293,9725.0,757,3,
716,484,7948.0,0.7717611000407487,maximum,0.8390771000413224,8604.0,851,3,,0.07255939999595284,11048.0,656,9,,0.14429040008690208,10044.0,666,5,,0.35755620000418276,9716.0,769,3,
717,462,7840.0,0.725395799963735,maximum,0.7726493000518531,8704.0,814,3,,0.06876100006047636,11400.0,645,9,,0.14486479992046952,10016.0,643,5,,0.35225009999703616,9385.0,745,3,
718,480,7656.0,0.7665742000099272,maximum,0.8060566999483854,8296.0,830,3,,0.07615030009765178,10718.0,648,9,,0.15643030009232461,9828.0,655,5,,0.34158829995431006,9464.0,775,3,
719,480,7878.0,0.7687477000290528,maximum,0.7908224000129849,8470.0,800,3,,0.06832020008005202,11028.0,656,9,,0.13593430002219975,9970.0,648,5,,0.3563307999866083,9606.0,765,3,
720,481,8233.0,0.7515630999114364,maximum,0.9076288000214845,8921.0,861,3,,0.0718500999500975,11143.0,654,9,,0.15687010006513447,10253.0,675,5,,0.36391910002566874,9873.0,754,3,
721,462,7710.0,0.7064731999998912,maximum,0.8248182000825182,8318.0,809,3,,0.06805649993475527,10550.0,641,9,,0.13948519993573427,9486.0,629,5,,0.32925409998279065,9038.0,729,3,
722,472,8305.0,0.7289170000003651,maximum,0.8108606999740005,8913.0,832,3,,0.07051059999503195,11561.0,660,9,,0.1439397999783978,10506.0,668,5,,0.381318400031887,10161.0,798,3,
723,482,8019.0,0.7556519999634475,maximum,0.82577949995175,8659.0,831,3,,0.06932179990690202,10937.0,656,9,,0.14345980004873127,9943.0,670,5,,0.3301857999758795,9667.0,778,3,
724,476,8318.0,0.7418168999720365,maximum,0.8228526999009773,9230.0,851,3,,0.07465209998190403,11932.0,679,9,,0.1561052999459207,10622.0,686,5,,0.3470638000871986,10054.0,793,3,
725,472,7804.0,0.7570951000088826,maximum,0.7808119999244809,8380.0,783,3,,0.06878129998221993,10834.0,640,9,,0.1446597999893129,9844.0,643,5,,0.33440469997003675,9500.0,771,3,
726,491,8324.0,0.913370699970983,maximum,0.8377278000116348,9028.0,880,3,,0.07787570008076727,11432.0,668,9,,0.15620720002334565,10312.0,667,5,,0.3644912999588996,9972.0,797,3,
727,481,8287.0,0.759866000036709,maximum,0.7485966000240296,8863.0,775,3,,0.07341789989732206,11375.0,643,9,,0.14261069998610765,10272.0,649,5,,0.34694900002796203,9983.0,765,3,
728,480,7968.0,0.7689225999638438,maximum,0.8108501000097021,8624.0,839,3,,0.07606759993359447,10894.0,648,9,,0.14443449990358204,10052.0,642,5,,0.33583530003670603,9720.0,736,3,
729,470,7479.0,0.7272730999393389,maximum,0.7745319999521598,8071.0,777,3,,0.06631500006187707,10349.0,635,9,,0.14965699997264892,9439.0,632,5,,0.34829370002262294,9191.0,783,3,
730,469,8133.0,0.7439542000647634,maximum,0.7982664000010118,8741.0,808,3,,0.06931089994031936,11311.0,644,9,,0.14323590009007603,10165.0,642,5,,0.36719670007005334,9853.0,760,3,
731,480,8899.0,0.7490819999948144,maximum,0.9031845000572503,9843.0,876,3,,0.07685620000120252,12599.0,682,9,,0.15039329999126494,11319.0,692,5,,0.3733075000345707,10779.0,800,3,
732,473,8158.0,0.7529548000311479,maximum,0.7728678999701515,8766.0,795,3,,0.07066919992212206,11282.0,651,9,,0.14890719996765256,9854.0,623,5,,0.334257899899967,9774.0,756,3,
733,469,7993.0,0.7442134000593796,maximum,0.7788936001015827,8633.0,820,3,,0.0702626999700442,11023.0,640,9,,0.14433159993495792,9921.0,641,5,,0.33568290004041046,9633.0,762,3,
734,478,8327.0,0.755019300035201,maximum,0.8063288999255747,9271.0,809,3,,0.07197759998962283,11981.0,672,9,,0.15007360000163317,10611.0,664,5,,0.3622215000214055,10039.0,778,3,
735,486,8185.0,0.770954400068149,maximum,0.7325425999006256,8761.0,766,3,,0.07078940002247691,11833.0,663,9,,0.1434889999218285,10017.0,647,5,,0.32799940009135753,9689.0,734,3,
736,475,7963.0,0.7355161999585107,maximum,0.8145120999542996,8571.0,804,3,,0.06993080000393093,10951.0,646,9,,0.15047820005565882,9751.0,627,5,,0.3590226999949664,9427.0,740,3,
737,482,8626.0,0.771268600015901,maximum,0.8007626000326127,9250.0,842,3,,0.0721622999990359,11758.0,677,9,,0.14712790003977716,10578.0,671,5,,0.34439410001505166,10218.0,772,3,
738,478,7973.0,0.7472639000043273,maximum,0.7778230000985786,8565.0,812,3,,0.0724763999460265,11181.0,656,9,,0.14747859991621226,9909.0,649,5,,0.34548929997254163,9629.0,777,3,
739,473,8506.0,0.7842590999789536,maximum,0.7965047000907362,9162.0,849,3,,0.07039669994264841,12036.0,667,9,,0.14075180003419518,10326.0,646,5,,0.31646660005208105,9986.0,735,3,
740,482,7865.0,0.7951437999727204,maximum,0.8261742999311537,8505.0,834,3,,0.06969240005128086,10799.0,643,9,,0.14442409994080663,9877.0,642,5,,0.33572289999574423,9553.0,760,3,
741,473,8288.0,0.7266869000159204,maximum,0.854081500088796,8912.0,838,3,,0.07250950008165091,11202.0,657,9,,0.1570899001089856,10224.0,649,5,,0.346490400028415,9896.0,764,3,
742,481,8194.0,0.7481308999704197,maximum,0.8097676000325009,8802.0,809,3,,0.07191769999917597,11308.0,643,9,,0.1518453999888152,9994.0,632,5,,0.3247154999990016,9690.0,738,3,
743,477,8140.0,0.7535268999636173,maximum,0.8461588999489322,8828.0,882,3,,0.07522070000413805,10948.0,655,9,,0.15047610003966838,10096.0,664,5,,0.36442590004298836,9708.0,759,3,
744,472,7559.0,0.7393857999704778,maximum,0.7813603000249714,8215.0,799,3,,0.06518849998246878,10551.0,621,9,,0.15243220003321767,9347.0,617,5,,0.3236293999943882,9023.0,732,3,
745,476,8637.0,0.7452319000149146,maximum,0.7996646999381483,9277.0,829,3,,0.07646499993279576,11861.0,668,9,,0.1504723000107333,10453.0,658,5,,0.3574825000250712,10070.0,752,3,
746,467,7499.0,0.7492501999950036,maximum,0.8175242999568582,8187.0,885,3,,0.07222270010970533,10391.0,650,9,,0.14875089994166046,9579.0,664,5,,0.32857090001925826,9123.0,759,3,
747,478,8066.0,0.7858622999629006,maximum,0.7844114999752492,8706.0,833,3,,0.0694292999105528,11052.0,649,9,,0.1399684000061825,10350.0,668,5,,0.33894569997210056,9946.0,793,3,
748,476,7834.0,0.7260799000505358,maximum,0.7823600999545306,8458.0,807,3,,0.06647720001637936,10838.0,637,9,,0.14551109995227307,9682.0,642,5,,0.34439690003637224,9363.0,751,3,
749,482,7806.0,0.772378999972716,maximum,0.7702657000627369,8382.0,766,3,,0.07256790006067604,10634.0,643,9,,0.14949870004784316,9990.0,651,5,,0.35104300000239164,9446.0,736,3,
750,484,8498.0,0.755856900010258,maximum,0.8375606999034062,9170.0,848,3,,0.07494650001171976,11710.0,675,9,,0.15574989991728216,10330.0,660,5,,0.35693840007297695,10050.0,753,3,
751,481,8430.0,0.7612981999991462,maximum,0.8083545999834314,9086.0,844,3,,0.06952569994609803,11694.0,666,9,,0.13799059996381402,10382.0,661,5,,0.34744199994020164,9990.0,747,3,
752,476,8313.0,0.7288316000485793,maximum,0.7998768000397831,8937.0,818,3,,0.07469559996388853,11353.0,649,9,,0.14771419996395707,10169.0,643,5,,0.37042069993913174,9753.0,746,3,
753,493,8165.0,0.8118561999872327,maximum,0.7509633000008762,8773.0,792,3,,0.076548199984245,11275.0,662,9,,0.1417852999875322,10313.0,651,5,,0.3579491999698803,9925.0,762,3,
754,477,7978.0,0.7652343999361619,maximum,0.7851055000210181,8874.0,849,3,,0.07107330008875579,11192.0,662,9,,0.14570739993359894,10066.0,673,5,,0.3634374999674037,9514.0,775,3,
755,482,8254.0,0.7406409999821335,maximum,0.7812565000494942,9054.0,816,3,,0.07210960006341338,11486.0,669,9,,0.1530191000783816,10290.0,669,5,,0.36223500000778586,9958.0,782,3,
756,481,8155.0,0.7693917999276891,maximum,0.7845513999927789,8779.0,792,3,,0.06926579994615167,11299.0,650,9,,0.13894580001942813,10167.0,658,5,,0.3435866000363603,9764.0,762,3,
757,486,8222.0,0.7533754999749362,maximum,0.7787300000200048,8814.0,788,3,,0.07499710004776716,11440.0,652,9,,0.14330460003111511,10154.0,646,5,,0.3650109999580309,9814.0,753,3,
758,481,8382.0,0.7734034999739379,maximum,0.7367205999325961,8990.0,809,3,,0.07269980001728982,11706.0,648,9,,0.1507321000099182,10482.0,649,5,,0.36991310003213584,10142.0,766,3,
759,473,8424.0,0.7454992999555543,maximum,0.7692748000845313,9096.0,854,3,,0.07754920003935695,11710.0,684,9,,0.14980300003662705,10456.0,679,5,,0.37180970003828406,10104.0,806,3,
760,480,8421.0,0.7680935999378562,maximum,0.846611600019969,9333.0,846,3,,0.07406399992760271,12085.0,671,9,,0.14238690002821386,10685.0,672,5,,0.3587440000846982,10157.0,774,3,
761,489,8302.0,0.7940684999339283,maximum,0.8094729000004008,8958.0,828,3,,0.08749719988554716,11452.0,652,9,,0.15663930005393922,10294.0,665,5,,0.3423657000530511,9854.0,757,3,
762,481,8433.0,0.7702172000426799,maximum,0.8045767000876367,9073.0,831,3,,0.07783149997703731,11351.0,644,9,,0.14807640004437417,10393.0,660,5,,0.4550955999875441,10081.0,761,3,
763,485,8175.0,0.7625504999887198,maximum,0.8888312999624759,8959.0,912,3,,0.07282689993735403,11561.0,647,9,,0.14772430004086345,10399.0,687,5,,0.357100100023672,9703.0,754,3,
764,480,7651.0,0.7265514000318944,maximum,0.8454010999994352,8035.0,831,2,,0.06831390003208071,10449.0,646,8,,0.1532998998882249,9315.0,651,4,,0.3489074999233708,9251.0,757,3,
765,486,8303.0,0.7785199999343604,maximum,0.8216072999639437,8943.0,839,3,,0.07308870006818324,11325.0,647,9,,0.1410014999564737,10131.0,645,5,,0.3083436000160873,9695.0,735,3,
766,488,8907.0,0.7745844000019133,maximum,0.8769898000173271,9883.0,900,3,,0.07320260000415146,12473.0,680,9,,0.14672499999869615,11403.0,690,5,,0.3601548000006005,10787.0,804,3,
767,476,7925.0,0.7672741999849677,maximum,0.8211680999957025,8581.0,850,3,,0.0719503000145778,11037.0,652,9,,0.15321669995319098,9769.0,639,5,,0.3296386000001803,9469.0,771,3,
768,472,8400.0,0.7414448000490665,maximum,0.8378168999915943,9360.0,880,3,,0.06925659999251366,11968.0,667,9,,0.13586279994342476,10472.0,643,5,,0.3236230000620708,9920.0,755,3,
769,478,8337.0,0.7370726999361068,maximum,0.8348412999184802,8993.0,860,3,,0.07340660004410893,11583.0,645,9,,0.1508491999702528,10261.0,644,5,,0.38496000005397946,9977.0,773,3,
770,471,8191.0,0.797794200014323,maximum,0.7564653001027182,8815.0,822,3,,0.0751151000149548,11387.0,658,9,,0.1430307999253273,10411.0,668,5,,0.3388977999566123,9991.0,759,3,
771,473,8303.0,0.7187286999542266,maximum,0.7685398999601603,8943.0,819,3,,0.0704877000534907,11321.0,648,9,,0.1389831000706181,10151.0,641,5,,0.33090880000963807,9767.0,726,3,
772,477,8255.0,0.7679825000232086,maximum,0.8476929999887943,9391.0,889,3,,0.07078319997526705,11753.0,666,9,,0.15862939995713532,10552.0,695,5,,0.3605019999668002,9911.0,785,3,
773,472,7821.0,0.7291760999942198,maximum,0.7891155000543222,8477.0,841,3,,0.07020910002756864,10977.0,653,9,,0.15184149995911866,9857.0,661,5,,0.33790609997231513,9517.0,759,3,
774,476,8507.0,0.7657138999784365,maximum,0.76113780005835,9115.0,802,3,,0.07123530004173517,11623.0,664,9,,0.13835530006326735,10563.0,655,5,,0.3199189000297338,10283.0,810,3,
775,472,8319.0,0.7462672999827191,maximum,0.845834800042212,9007.0,881,3,,0.07137089991010725,11163.0,651,9,,0.15095390006899834,10151.0,643,5,,0.35796299995854497,9847.0,738,3,
776,468,8022.0,0.7075229999609292,maximum,0.7638347999891266,8678.0,848,3,,0.06906710006296635,11196.0,652,9,,0.1549234000267461,10018.0,671,5,,0.3434373000636697,9622.0,766,3,
777,485,8376.0,0.7833398999646306,maximum,0.7574642000254244,9256.0,828,3,,0.07408809999469668,11568.0,651,9,,0.14425090001896024,10772.0,660,5,,0.33663320005871356,10240.0,786,3,
778,470,8023.0,0.7146759999450296,maximum,0.8326420000521466,8679.0,847,3,,0.0765061000129208,11107.0,651,9,,0.14842949993908405,9887.0,644,5,,0.3634831999661401,9599.0,765,3,
779,474,8192.0,0.7663482000352815,maximum,0.7817646999610588,8848.0,832,3,,0.07171779999043792,11530.0,671,9,,0.15671220002695918,10112.0,662,5,,0.3286272999830544,9752.0,759,3,
780,480,7792.0,0.7293535000644624,maximum,0.7932379000121728,8432.0,812,3,,0.07417250005528331,11008.0,655,9,,0.15062790003139526,9848.0,648,5,,0.317856999929063,9481.0,748,3,
781,467,8246.0,0.7437827000394464,maximum,0.8178735999390483,8918.0,819,3,,0.07777560001704842,11312.0,659,9,,0.16172590001951903,10098.0,656,5,,0.33434619999025017,9766.0,744,3,
782,486,8377.0,0.7881734999828041,maximum,0.8226837000111118,9017.0,849,3,,0.07240800000727177,11403.0,673,9,,0.14885250001680106,10301.0,671,5,,0.33323910005856305,9937.0,753,3,
783,468,7894.0,0.7116388999857008,maximum,0.8049584999680519,8534.0,819,3,,0.07330139994155616,11062.0,649,9,,0.154259099974297,9754.0,658,5,,0.3506012000143528,9422.0,748,3,
784,466,8105.0,0.7336589000187814,maximum,0.7823367000091821,8697.0,789,3,,0.06800540001131594,11209.0,634,9,,0.14675469999201596,9989.0,634,5,,0.33158380002714694,9697.0,733,3,
785,472,7758.0,0.7264206000836566,maximum,0.8497435000026599,8446.0,861,3,,0.06926320004276931,10756.0,651,9,,0.15169049997348338,9758.0,667,5,,0.359592100023292,9366.0,747,3,
786,467,7689.0,0.7360918000340462,maximum,0.8137622000649571,8361.0,842,3,,0.06805609993170947,10408.0,621,9,,0.14956089993938804,9609.0,646,5,,0.3319438999751583,9257.0,736,3,
787,477,8510.0,0.7320805999916047,maximum,0.8175352000398561,9214.0,873,3,,0.07387419999577105,11436.0,656,9,,0.1469370999839157,10486.0,666,5,,0.36104689992498606,10134.0,758,3,
788,475,7900.0,0.7704355000751093,maximum,0.8155440000118688,8508.0,825,3,,0.07139749999623746,10972.0,657,9,,0.1462541000219062,10200.0,665,5,,0.3241942999884486,9932.0,787,3,
789,466,7810.0,0.7271918000187725,maximum,0.8757662000134587,8530.0,895,3,,0.06927249999716878,10904.0,632,9,,0.13889770000241697,9838.0,668,5,,0.33847409998998046,9434.0,777,3,
790,475,8269.0,0.7306938000256196,maximum,0.8359740000450984,8877.0,815,3,,0.07205930002965033,11489.0,655,9,,0.1584953999845311,10352.0,664,5,,0.3944455999881029,10109.0,811,3,
791,484,8530.0,0.8038305999943987,maximum,0.7956589000532404,9186.0,811,3,,0.07177079992834479,11652.0,663,9,,0.15586810000240803,10462.0,668,5,,0.3688907999312505,10146.0,775,3,
792,484,8544.0,0.7770162000088021,maximum,0.8390242999885231,9152.0,827,3,,0.07883590005803853,11632.0,665,9,,0.15445390006061643,10516.0,667,5,,0.3784178000641987,10192.0,778,3,
793,478,8108.0,0.777765000006184,maximum,0.827424000017345,8780.0,853,3,,0.07130229996982962,11122.0,663,9,,0.1628103000111878,10032.0,665,5,,0.34420970000792295,9708.0,773,3,
794,485,8424.0,0.7690209000138566,maximum,0.8357330000726506,9032.0,824,3,,0.06808100000489503,11638.0,654,9,,0.14763799996580929,10316.0,645,5,,0.3288886999944225,10000.0,759,3,
795,477,8634.0,0.7265895999735221,maximum,0.7919711000286043,9290.0,845,3,,0.07582889997866005,11530.0,669,9,,0.140238199965097,10534.0,661,5,,0.32055860001128167,10146.0,748,3,
796,477,8228.0,0.7609027000144124,maximum,0.8074670999776572,8852.0,799,3,,0.07044129993300885,11514.0,661,9,,0.14481239998713136,10036.0,647,5,,0.37059060006868094,9676.0,753,3,
797,484,8059.0,0.7474877000786364,maximum,0.8054759000660852,8731.0,851,3,,0.06765430001541972,10967.0,656,9,,0.14166059996932745,10103.0,660,5,,0.3757842000341043,9699.0,753,3,
798,481,8025.0,0.760019600042142,maximum,0.7468343001091853,8665.0,833,3,,0.07065020001027733,10889.0,648,9,,0.15149309998378158,10017.0,661,5,,0.3424750999547541,9601.0,768,3,
799,477,7965.0,0.7492588000604883,maximum,0.8699606999289244,8621.0,807,3,,0.07322580006439239,10873.0,656,9,,0.15782279998529702,9941.0,660,5,,0.3744209000142291,9565.0,765,3,
800,484,8338.0,0.7835757000138983,maximum,0.771616299985908,8962.0,846,3,,0.07365189993288368,11298.0,660,9,,0.15304680005647242,10466.0,673,5,,0.36440170009154826,10162.0,796,3,
801,476,8496.0,0.7774550999747589,maximum,0.8795725000090897,9456.0,876,3,,0.07191089994739741,12281.0,667,9,,0.14829669997561723,10912.0,676,5,,0.37590039998758584,10592.0,796,3,
802,479,7993.0,0.7893450999399647,maximum,0.7561736999778077,8601.0,830,3,,0.07629830006044358,10845.0,646,9,,0.14145779993850738,9789.0,641,5,,0.3677235000068322,9465.0,777,3,
803,481,8354.0,0.7614747000625357,maximum,0.8145261000609025,9010.0,859,3,,0.07101790001615882,11596.0,667,9,,0.15186999994330108,10506.0,678,5,,0.3708501000655815,10186.0,786,3,
804,474,7909.0,0.7322614999720827,maximum,0.8193827000213787,8581.0,833,3,,0.07072819990571588,11007.0,656,9,,0.14712480001617223,9953.0,655,5,,0.3659357000142336,9893.0,800,3,
805,474,8220.0,0.7511637000134215,maximum,0.7997016999870539,9196.0,831,3,,0.07107689999975264,11384.0,653,9,,0.15403279999736696,10224.0,645,5,,0.3556940999114886,9620.0,736,3,
806,473,8576.0,0.7282400000840425,maximum,0.7927725000772625,9152.0,797,3,,0.07277079997584224,11536.0,668,9,,0.14602930005639791,10288.0,651,5,,0.35845360008534044,9952.0,748,3,
807,480,8394.0,0.7561051999218762,maximum,0.817503499914892,9306.0,845,3,,0.07454870000947267,11432.0,662,9,,0.15177779993973672,10498.0,658,5,,0.3565202000318095,9882.0,752,3,
808,468,7615.0,0.7437485000118613,maximum,0.8730962000554428,8271.0,844,3,,0.07191299996338785,10443.0,648,9,,0.1630830999929458,9567.0,649,5,,0.3360121001023799,9223.0,737,3,
809,475,8138.0,0.7170428999233991,maximum,0.8377371999667957,9115.0,842,3,,0.07380989997182041,11547.0,656,9,,0.14757919998373836,10182.0,647,5,,0.3667527000652626,9586.0,762,3,
810,477,7970.0,0.7564990000100806,maximum,0.8835445999866351,8930.0,864,3,,0.07573759998194873,11204.0,661,9,,0.15096120000816882,10330.0,685,5,,0.3702508999267593,9706.0,795,3,
811,481,8562.0,0.7553299000719562,maximum,0.8323969000484794,9538.0,907,3,,0.07008800003677607,11990.0,681,9,,0.15997040004003793,10742.0,683,5,,0.39785179996397346,10130.0,788,3,
812,480,8100.0,0.7615373999578878,maximum,0.8844791000010446,8772.0,868,3,,0.07324960001278669,11308.0,652,9,,0.1529978000326082,10104.0,656,5,,0.3287698000203818,9700.0,734,3,
813,471,7569.0,0.7092188999522477,maximum,0.7480726999929175,8177.0,793,3,,0.07243240007665008,10585.0,633,9,,0.1384340999647975,9805.0,643,5,,0.35539979999884963,9457.0,757,3,
814,475,8732.0,0.7725130000617355,maximum,0.8265026999870315,9372.0,860,3,,0.07635929994285107,11788.0,667,9,,0.16667409997899085,10704.0,672,5,,0.3410017000278458,10372.0,769,3,
815,481,8537.0,0.7585258999606594,maximum,0.777481900062412,9145.0,800,3,,0.07764100003987551,11767.0,649,9,,0.14363780000712723,10443.0,638,5,,0.3290367000736296,10113.0,742,3,
816,481,8064.0,0.740397599991411,maximum,0.7893572000321001,8752.0,865,3,,0.07153640000615269,11252.0,657,9,,0.1511614000191912,10280.0,679,5,,0.37335170002188534,9912.0,792,3,
817,491,8004.0,0.8287921999581158,maximum,0.7870752000017092,8852.0,790,3,,0.07450270000845194,11150.0,652,9,,0.1563103999942541,10012.0,658,5,,0.32438680005725473,9524.0,736,3,
818,466,7920.0,0.7094410000136122,maximum,0.8260318000102416,8544.0,797,3,,0.06871590006630868,10946.0,644,9,,0.14831780001986772,10100.0,656,5,,0.3731589999515563,9776.0,772,3,
819,468,8132.0,0.7537237000651658,maximum,0.8215597000671551,8788.0,819,3,,0.076863499940373,11586.0,657,9,,0.16127240005880594,10235.0,664,5,,0.387645399896428,9940.0,776,3,
820,478,8077.0,0.7423546999925748,maximum,0.7628543999744579,8733.0,847,3,,0.07306500000413507,11005.0,651,9,,0.14937650004867464,10029.0,658,5,,0.3447765000164509,9694.0,773,3,
821,473,8023.0,0.7370893999468535,maximum,0.8062639000127092,8663.0,807,3,,0.06888269993942231,11307.0,662,9,,0.14511139993555844,9907.0,642,5,,0.3715225999476388,9567.0,772,3,
822,476,7966.0,0.7712481999769807,maximum,0.8093997000250965,8334.0,806,2,,0.07711149996612221,10878.0,663,8,,0.15881380008067936,9726.0,663,4,,0.3317386000417173,9562.0,747,3,
823,485,8523.0,0.7504625000292435,maximum,0.7281542000127956,9179.0,828,3,,0.07331130001693964,11925.0,666,9,,0.14166010008193552,10507.0,673,5,,0.3595461000222713,10171.0,785,3,
824,481,8844.0,0.7672681000549346,maximum,0.822444700053893,9900.0,812,3,,0.07470150000881404,12588.0,682,9,,0.15234699996653944,11100.0,663,5,,0.3794458999764174,10524.0,773,3,
825,474,8156.0,0.7344275000505149,maximum,0.9457046999596059,8828.0,850,3,,0.0760084999492392,11302.0,665,9,,0.16251120006199926,10185.0,657,5,,0.34830999991390854,9860.0,773,3,
826,471,8303.0,0.7615811000578105,maximum,0.7765540999826044,8927.0,791,3,,0.07383250002749264,11389.0,645,9,,0.15582750004250556,10640.0,660,5,,0.3614482000702992,10287.0,765,3,
827,485,7991.0,0.7562358001014218,maximum,0.7939620999386534,8663.0,849,3,,0.06834260001778603,10671.0,653,9,,0.1417015999322757,9907.0,656,5,,0.34361650003120303,9591.0,758,3,
828,477,8096.0,0.7635154000017792,maximum,0.839612300042063,8752.0,840,3,,0.08160430006682873,10832.0,643,9,,0.1470922000007704,9912.0,641,5,,0.3561165001010522,9680.0,756,3,
829,487,8363.0,0.7848129000049084,maximum,0.8112233000574633,9115.0,888,3,,0.071802300051786,11693.0,670,9,,0.1547728000441566,10407.0,670,5,,0.3587656000163406,10083.0,792,3,
830,478,8294.0,0.7184335000347346,maximum,0.8187078000046313,8886.0,807,3,,0.06983990001026541,11462.0,666,9,,0.145301999989897,10262.0,665,5,,0.35780420002993196,9920.0,769,3,
831,479,8353.0,0.7657138999784365,maximum,0.750627200002782,8945.0,807,3,,0.07551380002405494,11587.0,651,9,,0.15234929998405278,10381.0,652,5,,0.3463789999950677,10025.0,747,3,
832,474,7920.0,0.7251260000048205,maximum,0.8457338000880554,8832.0,865,3,,0.07122949999757111,11230.0,655,9,,0.14546839997638017,10208.0,673,5,,0.3501645000651479,9608.0,769,3,
833,485,8300.0,0.7815790000604466,maximum,0.8039524999912828,9068.0,805,3,,0.07408049993682653,11114.0,655,9,,0.15443850005976856,10060.0,657,5,,0.339263099944219,9733.0,733,3,
834,476,8063.0,0.7247986999573186,maximum,0.8094149999087676,8703.0,800,3,,0.06867320009041578,11059.0,659,9,,0.14786620007362217,9879.0,654,5,,0.34261439996771514,9567.0,754,3,
835,470,7959.0,0.7371091999812052,maximum,0.8160276999697089,8631.0,832,3,,0.06821109994780272,10941.0,630,9,,0.13351089996285737,9737.0,637,5,,0.33762639993801713,9375.0,727,3,
836,481,8816.0,0.7773002999601886,maximum,0.8841030000476167,9520.0,925,3,,0.0757930000545457,12008.0,689,9,,0.15594130009412766,10908.0,701,5,,0.3885918000014499,10552.0,812,3,
837,477,8183.0,0.7400443999795243,maximum,0.8579701000126079,8887.0,861,3,,0.07366300001740456,11695.0,670,9,,0.1497337999753654,10347.0,682,5,,0.3691914000082761,10007.0,821,3,
838,475,7712.0,0.7372451999690384,maximum,0.7425426000263542,8305.0,767,3,,0.06540169997606426,10834.0,639,9,,0.15585089998785406,9780.0,657,5,,0.32848899997770786,9416.0,760,3,
839,461,7971.0,0.8087672999827191,maximum,0.8335048999870196,8675.0,872,3,,0.08158829994499683,11157.0,652,9,,0.15175179997459054,9963.0,655,5,,0.37043739994987845,9603.0,761,3,
840,474,7936.0,0.7842907999875024,maximum,0.80151040002238,8512.0,776,3,,0.08035220007877797,11014.0,649,9,,0.16315839998424053,9652.0,626,5,,0.3559954999946058,9328.0,728,3,
841,480,8242.0,0.7541866000974551,maximum,0.8825309999519959,8914.0,864,3,,0.08272810000926256,11080.0,669,9,,0.1699247999349609,10102.0,660,5,,0.34429469995666295,9746.0,766,3,
842,479,7707.0,0.8030700000235811,maximum,0.8752207999350503,8347.0,793,3,,0.0737185999751091,10707.0,656,9,,0.14611390000209212,9391.0,637,5,,0.3517884999746457,9115.0,728,3,
843,478,8161.0,0.7755093000596389,maximum,0.8514355000806972,8817.0,853,3,,0.07827100006397814,10935.0,677,9,,0.1587749000173062,10348.0,697,5,,0.3659593000775203,10041.0,797,3,
844,460,8315.0,0.752839200082235,maximum,0.7724695999640971,8907.0,784,3,,0.07520590000785887,11339.0,652,9,,0.1495603999355808,10419.0,654,5,,0.3469106999691576,10027.0,753,3,
845,477,7972.0,0.766576400026679,maximum,0.8280172999948263,8932.0,899,3,,0.07137290004175156,11402.0,673,9,,0.15229659993201494,10284.0,675,5,,0.36280439991969615,9764.0,824,3,
846,481,8099.0,0.737208400038071,maximum,0.8227016000309959,8771.0,868,3,,0.07526569999754429,11345.0,669,9,,0.1576645999448374,10343.0,670,5,,0.34931900002993643,9995.0,777,3,
847,480,8061.0,0.7498119999654591,maximum,0.7865443000337109,8749.0,896,3,,0.07201450003776699,10923.0,652,9,,0.15292310004588217,10049.0,676,5,,0.35214729991275817,9693.0,755,3,
848,471,7993.0,0.7531322001013905,maximum,0.8041176999686286,8601.0,805,3,,0.09197119995951653,10653.0,628,9,,0.15773789992090315,9913.0,643,5,,0.3477732000174001,9617.0,747,3,
849,471,7856.0,0.6995096999453381,maximum,0.7609463999979198,8512.0,833,3,,0.06550979998428375,11278.0,648,9,,0.1488113000523299,9879.0,653,5,,0.3402675000252202,9472.0,780,3,
850,481,8367.0,0.7767994999885559,maximum,0.8093517000088468,9007.0,846,3,,0.07253419992048293,11961.0,674,9,,0.1503044000128284,10419.0,675,5,,0.361464099958539,10087.0,781,3,
851,472,7898.0,0.7426999000599608,maximum,0.8385615000734106,8522.0,841,3,,0.07438150001689792,10818.0,647,9,,0.14907480007968843,9850.0,654,5,,0.3519038000376895,9570.0,759,3,
852,473,8316.0,0.7380134999984875,maximum,0.8343774999957532,8972.0,856,3,,0.07031779992394149,11624.0,663,9,,0.15358639997430146,10440.0,674,5,,0.34171429998241365,9876.0,781,3,
853,478,8050.0,0.7188972999574617,maximum,0.8151561999693513,8706.0,835,3,,0.07024289993569255,11190.0,660,9,,0.15635880001354963,10142.0,663,5,,0.37822369998320937,9738.0,789,3,
854,475,8013.0,0.7434688999783248,maximum,0.8320980999851599,8685.0,840,3,,0.0735586000373587,10971.0,644,9,,0.15191869996488094,9953.0,643,5,,0.3561788001097739,9709.0,776,3,
855,474,8100.0,0.750225399970077,maximum,0.8009829999646172,8740.0,842,3,,0.06974659999832511,11540.0,671,9,,0.1483138999901712,9940.0,654,5,,0.39430219994392246,9612.0,779,3,
856,478,7999.0,0.7125236999709159,maximum,0.7719452999299392,8639.0,803,3,,0.0702813999960199,10811.0,640,9,,0.14396100002340972,9927.0,649,5,,0.33682979992590845,9599.0,753,3,
857,471,8019.0,0.7225573000032455,maximum,0.8479831999866292,8931.0,833,3,,0.07328180002514273,11195.0,668,9,,0.14136609993875027,10243.0,664,5,,0.32879489997867495,9675.0,759,3,
858,491,8728.0,0.7419277000008151,maximum,0.8084892000770196,9368.0,845,3,,0.07352969993371516,11722.0,653,9,,0.14652800001204014,10672.0,656,5,,0.3690540000097826,10320.0,752,3,
859,465,7963.0,0.7299205000745133,maximum,0.7557721000630409,8604.0,817,3,,0.07035469997208565,10889.0,633,9,,0.14266400004271418,9719.0,624,5,,0.34859170007985085,9371.0,731,3,
860,482,8264.0,0.7640343999955803,maximum,0.8102804999798536,8904.0,833,3,,0.07110080006532371,11622.0,660,9,,0.15560080006252974,10316.0,662,5,,0.35454919992480427,9960.0,776,3,
861,469,8213.0,0.7246619999641553,maximum,0.7444443999556825,8806.0,794,3,,0.06882049993146211,11063.0,650,9,,0.14873860008083284,9966.0,648,5,,0.3172298000426963,9605.0,726,3,
862,477,8229.0,0.7410292000276968,maximum,0.790080500068143,8869.0,806,3,,0.07200469996314496,11309.0,661,9,,0.15838769997935742,9977.0,652,5,,0.3584836999652907,9677.0,751,3,
863,473,7811.0,0.7012641000328586,maximum,0.7710458000656217,8419.0,798,3,,0.07002960005775094,11034.0,654,9,,0.14555210003163666,9911.0,649,5,,0.3465261000674218,9651.0,784,3,
864,460,7765.0,0.6935773999430239,maximum,0.799295200034976,8437.0,841,3,,0.06975160003639758,10737.0,643,9,,0.1425230000168085,9737.0,637,5,,0.3563109999522567,9421.0,771,3,
865,470,8029.0,0.7109844000078738,maximum,0.8628818999277428,8685.0,821,3,,0.06874610006343573,11255.0,657,9,,0.14040370006114244,10105.0,658,5,,0.38207269995473325,9717.0,765,3,
866,477,7370.0,0.7672581999795511,maximum,0.7721957999747247,7978.0,786,3,,0.06779639993328601,10266.0,634,9,,0.14630080002825707,9182.0,647,5,,0.32475499995052814,8962.0,757,3,
867,474,7848.0,0.7822412999812514,maximum,0.7738778000930324,8472.0,812,3,,0.06968309998046607,11236.0,652,9,,0.13920800003688782,9808.0,641,5,,0.3569696999620646,9432.0,747,3,
868,478,7456.0,0.7522021000040695,maximum,0.8560149000259116,8176.0,873,3,,0.0695374000351876,10214.0,636,9,,0.16229100001510233,9392.0,648,5,,0.306828000000678,9048.0,737,3,
869,463,7906.0,0.7300863999407738,maximum,0.7792358000297099,8546.0,783,3,,0.06902789999730885,11096.0,651,9,,0.15468729997519404,9758.0,650,5,,0.37063720007427037,9371.0,736,3,
870,476,8199.0,0.7144893000368029,maximum,0.7920732001075521,8887.0,848,3,,0.07385279994923621,11643.0,668,9,,0.14646910002920777,10459.0,666,5,,0.35593219997826964,10159.0,804,3,
871,468,7656.0,0.7328977000433952,maximum,0.8365553000476211,8312.0,828,3,,0.06814909994136542,10710.0,648,9,,0.16055909998249263,9591.0,660,5,,0.3517786000156775,9280.0,759,3,
872,473,8236.0,0.7099289000034332,maximum,0.7632674999767914,8844.0,819,3,,0.07017700001597404,11358.0,658,9,,0.13801320001948625,10056.0,648,5,,0.3447668000590056,9732.0,776,3,
873,477,7994.0,0.7446071000304073,maximum,0.8466634999495,8634.0,816,3,,0.0687903999350965,11058.0,649,9,,0.15459649998228997,9770.0,645,5,,0.3317883999552578,9530.0,753,3,
874,463,7823.0,0.6912045999197289,maximum,0.7521768000442535,8447.0,794,3,,0.06652089999988675,10705.0,642,9,,0.13640279998071492,9719.0,632,5,,0.3464635999407619,9415.0,768,3,
875,474,7988.0,0.7322603999637067,maximum,0.794867500080727,8612.0,807,3,,0.06747929996345192,10940.0,650,9,,0.1471924000652507,9984.0,656,5,,0.3494178999681026,9660.0,755,3,
876,484,8213.0,0.7540268000448123,maximum,0.7305869999108836,8821.0,795,3,,0.07273620006162673,11421.0,652,9,,0.14831850002519786,10185.0,656,5,,0.3527575000189245,9846.0,770,3,
877,486,8118.0,0.7781185999047011,maximum,0.8454908999847248,8726.0,834,3,,0.07293600006960332,11344.0,652,9,,0.14975320000667125,9962.0,648,5,,0.3154584000585601,9638.0,775,3,
878,467,7697.0,0.7420539999147877,maximum,0.9247561999363825,8401.0,859,3,,0.07162419997621328,10719.0,643,9,,0.1601051000179723,9885.0,665,5,,0.3564980999799445,9585.0,790,3,
879,468,7839.0,0.6747097000479698,maximum,0.9341261000372469,8463.0,843,3,,0.07319720007944852,10917.0,654,9,,0.17595259996596724,9947.0,664,5,,0.42181109997909516,9647.0,800,3,
880,469,8287.0,0.7463317000074312,maximum,0.7887203999562189,9039.0,841,3,,0.06773870007600635,11511.0,658,9,,0.15044250001665205,10227.0,659,5,,0.3938579000532627,9815.0,749,3,
881,482,7912.0,0.7214966000756249,maximum,0.6732329999795184,8536.0,817,3,,0.07232759997714311,11118.0,655,9,,0.14267029997427016,10064.0,661,5,,0.3116631000302732,9560.0,735,3,
882,460,7970.0,0.654004400013946,maximum,0.6792024000314996,8578.0,799,3,,0.06413700000848621,10952.0,650,9,,0.1346596999792382,10158.0,660,5,,0.33106859994586557,9923.0,771,3,
883,474,7891.0,0.6575063000200316,maximum,0.7828293000347912,8516.0,829,3,,0.06666620005853474,10837.0,654,9,,0.14433320006355643,9675.0,636,5,,0.31374030001461506,9523.0,777,3,
884,468,8276.0,0.7128301000921056,maximum,0.7993542000185698,8932.0,819,3,,0.06812479998916388,11398.0,661,9,,0.13790650002192706,10368.0,657,5,,0.35316769999917597,10084.0,754,3,
885,475,8130.0,0.7124737000558525,maximum,0.7767713000066578,8738.0,810,3,,0.07758779998403043,11014.0,650,9,,0.15128120000008494,10194.0,657,5,,0.375121199991554,9906.0,783,3,
886,471,8147.0,0.7025683999527246,maximum,0.7950667999684811,9027.0,844,3,,0.07333429995924234,11299.0,656,9,,0.1550616999156773,10339.0,660,5,,0.33468620001804084,9739.0,745,3,
887,481,8635.0,0.7427147999405861,maximum,0.787357300054282,9563.0,829,3,,0.07187609991524369,12107.0,657,9,,0.13727680000010878,10967.0,657,5,,0.41014809999614954,10499.0,762,3,
888,467,7970.0,0.6994378999806941,maximum,0.86438420007471,9026.0,837,3,,0.07145279995165765,11402.0,651,9,,0.15638469997793436,10202.0,656,5,,0.3752911000046879,9930.0,776,3,
889,475,8176.0,0.8253726999973878,maximum,0.7422680000308901,8768.0,797,3,,0.07944939995650202,11320.0,663,9,,0.15470519999507815,10164.0,655,5,,0.3777350999880582,9808.0,773,3,
890,480,7734.0,0.6869192000012845,maximum,0.7686387000139803,8374.0,815,3,,0.06929040001705289,10880.0,654,9,,0.14124480006285012,9562.0,641,5,,0.36582850001286715,9206.0,756,3,
891,475,8478.0,0.7421190000604838,maximum,0.7171617000130937,9118.0,831,3,,0.06576549995224923,11626.0,663,9,,0.13285629998426884,10574.0,663,5,,0.3496793999802321,10166.0,771,3,
892,470,7841.0,0.6728723999112844,maximum,0.7340437000384554,8545.0,868,3,,0.05980009993072599,11173.0,666,9,,0.13105119997635484,9850.0,653,5,,0.28615940001327544,9505.0,782,3,
893,492,8684.0,0.667525399941951,maximum,0.6826712000183761,9388.0,821,3,,0.06385040003806353,11826.0,660,9,,0.12958199996501207,10636.0,669,5,,0.2994374999543652,10316.0,780,3,
894,479,8156.0,0.6845282000722364,maximum,0.6985240000067279,8780.0,798,3,,0.06190589990001172,11238.0,659,9,,0.14384010003414005,10140.0,661,5,,0.29510660003870726,9820.0,769,3,
895,482,8183.0,0.6703289999859408,maximum,0.7783328000223264,9111.0,859,3,,0.06531600002199411,11715.0,651,9,,0.1432428000262007,10439.0,663,5,,0.3293509999057278,9936.0,763,3,
896,470,8283.0,0.668326299986802,maximum,0.7332005000207573,8923.0,827,3,,0.06417100003454834,11403.0,665,9,,0.12429059995338321,10219.0,661,5,,0.30412979994434863,9811.0,781,3,
897,467,8214.0,0.7171697000740096,maximum,0.7538131000474095,8822.0,801,3,,0.07203289994504303,11324.0,654,9,,0.1438647999893874,10246.0,649,5,,0.31473920005373657,9862.0,764,3,
898,475,8104.0,0.6796894000144675,maximum,0.7173572999890894,8760.0,812,3,,0.06993340002372861,11244.0,657,9,,0.1354014000389725,10096.0,665,5,,0.30310109991114587,9784.0,756,3,
899,475,7921.0,0.7157226999988779,maximum,0.7770185000263155,8529.0,801,3,,0.06901289999950677,10851.0,647,9,,0.15557579998858273,9801.0,654,5,,0.355320299975574,9425.0,741,3,
900,469,7698.0,0.7928968999767676,maximum,0.8237288000527769,8371.0,822,3,,0.07812880002893507,10756.0,651,9,,0.14830790006089956,9750.0,653,5,,0.3360568000935018,9386.0,746,3,
901,478,8175.0,0.7696394000668079,maximum,0.8044507999438792,9055.0,825,3,,0.07290789997205138,11811.0,654,9,,0.14665310003329068,10427.0,647,5,,0.3343714999500662,9783.0,751,3,
902,484,8986.0,0.7180730000836775,maximum,0.7687573999864981,9562.0,816,3,,0.0734764999942854,12196.0,686,9,,0.14844859996810555,10890.0,677,5,,0.37211990007199347,10570.0,807,3,
903,463,7548.0,0.7301215999759734,maximum,0.7661967999301851,8189.0,824,3,,0.07225630001630634,10401.0,631,9,,0.13254909997340292,9432.0,640,5,,0.30678809992969036,9077.0,722,3,
904,476,8154.0,0.6997600999893621,maximum,0.8457342999754474,8810.0,845,3,,0.07195289991796017,11482.0,663,9,,0.15056750003714114,10030.0,656,5,,0.34320679993834347,9682.0,746,3,
905,477,8233.0,0.7274439999600872,maximum,0.7997434000717476,8857.0,808,3,,0.06732709996867925,11694.0,656,9,,0.14719379995949566,10209.0,641,5,,0.3441275000805035,9865.0,753,3,
906,473,7933.0,0.7065660998923704,maximum,0.8042830000631511,8573.0,803,3,,0.07147389999590814,10949.0,651,9,,0.144755799905397,9837.0,650,5,,0.3935118999797851,9525.0,768,3,
907,491,8867.0,0.7573934000683948,maximum,0.826928700087592,9587.0,885,3,,0.07019080000463873,11875.0,680,9,,0.1503357000183314,10764.0,670,5,,0.3791783000342548,10411.0,771,3,
908,482,8342.0,0.7566883999388665,maximum,0.8092731999931857,8934.0,795,3,,0.08305430004838854,11314.0,641,9,,0.16507740004453808,10166.0,642,5,,0.3865007000276819,9878.0,776,3,
909,470,8193.0,0.660002899938263,maximum,0.7066012000432238,8801.0,811,3,,0.06917020003311336,11353.0,659,9,,0.142374400049448,10361.0,668,5,,0.35719419992528856,10025.0,779,3,
910,493,9004.0,0.7484479000559077,maximum,0.8067184000974521,9692.0,878,3,,0.06947359989862889,12106.0,675,9,,0.13962880009785295,10968.0,676,5,,0.33274390001315624,10652.0,793,3,
911,476,8359.0,0.7429778999648988,maximum,0.7949216000270098,9111.0,826,3,,0.07781210006214678,11335.0,634,9,,0.14650160004384816,10291.0,647,5,,0.3499874999979511,9959.0,762,3,
912,486,8673.0,0.751276700058952,maximum,0.8480934000108391,9361.0,873,3,,0.07367339998017997,11751.0,663,9,,0.1633558999747038,10677.0,672,5,,0.34669110004324466,10393.0,792,3,
913,465,7860.0,0.732559600030072,maximum,0.7845464000711218,8484.0,786,3,,0.07030909997411072,10788.0,625,9,,0.15348959993571043,9636.0,615,5,,0.3541871999623254,9404.0,748,3,
914,489,8341.0,0.7536497000837699,maximum,0.7769288000417873,8965.0,834,3,,0.07500879990402609,11597.0,651,9,,0.14931289991363883,10309.0,648,5,,0.35774580005090684,9942.0,737,3,
915,478,8617.0,0.758636899990961,maximum,0.8031392000848427,9497.0,832,3,,0.0752214000094682,11820.0,665,9,,0.14846079994458705,10781.0,661,5,,0.34132050001062453,10137.0,750,3,
916,481,8419.0,0.7553939000936225,maximum,0.7886266000568867,9011.0,809,3,,0.07051460002548993,11661.0,673,9,,0.14292110002133995,10451.0,662,5,,0.3522440999513492,10083.0,767,3,
917,475,8671.0,0.7276253000600263,maximum,0.8229870999930426,9567.0,824,3,,0.07615450001321733,11987.0,672,9,,0.1457278000889346,10783.0,649,5,,0.35109730006661266,10153.0,742,3,
918,475,8422.0,0.7819448999362066,maximum,0.755482199951075,9302.0,822,3,,0.0710487999022007,11978.0,668,9,,0.14474170003086329,10758.0,669,5,,0.34797230002004653,10150.0,803,3,
919,479,8305.0,0.7213872999418527,maximum,0.8270116000203416,9041.0,849,3,,0.0699037000304088,11493.0,643,9,,0.1483551999554038,10221.0,646,5,,0.3310718999709934,9761.0,745,3,
920,466,7840.0,0.7427163999527693,maximum,0.8037557000061497,8496.0,839,3,,0.06913520011585206,11010.0,657,9,,0.14348760002758354,9856.0,659,5,,0.35335370001848787,9424.0,760,3,
921,478,7926.0,0.7102632001042366,maximum,0.7895598000613973,8566.0,804,3,,0.06890349998138845,10950.0,645,9,,0.1434009000658989,9886.0,649,5,,0.34145900001749396,9502.0,756,3,
922,485,8460.0,0.7788109999382868,maximum,0.8907485000090674,9148.0,870,3,,0.07092199998442084,11900.0,678,9,,0.14911379991099238,10372.0,677,5,,0.36966049997135997,10068.0,784,3,
923,481,8502.0,0.7380637999158353,maximum,0.783720999956131,9174.0,856,3,,0.0756365000270307,11894.0,664,9,,0.1480943999486044,10618.0,678,5,,0.34884909994434565,10334.0,785,3,
924,481,8528.0,0.7667188999475911,maximum,0.7800681999651715,9216.0,860,3,,0.07041539996862411,11896.0,666,9,,0.15480319992639124,10584.0,686,5,,0.3305417000083253,10136.0,757,3,
925,482,8383.0,0.7495955999474972,maximum,0.8026135000400245,9071.0,885,3,,0.07539809995796531,11425.0,666,9,,0.14523949997965246,10175.0,671,5,,0.3671931999269873,9719.0,764,3,
926,479,8129.0,0.7754148000385612,maximum,0.7423093999968842,8737.0,804,3,,0.08588030003011227,11517.0,662,9,,0.14537039992865175,9929.0,642,5,,0.37226199998985976,9609.0,754,3,
927,474,8194.0,0.7426555999554694,maximum,0.755696100066416,8770.0,792,3,,0.06912470003589988,11082.0,654,9,,0.12927069992292672,10234.0,641,5,,0.3253093999810517,9930.0,756,3,
928,479,8063.0,0.727442599949427,maximum,0.743967599933967,8927.0,805,3,,0.06723119993694127,11279.0,656,9,,0.14352480007801205,10247.0,639,5,,0.3262353999307379,9557.0,736,3,
929,482,8318.0,0.7611458000028506,maximum,0.7455748999491334,8894.0,787,3,,0.07372480002231896,11094.0,665,9,,0.14704469998832792,10170.0,654,5,,0.35302739997860044,9798.0,756,3,
930,467,8231.0,0.7135218000039458,maximum,0.7985430000117049,8839.0,797,3,,0.07019860006403178,11181.0,655,9,,0.1438075000187382,10083.0,649,5,,0.32763720001094043,9783.0,745,3,
931,483,8450.0,0.7659855999518186,maximum,0.8448399999178946,9106.0,858,3,,0.07545889995526522,11860.0,669,9,,0.14312789996620268,10450.0,656,5,,0.350783700007014,10066.0,772,3,
932,484,8579.0,0.745156200020574,maximum,0.8114225000608712,9203.0,846,3,,0.07452170003671199,11837.0,664,9,,0.14401529997121543,10531.0,653,5,,0.35784059995785356,10188.0,749,3,
933,491,8983.0,0.759180499939248,maximum,0.8146342999534681,9639.0,859,3,,0.07436269999016076,12439.0,677,9,,0.14606900000944734,11039.0,671,5,,0.38179170002695173,10751.0,805,3,
934,479,7577.0,0.771222100011073,maximum,0.8663325998932123,8249.0,842,3,,0.07425120007246733,10253.0,644,9,,0.15548960003070533,9465.0,645,5,,0.33131570008117706,9121.0,742,3,
935,490,8484.0,0.7528148000128567,maximum,0.8188574999803677,9188.0,870,3,,0.07014660001732409,11668.0,691,9,,0.14322870003525168,10704.0,692,5,,0.36194249999243766,10380.0,809,3,
936,477,8089.0,0.7560365999815986,maximum,0.8324311000760645,8697.0,814,3,,0.07322269992437214,11257.0,655,9,,0.17433629999868572,10277.0,674,5,,0.3808059000875801,9889.0,761,3,
937,464,7858.0,0.7069588999729604,maximum,0.7982705000322312,8450.0,791,3,,0.06859370006714016,11086.0,653,9,,0.1514900999609381,9844.0,639,5,,0.3520384000148624,9498.0,761,3,
938,469,8197.0,0.7437162999995053,maximum,0.7421706999884918,8805.0,808,3,,0.06947939994279295,11213.0,647,9,,0.14620580000337213,10026.0,640,5,,0.350719099980779,9677.0,748,3,
939,477,7872.0,0.7435927999904379,maximum,0.8121264999499545,8528.0,829,3,,0.06864189996849746,10936.0,655,9,,0.14892259996850044,10260.0,671,5,,0.33935320004820824,9968.0,802,3,
940,480,8528.0,0.7298067000228912,maximum,0.7882048999890685,9153.0,827,3,,0.07208859990350902,11880.0,672,9,,0.1498171000275761,10452.0,650,5,,0.3335418999195099,10112.0,752,3,
941,476,8324.0,0.7648951000301167,maximum,0.8297035999130458,9060.0,840,3,,0.07005029998254031,11258.0,639,9,,0.150690000038594,10392.0,648,5,,0.3502391999354586,10052.0,759,3,
942,473,8084.0,0.7191366000333801,maximum,0.8052105000242591,8724.0,818,3,,0.06674109993036836,11214.0,642,9,,0.14892259996850044,9952.0,641,5,,0.3373078000731766,9588.0,743,3,
943,470,7611.0,0.7078617999795824,maximum,0.7812156000873074,8251.0,830,3,,0.0738236999604851,10439.0,636,9,,0.15077420009765774,9491.0,635,5,,0.3168446000199765,9067.0,718,3,
944,477,8745.0,0.7295288000022992,maximum,0.7496613999828696,9417.0,829,3,,0.07320199999958277,11857.0,668,9,,0.144831599900499,10781.0,657,5,,0.35877829999662936,10513.0,791,3,
945,487,8135.0,0.7773799999849871,maximum,0.8047166999895126,8743.0,823,3,,0.07185670000035316,11221.0,650,9,,0.14542010007426143,10167.0,648,5,,0.35911469999700785,9856.0,766,3,
946,482,8525.0,0.7718779999995604,maximum,0.797250899951905,9213.0,871,3,,0.07738939998671412,11475.0,670,9,,0.15421210008207709,10517.0,672,5,,0.32798399997409433,10165.0,779,3,
947,464,8199.0,0.7043041000142694,maximum,0.7307778999675065,9063.0,794,3,,0.06881590001285076,11597.0,650,9,,0.1474768000189215,10283.0,641,5,,0.3372522999998182,9687.0,735,3,
948,479,8395.0,0.7794244999531657,maximum,0.7925589000806212,9083.0,843,3,,0.06752240005880594,11697.0,658,9,,0.14450250007212162,10335.0,649,5,,0.3366684999782592,9996.0,740,3,
949,484,8210.0,0.7227645000675693,maximum,0.8204573999391869,8866.0,837,3,,0.07359859999269247,11366.0,674,9,,0.14685390004888177,10294.0,664,5,,0.3633974000113085,9914.0,800,3,
950,465,7846.0,0.7130509000271559,maximum,0.8235583999194205,8550.0,877,3,,0.06782749993726611,10970.0,650,9,,0.15646309999283403,9710.0,647,5,,0.31556200003251433,9366.0,739,3,
951,490,8760.0,0.7595376999815926,maximum,0.7742306999862194,9592.0,798,3,,0.06889400002546608,12202.0,661,9,,0.14589970000088215,10868.0,646,5,,0.3254470999818295,10360.0,771,3,
952,479,8643.0,0.7750091999769211,maximum,0.780124600045383,9283.0,837,3,,0.07094219990540296,12255.0,683,9,,0.1419820999726653,10607.0,667,5,,0.35292560001835227,10283.0,776,3,
953,489,8243.0,0.7778632000554353,maximum,0.7691674999659881,8835.0,816,3,,0.07133020006585866,11363.0,667,9,,0.1401141999522224,10187.0,661,5,,0.3174531999975443,9755.0,741,3,
954,478,8425.0,0.7361772999865934,maximum,0.8502703999402002,9097.0,895,3,,0.07100999995600432,11391.0,662,9,,0.14914240001235157,10521.0,677,5,,0.3309533999999985,10209.0,777,3,
955,484,8445.0,0.7877113999566063,maximum,0.7255850000074133,9037.0,791,3,,0.07084460009355098,11783.0,670,9,,0.14983699994627386,11001.0,689,5,,0.4508010999998078,10653.0,847,3,
956,466,7886.0,0.7044921000488102,maximum,0.7216774000553414,8478.0,781,3,,0.06526669999584556,10680.0,649,9,,0.14913359994534403,9690.0,646,5,,0.3192072999663651,9382.0,748,3,
957,478,8720.0,0.7574768000049517,maximum,0.7989525999873877,9344.0,809,3,,0.06871829996816814,11822.0,670,9,,0.1431929999962449,10676.0,677,5,,0.36377219995483756,10224.0,783,3,
958,477,8191.0,0.7469478999264538,maximum,0.7929726000875235,8831.0,829,3,,0.07246369996573776,11241.0,646,9,,0.15870879997964948,9979.0,643,5,,0.34962009999435395,9703.0,732,3,
959,474,8077.0,0.7317379999440163,maximum,0.8086947000119835,8749.0,852,3,,0.069015400018543,11309.0,656,9,,0.14203329989686608,10005.0,661,5,,0.32340260001365095,9621.0,754,3,
960,481,8008.0,0.7368102000327781,maximum,0.7940448999870569,8600.0,802,3,,0.06678500003181398,10926.0,659,9,,0.1403273999458179,9724.0,631,5,,0.33623190002981573,9369.0,755,3,
961,487,8399.0,0.7407804999966174,maximum,0.782817600062117,9295.0,814,3,,0.07251610001549125,11671.0,658,9,,0.15079029998742044,10504.0,652,5,,0.34617379994597286,9975.0,770,3,
962,490,8739.0,0.7588587999343872,maximum,0.8142176999244839,9411.0,871,3,,0.06922710000071675,11617.0,666,9,,0.1519608999369666,10519.0,667,5,,0.32889080001041293,10235.0,757,3,
963,480,8331.0,0.7195660999277607,maximum,0.8456482000183314,8987.0,852,3,,0.07182870001997799,11471.0,663,9,,0.15690319996792823,10347.0,656,5,,0.34719560004305094,10083.0,774,3,
964,471,7861.0,0.7471370999701321,maximum,0.7645664000883698,8533.0,804,3,,0.06527749996166676,10905.0,640,9,,0.1469787999521941,10065.0,654,5,,0.3310387999517843,9733.0,773,3,
965,483,8412.0,0.748329000081867,maximum,0.8000261000124738,9036.0,818,3,,0.0681713999947533,11403.0,653,9,,0.14382930006831884,10360.0,653,5,,0.3323771000141278,10084.0,762,3,
966,484,8648.0,0.7527239999035373,maximum,0.8686964000808075,9352.0,868,3,,0.07481850008480251,11770.0,668,9,,0.15112709999084473,10588.0,664,5,,0.3532657000469044,10264.0,772,3,
967,472,7706.0,0.7376278999727219,maximum,0.7807974999304861,8330.0,788,3,,0.0678673000074923,10504.0,629,9,,0.15327339991927147,9554.0,634,5,,0.34109690005425364,9290.0,753,3,
968,480,7946.0,0.7450758999912068,maximum,0.8370986999943852,8618.0,830,3,,0.07386800006497651,11222.0,667,9,,0.1577774001052603,9994.0,669,5,,0.34789309999905527,9594.0,769,3,
969,476,8672.0,0.7403901000507176,maximum,0.7684408000204712,9584.0,832,3,,0.07189739996101707,12200.0,674,9,,0.15149459999520332,11328.0,688,5,,0.38650979998055845,10872.0,822,3,
970,481,8146.0,0.7443519000662491,maximum,0.8063768000574782,8786.0,842,3,,0.072616400080733,11345.0,665,9,,0.1533508999273181,10118.0,657,5,,0.3694607999641448,9754.0,769,3,
971,467,7721.0,0.7215072999242693,maximum,0.9065431000199169,8313.0,800,3,,0.06776010000612587,10647.0,645,9,,0.15664890001062304,9632.0,665,5,,0.3376742999535054,9283.0,762,3,
972,482,8108.0,0.7527158000739291,maximum,0.8187942000804469,8828.0,821,3,,0.07065140001941472,11234.0,651,9,,0.15617450000718236,9980.0,655,5,,0.33105919999070466,9652.0,751,3,
973,480,8117.0,0.734330500010401,maximum,0.8244214000878856,9030.0,826,3,,0.06804160005412996,11467.0,652,9,,0.1512477999785915,10434.0,662,5,,0.3642132000532001,9877.0,789,3,
974,461,7681.0,0.6994815999642015,maximum,0.8669069999596104,8321.0,826,3,,0.07284110004547983,10563.0,647,9,,0.15578950010240078,9641.0,643,5,,0.34199050010647625,9361.0,764,3,
975,484,8566.0,0.7479822000022978,maximum,0.7855699999490753,9206.0,844,3,,0.07675679994281381,11794.0,662,9,,0.14985360007267445,10501.0,671,5,,0.39084300003014505,10174.0,764,3,
976,489,8177.0,0.7880933000706136,maximum,0.8449137000134215,8897.0,902,3,,0.07009250007104129,11533.0,668,9,,0.1666229999391362,10441.0,677,5,,0.36784520000219345,10177.0,817,3,
977,478,8133.0,0.7430352999363095,maximum,0.7792864000657573,9045.0,843,3,,0.06592209998052567,11551.0,667,9,,0.14426550001371652,10409.0,676,5,,0.3587600000901148,9733.0,779,3,
978,473,7743.0,0.7412508999696001,maximum,0.8326834000181407,8415.0,846,3,,0.06885160005185753,11205.0,653,9,,0.1515815999591723,9975.0,678,5,,0.3454660000279546,9567.0,792,3,
979,488,8457.0,0.796650700038299,maximum,0.7932319999672472,9401.0,873,3,,0.07438399991951883,11973.0,672,9,,0.14422410004772246,10977.0,676,5,,0.3468446000479162,10289.0,763,3,
980,483,8564.0,0.7304607999976724,maximum,0.8082209000131115,9140.0,783,3,,0.07219910004641861,11874.0,652,9,,0.15200000000186265,10544.0,654,5,,0.3511809000046924,10180.0,749,3,
981,475,8086.0,0.7778424000134692,maximum,0.8412306000245735,8742.0,843,3,,0.07557929994072765,11330.0,655,9,,0.1641732999123633,9994.0,654,5,,0.3410266999853775,9695.0,769,3,
982,481,8227.0,0.7326186000136659,maximum,0.8131601000204682,8899.0,881,3,,0.07182109996210784,11299.0,664,9,,0.15983239992056042,10423.0,678,5,,0.39042179996613413,9963.0,777,3,
983,476,8205.0,0.7476586999837309,maximum,0.8131492000538856,8861.0,875,3,,0.06782360002398491,10987.0,655,9,,0.16024160000961274,10117.0,668,5,,0.3185125000309199,9869.0,755,3,
984,483,8656.0,0.7363925999961793,maximum,0.752017000108026,9249.0,787,3,,0.07236630003899336,11794.0,645,9,,0.14421510009560734,10792.0,662,5,,0.3720242000417784,10432.0,758,3,
985,484,8297.0,0.7508604000322521,maximum,0.8463955000042915,9225.0,891,3,,0.07069670001510531,11683.0,655,9,,0.15436489996500313,10569.0,657,5,,0.3325472000287846,9937.0,753,3,
986,483,8121.0,0.7772539999568835,maximum,0.8041577999247238,8793.0,853,3,,0.06987789995037019,11169.0,655,9,,0.15061890007928014,10197.0,663,5,,0.3940910999663174,9897.0,811,3,
987,480,8170.0,0.7473259000107646,maximum,0.7817210999783128,8779.0,801,3,,0.07154840009752661,11348.0,648,9,,0.14315420005004853,10110.0,656,5,,0.32902990002185106,9723.0,740,3,
988,483,8442.0,0.7769581000320613,maximum,0.8271788000129163,9050.0,819,3,,0.07269910001195967,11482.0,660,9,,0.15801989997271448,10382.0,671,5,,0.3705610999604687,10067.0,785,3,
989,470,7899.0,0.7070450999308378,maximum,0.7883775000227615,8507.0,788,3,,0.06993410002905875,11067.0,662,9,,0.1486889999359846,9751.0,642,5,,0.3290486999321729,9355.0,764,3,
990,472,8459.0,0.760226699989289,maximum,0.8593205000506714,9131.0,870,3,,0.07465480000246316,11675.0,666,9,,0.15704680001363158,10623.0,694,5,,0.3647680999711156,10363.0,809,3,
991,471,7959.0,0.7334797000512481,maximum,0.793598199961707,8647.0,815,3,,0.06958640005905181,10931.0,651,9,,0.14306649996433407,9975.0,650,5,,0.31407930003479123,9607.0,763,3,
992,487,8495.0,0.7376391000580043,maximum,0.8409858000231907,9151.0,862,3,,0.07111060002353042,11541.0,675,9,,0.14685409993398935,10767.0,683,5,,0.3519483000272885,10496.0,796,3,
993,480,8360.0,0.7829297999851406,maximum,0.799167099990882,9048.0,875,3,,0.07061509997583926,11784.0,665,9,,0.16306599997915328,10328.0,662,5,,0.3302619999740273,9960.0,743,3,
994,465,7606.0,0.6977626999141648,maximum,0.8140248999698088,8246.0,834,3,,0.06778090004809201,10456.0,650,9,,0.1549038999946788,9566.0,654,5,,0.35953040001913905,9286.0,755,3,
995,471,8171.0,0.735148600069806,maximum,0.7947681000223383,8811.0,826,3,,0.07034970005042851,11131.0,651,9,,0.158980599953793,10199.0,651,5,,0.33826610003598034,9827.0,757,3,
996,475,8106.0,0.7003490999341011,maximum,0.9795699999667704,8746.0,847,3,,0.06859280006028712,11156.0,658,9,,0.1554384999908507,10102.0,660,5,,0.361323400051333,9770.0,781,3,
997,466,8171.0,0.7245760000078008,maximum,0.7652112999930978,8779.0,806,3,,0.0723046000348404,11375.0,658,9,,0.14087010000366718,10116.0,655,5,,0.33974369999486953,10043.0,776,3,
998,481,8291.0,0.7464522999944165,maximum,0.8068851999705657,8947.0,831,3,,0.07026360009331256,11549.0,641,9,,0.15382320003118366,10247.0,648,5,,0.34976629994343966,9916.0,748,3,
999,476,8236.0,0.7272925999714062,maximum,0.8484497000463307,8876.0,827,3,,0.07715080003254116,11184.0,670,9,,0.16367049992550164,10116.0,655,5,,0.3678219000576064,9796.0,800,3,
