matrix_index,bvn_perms,bvn_cycle,bvn_runtime,bvn_matching,heavy_static_16_time,heavy_static_16_cycle,heavy_static_16_perms,heavy_static_16_planes,heavy_static_16_split,heavy_static_2_time,heavy_static_2_cycle,heavy_static_2_perms,heavy_static_2_planes,heavy_static_2_split,heavy_static_4_time,heavy_static_4_cycle,heavy_static_4_perms,heavy_static_4_planes,heavy_static_4_split,heavy_static_8_time,heavy_static_8_cycle,heavy_static_8_perms,heavy_static_8_planes,heavy_static_8_split
0,7328,7790.0,3.0646843000140507,heavy_static,0.2262242999859154,8414.0,1739,3,,2.143575399997644,11164.0,636,9,,0.0525855999439954,9738.0,881,5,,0.1144064998952671,9326.0,1322,3,
1,8071,8743.0,1.2814619000128005,heavy_static,0.2627341999905184,9671.0,1857,3,,0.0542773000197485,12103.0,668,9,,0.0536426999606192,10831.0,933,5,,0.118995500029996,10287.0,1394,3,
2,7640,8178.0,1.181407299998682,heavy_static,0.2480204000603407,8914.0,1816,3,,0.0216465000994503,11520.0,667,9,,0.0650205999845638,10178.0,934,5,,0.1213977999286726,9818.0,1395,3,
3,7475,7950.0,1.0876753000193276,heavy_static,0.2437888999702409,8670.0,1825,3,,0.0228980000829324,11140.0,672,9,,0.0541520999977365,9906.0,926,5,,0.124035199987702,9566.0,1380,3,
4,7570,8126.0,1.1496574000047983,heavy_static,0.2946530000772327,8782.0,1840,3,,0.0205102999461814,11210.0,668,9,,0.0659006000496447,9994.0,922,5,,0.1502847000956535,9662.0,1340,3,
5,8231,8907.0,1.1802357999840751,heavy_static,0.2815752999158576,9611.0,1892,3,,0.0222571999765932,12227.0,682,9,,0.063254699925892,10955.0,945,5,,0.1452103999909013,10587.0,1418,3,
6,7381,7901.0,1.0525641000131143,heavy_static,0.2848359999479726,8605.0,1839,3,,0.0198954000370576,10823.0,653,9,,0.0657033999450504,9585.0,918,5,,0.171720499987714,9397.0,1377,3,
7,7578,8173.0,1.0860873999772591,heavy_static,0.2383506000041961,8829.0,1786,3,,0.0253212000243365,11167.0,643,9,,0.0537262000143528,10369.0,905,5,,0.1320089000510051,10077.0,1343,3,
8,7632,8178.0,1.070226100011496,heavy_static,0.2892547999508679,8802.0,1761,3,,0.0193941000616177,11410.0,662,9,,0.0638305000029504,10314.0,908,5,,0.1418381999246776,10002.0,1343,3,
9,8109,8759.0,1.1706858999968972,heavy_static,0.3162056000437587,9687.0,1867,3,,0.0202665000688284,12445.0,681,9,,0.0684148001018911,11175.0,949,5,,0.1431770999915897,10663.0,1429,3,
10,7470,8005.0,1.0808221000188496,heavy_static,0.2404553999658674,8629.0,1811,3,,0.0170875999610871,10851.0,652,9,,0.058817800018005,9801.0,909,5,,0.1259668000275269,9461.0,1332,3,
11,7773,8391.0,1.118256999994628,heavy_static,0.2718457999872044,9015.0,1786,3,,0.0186187999788671,11505.0,660,9,,0.0695643000071868,10367.0,922,5,,0.1360590999247506,10055.0,1376,3,
12,7653,8245.0,1.0738667999976317,heavy_static,0.2770696999505162,8901.0,1818,3,,0.018004999961704,11479.0,661,9,,0.054691799916327,10129.0,923,5,,0.123124000034295,9813.0,1358,3,
13,7504,8055.0,1.08228629999212,heavy_static,0.2707752999849617,8711.0,1799,3,,0.0193533999845385,11039.0,651,9,,0.0581479000393301,9923.0,908,5,,0.1309849000535905,9511.0,1337,3,
14,7080,7590.0,1.026967700017849,heavy_static,0.2616375000216067,8214.0,1720,3,,0.0166220000246539,10486.0,641,9,,0.0585370999760925,9722.0,905,5,,0.1200047000311315,9366.0,1312,3,
15,7917,8496.0,1.1635542000003625,heavy_static,0.2804991999873891,9152.0,1816,3,,0.0165656999452039,11748.0,667,9,,0.057661100057885,10232.0,904,5,,0.125928399967961,9904.0,1360,3,
16,7585,8113.0,1.1894727000035346,heavy_static,0.2789634000509977,8705.0,1788,3,,0.0166602999670431,11157.0,671,9,,0.0582005999749526,10025.0,927,5,,0.1470359999220818,9689.0,1381,3,
17,8076,8710.0,1.1105121000146028,heavy_static,0.2526598999975249,9606.0,1865,3,,0.0188092000316828,12354.0,668,9,,0.0632713999366387,10870.0,931,5,,0.1626004999270662,10406.0,1377,3,
18,7620,8183.0,1.165882600005716,heavy_static,0.2882704999065026,8791.0,1798,3,,0.018026000005193,11299.0,661,9,,0.0645898000802844,10039.0,925,5,,0.132271800073795,9815.0,1373,3,
19,7698,8277.0,1.0515491999976805,heavy_static,0.2625688000116497,8981.0,1832,3,,0.0189694999717175,11415.0,657,9,,0.0598365999758243,10041.0,911,5,,0.133848899975419,9693.0,1331,3,
20,7833,8446.0,1.149940900009824,heavy_static,0.298913599923253,9150.0,1883,3,,0.0207519999239593,11478.0,668,9,,0.0670955999521538,10378.0,928,5,,0.1551761999726295,10047.0,1369,3,
21,7297,7743.0,1.0364506000187248,heavy_static,0.3397492999210953,8351.0,1735,3,,0.0168704999377951,10667.0,635,9,,0.0568798000458627,9607.0,886,5,,0.1440338999964296,9263.0,1297,3,
22,7625,8168.0,1.1043904999969527,heavy_static,0.3002481000730768,8824.0,1780,3,,0.0198034000350162,11490.0,646,9,,0.0597534000407904,10176.0,902,5,,0.1391108999960124,9856.0,1367,3,
23,7370,7910.0,1.009872099995846,heavy_static,0.2630045000696555,8790.0,1797,3,,0.026773800025694,11232.0,653,9,,0.0644906000234186,10074.0,903,5,,0.1305605000816285,9454.0,1316,3,
24,7541,8103.0,1.1190651999786496,heavy_static,0.2639219000702724,8711.0,1789,3,,0.0176324000349268,11039.0,646,9,,0.0648867000127211,9875.0,911,5,,0.1324691999470815,9535.0,1334,3,
25,7415,7987.0,1.0345785999961663,heavy_static,0.2455277000553906,8563.0,1759,3,,0.0176297998987138,11155.0,647,9,,0.0551104999613016,9851.0,885,5,,0.1200241999467834,9467.0,1318,3,
26,7548,8057.0,1.372383499983698,heavy_static,0.2332544000819325,8697.0,1812,3,,0.0201133000664412,11423.0,665,9,,0.0626182999694719,10333.0,937,5,,0.125584700028412,9985.0,1356,3,
27,7594,8140.0,1.3679244000231847,heavy_static,0.2193742999807,8732.0,1736,3,,0.0200569999869912,11150.0,646,9,,0.0504707000218331,9972.0,899,5,,0.1131056000012904,9684.0,1355,3,
28,7947,8521.0,1.2429055999964476,heavy_static,0.2428498000372201,9177.0,1871,3,,0.0174631999107077,11575.0,661,9,,0.0518734999932348,10393.0,937,5,,0.1177528999978676,10137.0,1373,3,
29,7737,8305.0,1.4011796999839137,heavy_static,0.27963899995666,9009.0,1872,3,,0.0180048000765964,11705.0,672,9,,0.0606418000534176,10153.0,927,5,,0.1467470000497996,9793.0,1373,3,
30,7667,8254.0,1.3624600000039209,heavy_static,0.2901823999127373,8846.0,1776,3,,0.021817100001499,11276.0,665,9,,0.0596295999130234,10054.0,915,5,,0.1357009999919682,9654.0,1347,3,
31,7711,8309.0,1.3298801000055391,heavy_static,0.2930377000011503,8901.0,1757,3,,0.025064899935387,11245.0,647,9,,0.0698201999766752,10117.0,895,5,,0.1242454999592155,9845.0,1350,3,
32,7936,8541.0,1.5224497000162955,heavy_static,0.2773436000570655,9213.0,1892,3,,0.0195570000214502,12005.0,677,9,,0.0590058000525459,10721.0,951,5,,0.1366698000347241,10397.0,1402,3,
33,8016,8641.0,1.3475620000099298,heavy_static,0.2913266000105068,9249.0,1789,3,,0.0201659000013023,11697.0,656,9,,0.0675755999982357,10513.0,925,5,,0.1321760000428185,10177.0,1356,3,
34,7247,7749.0,1.2079420000081882,heavy_static,0.2748055999400094,8373.0,1772,3,,0.017954200040549,10669.0,642,9,,0.055472599924542,9605.0,898,5,,0.136377100017853,9309.0,1317,3,
35,7669,8244.0,1.1884653000161052,heavy_static,0.3044109999900684,8836.0,1770,3,,0.0191289000213146,11468.0,644,9,,0.0687441000482067,10444.0,907,5,,0.1557348000351339,10068.0,1355,3,
36,7602,8188.0,1.369322500017006,heavy_static,0.2953879999695346,8844.0,1779,3,,0.0190829000202938,11046.0,645,9,,0.0618919000262394,10248.0,908,5,,0.1402737000025808,9884.0,1334,3,
37,7455,7929.0,1.1437347999890335,heavy_static,0.3052253999048844,8553.0,1759,3,,0.0181156999897211,10863.0,639,9,,0.0823169999057427,9885.0,906,5,,0.1670994999585673,9545.0,1352,3,
38,7332,7861.0,1.0319503000064287,heavy_static,0.2521512999664992,8485.0,1767,3,,0.0247098999097943,11061.0,661,9,,0.0783457000507041,9769.0,918,5,,0.1495345999719575,9477.0,1361,3,
39,8096,8747.0,1.25132839998696,heavy_static,0.3081315000308677,9323.0,1801,3,,0.0218307999894022,12107.0,675,9,,0.0619833000237122,10711.0,931,5,,0.1496570999734103,10491.0,1412,3,
40,7759,8381.0,1.201942300016526,heavy_static,0.3203792000422254,9069.0,1796,3,,0.0229194000130519,11819.0,666,9,,0.0681135000195354,10369.0,920,5,,0.1454982000868767,9989.0,1354,3,
41,7957,8583.0,1.4244342000165489,heavy_static,0.3046502999495715,9463.0,1825,3,,0.0209516000468283,12257.0,681,9,,0.0634665000252425,10859.0,944,5,,0.1490322999889031,10279.0,1405,3,
42,7459,7990.0,1.2950957999855746,heavy_static,0.3078904999420047,8614.0,1775,3,,0.0172121000941842,10924.0,659,9,,0.060602500103414,9831.0,916,5,,0.1312569000292569,9486.0,1343,3,
43,7637,8198.0,1.1077162000001408,heavy_static,0.2593397999880835,8822.0,1834,3,,0.017404600046575,11304.0,662,9,,0.059348199982196,10090.0,926,5,,0.148042400018312,9806.0,1377,3,
44,7698,8270.0,1.2970604000147432,heavy_static,0.2696979999309405,8926.0,1789,3,,0.0177173999836668,11216.0,648,9,,0.0594880999997258,10242.0,909,5,,0.1303364000050351,9862.0,1340,3,
45,7652,8212.0,1.0595614000048954,heavy_static,0.2538552000187337,8852.0,1804,3,,0.0177982000168412,11292.0,653,9,,0.0695322999963536,10080.0,914,5,,0.1413727999897673,9692.0,1373,3,
46,7589,8141.0,1.4513691999891307,heavy_static,0.2396784999873489,8749.0,1800,3,,0.0243104000110179,11373.0,647,9,,0.0580971000017598,10041.0,903,5,,0.1277429999317973,9877.0,1338,3,
47,7645,8209.0,1.0447071000235155,heavy_static,0.2569595000240952,8881.0,1779,3,,0.0197557000210508,11019.0,655,9,,0.0720455999253317,10025.0,905,5,,0.1258592000231146,9705.0,1341,3,
48,7377,7860.0,1.1211180000100285,heavy_static,0.2603080000262707,8500.0,1804,3,,0.0186425000429153,10700.0,652,9,,0.0566393999615684,9708.0,909,5,,0.1249856000067666,9404.0,1354,3,
49,7876,8445.0,1.089721099997405,heavy_static,0.2818686000537127,9325.0,1761,3,,0.0217303000390529,11879.0,663,9,,0.0620844999793916,10761.0,908,5,,0.1444698999403044,10077.0,1374,3,
50,7865,8468.0,1.5054735000012442,heavy_static,0.2519031000556424,9156.0,1827,3,,0.0180425000144168,11734.0,677,9,,0.0626802999759092,10532.0,947,5,,0.1188878000248223,10124.0,1400,3,
51,7649,8203.0,1.368047000025399,heavy_static,0.2682556000072509,8827.0,1838,3,,0.022030199994333,11223.0,664,9,,0.0577974000480026,10291.0,913,5,,0.123439299990423,9963.0,1394,3,
52,7392,7933.0,1.261178699991433,heavy_static,0.264501400059089,8541.0,1786,3,,0.0201032999902963,10745.0,645,9,,0.0616836999543011,9953.0,910,5,,0.1401930999709293,9605.0,1340,3,
53,7717,8322.0,1.1121121999749448,heavy_static,0.256578299915418,9010.0,1836,3,,0.0208975999848917,11450.0,665,9,,0.0629750000080093,10526.0,934,5,,0.141595899942331,10154.0,1380,3,
54,7912,8489.0,1.4375478999863844,heavy_static,0.2794628000119701,9129.0,1835,3,,0.0212730999337509,11665.0,673,9,,0.0651964000426232,10397.0,933,5,,0.1404543999815359,10049.0,1381,3,
55,7334,7856.0,1.3126470999850426,heavy_static,0.2663274999940768,8512.0,1807,3,,0.0158614999381825,10984.0,647,9,,0.0624211999820545,10024.0,918,5,,0.1233015999896451,9592.0,1343,3,
56,7881,8506.0,1.0970937999954913,heavy_static,0.2498006999958306,9178.0,1809,3,,0.0184859000146389,11890.0,679,9,,0.0617080000229179,10426.0,937,5,,0.1153628999600187,10034.0,1368,3,
57,7428,7959.0,1.4123358000069857,heavy_static,0.2793442000402137,8583.0,1776,3,,0.0204260000027716,10979.0,650,9,,0.0632357998983934,9875.0,901,5,,0.1197593000251799,9455.0,1321,3,
58,7440,7987.0,1.0325158000050578,heavy_static,0.2430427999934181,8627.0,1789,3,,0.0195400000084191,10967.0,658,9,,0.0568411999847739,9751.0,903,5,,0.1395164000568911,9507.0,1367,3,
59,7444,8007.0,1.124317500012694,heavy_static,0.2902395999990403,8727.0,1799,3,,0.0197571000317111,11211.0,653,9,,0.0625372000504285,10187.0,928,5,,0.163217999972403,9847.0,1353,3,
60,7299,7781.0,0.9923524000041652,heavy_static,0.2496125999605283,8389.0,1774,3,,0.0219309000531211,10981.0,650,9,,0.0674498000880703,9601.0,892,5,,0.1240185999777168,9349.0,1341,3,
61,8157,8818.0,1.2457866999902762,heavy_static,0.2941460999427363,9842.0,1883,3,,0.0206218999810516,12244.0,674,9,,0.0699979999335482,11374.0,966,5,,0.1611648000543937,10698.0,1400,3,
62,7330,7838.0,1.190565799974138,heavy_static,0.2778916000388562,8510.0,1798,3,,0.0155194000108167,10722.0,643,9,,0.0572063000872731,9642.0,889,5,,0.1142948999768123,9342.0,1319,3,
63,7799,8401.0,1.1769461999938358,heavy_static,0.2734107000287622,9137.0,1811,3,,0.0246290999930351,11621.0,657,9,,0.061632200027816,10509.0,929,5,,0.1245145000284537,10073.0,1368,3,
64,7863,8436.0,1.3667799000104424,heavy_static,0.2638186999829486,9076.0,1825,3,,0.0190636999905109,11306.0,657,9,,0.0578662999905645,10536.0,924,5,,0.1203427999280393,10204.0,1361,3,
65,7336,7823.0,1.2822664999985136,heavy_static,0.2496843000408262,8479.0,1772,3,,0.0151534000178799,11007.0,649,9,,0.0534821000183001,9879.0,902,5,,0.1161146000958979,9551.0,1338,3,
66,7428,7958.0,1.0025562000228092,heavy_static,0.2376916999928653,8582.0,1746,3,,0.0192920999834314,11010.0,645,9,,0.0528919999487698,9930.0,893,5,,0.114695299998857,9590.0,1341,3,
67,7442,7956.0,1.1204063999757636,heavy_static,0.2618749999674037,8596.0,1734,3,,0.0234213999938219,11086.0,642,9,,0.0623189000179991,10140.0,907,5,,0.1178970000473782,9780.0,1345,3,
68,7388,7901.0,0.9933113000006416,heavy_static,0.2798506999388337,8557.0,1809,3,,0.0177369000157341,10897.0,646,9,,0.0601916000014171,9849.0,914,5,,0.1552816000767052,9429.0,1334,3,
69,7340,7851.0,1.1178324999928009,heavy_static,0.3039704000111669,8587.0,1784,3,,0.0192038000095635,10937.0,643,9,,0.0663230998907238,9879.0,900,5,,0.1380376000888645,9531.0,1322,3,
70,7187,7667.0,0.9928217999986372,heavy_static,0.2578024000395089,8307.0,1749,3,,0.0174204999348148,10619.0,646,9,,0.0580063998932018,9615.0,891,5,,0.126276999944821,9323.0,1336,3,
71,7549,8073.0,1.141817199997604,heavy_static,0.2891447999281809,8681.0,1759,3,,0.018252900103107,11037.0,662,9,,0.0595879999455064,9913.0,919,5,,0.1242572000483051,9617.0,1385,3,
72,7542,8119.0,1.1869980999908876,heavy_static,0.3063061999855563,8759.0,1838,3,,0.0225248000351712,11089.0,661,9,,0.0686300999950617,10299.0,927,5,,0.1557825000490993,9919.0,1378,3,
73,7324,7807.0,1.2610612999997102,heavy_static,0.2532968999585137,8415.0,1670,3,,0.0184756000526249,11135.0,631,9,,0.0751331999199464,9927.0,874,5,,0.125632100040093,9527.0,1302,3,
74,7477,8010.0,1.1323922000010498,heavy_static,0.2849907999625429,8618.0,1706,3,,0.0184629999566823,11210.0,641,9,,0.0654290999518707,9950.0,893,5,,0.1322411999572068,9626.0,1330,3,
75,7656,8209.0,1.0343096999858972,heavy_static,0.3141150999581441,8945.0,1800,3,,0.0201136999530717,11217.0,658,9,,0.0668236999772489,10185.0,918,5,,0.137557000038214,9889.0,1342,3,
76,7592,8105.0,1.1422921000048518,heavy_static,0.264241800061427,8761.0,1773,3,,0.0171123000327497,11225.0,654,9,,0.05838559998665,10101.0,912,5,,0.1351997000165283,9721.0,1348,3,
77,7939,8543.0,1.0846414999978151,heavy_static,0.2714368000160903,9151.0,1861,3,,0.0226230999687686,11467.0,669,9,,0.0809908000519499,10499.0,931,5,,0.1734048000071197,10247.0,1426,3,
78,7337,7833.0,1.2246291999763343,heavy_static,0.2428893999895081,8425.0,1741,3,,0.0266936999978497,10821.0,636,9,,0.0846710000187158,9737.0,898,5,,0.1450044999364763,9601.0,1311,3,
79,7704,8295.0,1.02311050001299,heavy_static,0.3133969000773504,8887.0,1797,3,,0.021666600019671,11525.0,659,9,,0.0802314999746158,10163.0,909,5,,0.1481660000281408,9831.0,1360,3,
80,7575,8143.0,1.5309141000034288,heavy_static,0.2884996999055147,8751.0,1787,3,,0.0194353000260889,11097.0,651,9,,0.060854300041683,10071.0,894,5,,0.1323565000202506,9823.0,1355,3,
81,7683,8275.0,1.049434700020356,heavy_static,0.2781398999504745,8899.0,1789,3,,0.0186344999819993,11267.0,659,9,,0.0640920000150799,10079.0,911,5,,0.1289783999091014,9683.0,1353,3,
82,7411,7904.0,1.5253685000061523,heavy_static,0.2472264999523759,8784.0,1805,3,,0.0160068999975919,11164.0,642,9,,0.0566372000612318,10000.0,904,5,,0.114642700063996,9432.0,1324,3,
83,7692,8249.0,1.0896568000025582,heavy_static,0.2643593000248074,8937.0,1837,3,,0.0205911000957712,11553.0,671,9,,0.058924000011757,10185.0,925,5,,0.1252606000052765,9809.0,1365,3,
84,7934,8557.0,1.2244515999918804,heavy_static,0.2456985000753775,9181.0,1851,3,,0.0203887999523431,11617.0,682,9,,0.0551804000278934,10665.0,950,5,,0.1418743000831455,10293.0,1386,3,
85,7477,8034.0,1.30486249999376,heavy_static,0.2877263999544084,8690.0,1746,3,,0.0199978000018745,11092.0,656,9,,0.0638172000180929,10042.0,913,5,,0.1497413999168202,9722.0,1366,3,
86,7548,8087.0,1.5498074000061024,heavy_static,0.2594756999751553,8967.0,1830,3,,0.0161399999633431,11211.0,670,9,,0.0579650999279692,10387.0,924,5,,0.140449000056833,9895.0,1394,3,
87,7653,8234.0,1.41568819998065,heavy_static,0.2666788999922573,8890.0,1772,3,,0.0230886000208556,11260.0,651,9,,0.0543864999199286,10178.0,916,5,,0.156978000071831,9850.0,1340,3,
88,7910,8513.0,1.466937399993185,heavy_static,0.2557371000293642,9105.0,1777,3,,0.0211731999879702,11695.0,666,9,,0.0636489000171423,10537.0,934,5,,0.1490415000589564,10241.0,1374,3,
89,7732,8332.0,1.5608820000197738,heavy_static,0.3211450000526383,9004.0,1870,3,,0.0230897000292316,11492.0,670,9,,0.0757568000117316,10412.0,935,5,,0.1819068000186234,10068.0,1380,3,
90,7826,8425.0,1.3008202000055462,heavy_static,0.2430514000589028,9129.0,1827,3,,0.0186992000089958,11641.0,663,9,,0.0619255000492557,10497.0,930,5,,0.1424023999134078,10145.0,1384,3,
91,7069,7584.0,1.1743074999831151,heavy_static,0.2838235999224707,8176.0,1727,3,,0.018313999986276,10648.0,648,9,,0.0690189000451937,9328.0,876,5,,0.1431094000581652,9064.0,1335,3,
92,7743,8324.0,1.114843400020618,heavy_static,0.2596644000150263,8948.0,1824,3,,0.0409417999908328,11452.0,663,9,,0.0604703000281006,10256.0,928,5,,0.1312455999432131,9884.0,1347,3,
93,7219,7729.0,1.3119245000125377,heavy_static,0.28067510004621,8369.0,1722,3,,0.0198255999712273,10835.0,645,9,,0.0576464000623673,9825.0,905,5,,0.1314615000737831,9513.0,1334,3,
94,7470,8057.0,1.023220000002766,heavy_static,0.313834699918516,8921.0,1818,3,,0.0198053000494837,11341.0,659,9,,0.0652894999366253,10309.0,907,5,,0.1502264000009745,9729.0,1358,3,
95,7806,8407.0,1.2028062000172213,heavy_static,0.2798929000273347,9031.0,1855,3,,0.0196399999549612,11261.0,665,9,,0.0613507000962272,10151.0,934,5,,0.1358422999037429,9807.0,1375,3,
96,7223,7715.0,1.1947323000058532,heavy_static,0.3380149999866262,8371.0,1749,3,,0.0185971000464633,10647.0,639,9,,0.0701712000882253,9659.0,904,5,,0.1293879000004381,9299.0,1301,3,
97,7389,7924.0,1.1368784999940544,heavy_static,0.2745757999364286,8292.0,1775,2,,0.0187805999303236,10824.0,651,8,,0.0581053999485448,9824.0,913,4,,0.1418376999208703,9684.0,1349,3,
98,7589,8157.0,1.154413400014164,heavy_static,0.243107600021176,8797.0,1790,3,,0.01975840004161,10933.0,640,9,,0.0622484999476,9997.0,906,5,,0.1440633999882266,9581.0,1334,3,
99,7953,8570.0,1.2623038000019733,heavy_static,0.263202799949795,9226.0,1805,3,,0.0174584999913349,11750.0,652,9,,0.0538279999746009,10594.0,909,5,,0.1275118000339716,10274.0,1384,3,
100,7536,8061.0,1.0739151999878231,heavy_static,0.3149103999603539,8717.0,1822,3,,0.0208986999932676,10967.0,649,9,,0.0692741000093519,10053.0,920,5,,0.1266197999939322,9805.0,1363,3,
101,7632,8197.0,1.249374299979536,heavy_static,0.2843417000258341,8821.0,1808,3,,0.0205125999636948,11147.0,664,9,,0.0591809999896213,9913.0,916,5,,0.1429565000580623,9581.0,1360,3,
102,7648,8206.0,1.176497800013749,heavy_static,0.2475723000243306,8798.0,1792,3,,0.0196509999223053,11240.0,662,9,,0.061465400038287,10254.0,929,5,,0.1378518999554217,9982.0,1390,3,
103,7710,8283.0,1.3277973999793176,heavy_static,0.2518225000239908,8907.0,1776,3,,0.0201307999668642,11287.0,649,9,,0.0574076999910175,10299.0,897,5,,0.1358403000049293,9971.0,1328,3,
104,7648,8203.0,1.2908955999882892,heavy_static,0.2846745999995619,8859.0,1844,3,,0.0199825000017881,11113.0,671,9,,0.0601762000005692,10255.0,940,5,,0.1436111000366509,9947.0,1410,3,
105,7272,7787.0,1.203785699995933,heavy_static,0.2695360999787226,8379.0,1687,3,,0.0168770999880507,10559.0,627,9,,0.0564992999425157,9639.0,874,5,,0.1319195999531075,9331.0,1302,3,
106,7889,8528.0,1.2460193999868352,heavy_static,0.3288783999159932,9168.0,1851,3,,0.0184571000281721,11648.0,665,9,,0.0728946999879553,10576.0,927,5,,0.1476046999450773,10288.0,1382,3,
107,7955,8609.0,1.3311185000056869,heavy_static,0.2700922000221908,9249.0,1861,3,,0.0181102000642567,11733.0,676,9,,0.0669033000012859,10641.0,935,5,,0.1499359000008553,10281.0,1396,3,
108,7623,8201.0,1.339493500010576,heavy_static,0.2641056999564171,8841.0,1780,3,,0.0194033000152558,11543.0,667,9,,0.0592107999837026,10297.0,915,5,,0.1413231999613344,9945.0,1363,3,
109,7850,8452.0,1.2683111999940593,heavy_static,0.2460994999855756,9348.0,1819,3,,0.0194164999993518,11850.0,661,9,,0.0657357999589294,10776.0,938,5,,0.1320326999993994,10084.0,1375,3,
110,7591,8142.0,1.4151763999834657,heavy_static,0.2683845000574365,8782.0,1807,3,,0.0183349999133497,10876.0,644,9,,0.0562600999837741,10198.0,906,5,,0.1356504999566823,9830.0,1340,3,
111,7624,8181.0,1.017403200006811,heavy_static,0.2677728999406099,8805.0,1752,3,,0.0196630000136792,11175.0,651,9,,0.0740985999582335,10001.0,898,5,,0.1264884000411257,9629.0,1363,3,
112,7658,8248.0,1.169032999983756,heavy_static,0.3080863000359386,8888.0,1788,3,,0.0188869000412523,11320.0,654,9,,0.0633627000497654,10156.0,921,5,,0.1260109998984262,9824.0,1342,3,
113,7613,8181.0,1.0152860000089277,heavy_static,0.3044577999971807,8773.0,1808,3,,0.0220138999866321,11337.0,658,9,,0.0674650000873953,10161.0,922,5,,0.1233514999039471,9805.0,1330,3,
114,7339,7819.0,1.208591799979331,heavy_static,0.2743595999199897,8459.0,1795,3,,0.0183313000015914,10517.0,644,9,,0.0565180999692529,9659.0,905,5,,0.1473872000351548,9291.0,1348,3,
115,7844,8437.0,1.0631451999943238,heavy_static,0.2642864000517875,9061.0,1814,3,,0.0187129999976605,11605.0,645,9,,0.0557025999296456,10149.0,898,5,,0.1235216000350192,9837.0,1322,3,
116,7941,8573.0,1.447523100010585,heavy_static,0.2753768999828025,9213.0,1865,3,,0.0261540999636054,11589.0,666,9,,0.0624822000972926,10633.0,941,5,,0.1404212999623268,10325.0,1412,3,
117,7873,8490.0,1.415276999992784,heavy_static,0.3047696000430733,9146.0,1826,3,,0.0197807000949978,11624.0,664,9,,0.0655055999523028,10466.0,932,5,,0.1396848999429494,10082.0,1356,3,
118,7142,7630.0,1.1906272000051104,heavy_static,0.2627697999123484,8318.0,1757,3,,0.01975840004161,10508.0,650,9,,0.0613196999765932,9558.0,908,5,,0.1397334999637678,9214.0,1342,3,
119,7725,8315.0,1.1990498999948611,heavy_static,0.2678411999950185,8971.0,1809,3,,0.019914700067602,11603.0,665,9,,0.0651688000652939,10075.0,915,5,,0.1321386999916285,9755.0,1367,3,
120,7949,8584.0,1.2709202999831175,heavy_static,0.3038400000659749,9464.0,1826,3,,0.0202813000651076,12046.0,662,9,,0.0646373000927269,10836.0,930,5,,0.1490382999181747,10280.0,1364,3,
121,7751,8330.0,1.4639784999890253,heavy_static,0.3018874999834224,9018.0,1822,3,,0.0216120000695809,11586.0,661,9,,0.0722877000225707,10662.0,934,5,,0.1705715999705717,10202.0,1362,3,
122,7186,7661.0,1.1581128000107128,heavy_static,0.2971042999997735,8301.0,1721,3,,0.0186500999843701,10558.0,633,9,,0.0600787999574095,9505.0,879,5,,0.142376699950546,9157.0,1297,3,
123,7750,8306.0,1.1757870999863371,heavy_static,0.2431420999346301,8914.0,1801,3,,0.0183468000032007,11500.0,662,9,,0.0537268000189214,10334.0,929,5,,0.1294467999832704,10034.0,1393,3,
124,7324,7829.0,1.2531140000210144,heavy_static,0.2876894000219181,8437.0,1810,3,,0.0212132000597193,10825.0,657,9,,0.0734384000534191,9629.0,908,5,,0.1595089000184089,9261.0,1348,3,
125,7599,8149.0,1.1458180000190623,heavy_static,0.2717246999964118,8789.0,1864,3,,0.0194276999682188,11501.0,670,9,,0.0650138000492006,10125.0,935,5,,0.1601443999679759,9965.0,1368,3,
126,7443,7971.0,1.1421452999929895,heavy_static,0.2816566999536007,8595.0,1821,3,,0.0169099000049754,10973.0,656,9,,0.0599657000275328,10059.0,919,5,,0.1203481999691575,9707.0,1360,3,
127,7554,8094.0,1.1378434000071138,heavy_static,0.2682465999387204,8926.0,1787,3,,0.0210845000110566,11104.0,650,9,,0.0643028999911621,10082.0,896,5,,0.1224618999985978,9542.0,1341,3,
128,7715,8294.0,1.1776165000046603,heavy_static,0.3037338000722229,8902.0,1768,3,,0.019465500023216,11556.0,653,9,,0.0636994999367743,10354.0,913,5,,0.1270157999824732,9974.0,1370,3,
129,7443,7944.0,1.4464159000199288,heavy_static,0.3116746000014245,8584.0,1766,3,,0.0178205000702291,10966.0,662,9,,0.0767522000242024,9740.0,902,5,,0.1307176999980583,9392.0,1358,3,
130,7834,8441.0,1.2017518999928145,heavy_static,0.2858527000062167,9033.0,1764,3,,0.0216563999420031,11353.0,653,9,,0.0590513000497594,10277.0,908,5,,0.1389107999857515,9993.0,1374,3,
131,7614,8161.0,1.1213455999968571,heavy_static,0.3186923000030219,8849.0,1859,3,,0.0232494999654591,11317.0,670,9,,0.0638812000397592,10069.0,930,5,,0.151345600024797,9649.0,1347,3,
132,7489,7985.0,1.3124872999906074,heavy_static,0.2820158000104129,8657.0,1807,3,,0.0169951000716537,11105.0,653,9,,0.0593001999659463,9853.0,916,5,,0.1357360000256449,9377.0,1334,3,
133,7417,7966.0,0.9681426000024658,heavy_static,0.2434962999541312,8590.0,1809,3,,0.0172031000256538,10946.0,631,9,,0.0621972000226378,9726.0,894,5,,0.1434325999580323,9414.0,1324,3,
134,7777,8372.0,1.1997758999932555,heavy_static,0.2929673000471666,8980.0,1808,3,,0.0213803999358788,11734.0,664,9,,0.0741241000359878,10348.0,921,5,,0.1750931999413296,9988.0,1375,3,
135,7787,8366.0,1.2702818000107072,heavy_static,0.3085414000088349,8942.0,1781,3,,0.0185314000118523,11566.0,656,9,,0.0667800999945029,10586.0,921,5,,0.1351859999122098,10198.0,1358,3,
136,8138,8792.0,1.3385891999932935,heavy_static,0.2500028000213206,9416.0,1831,3,,0.0196503000333905,12118.0,681,9,,0.0536041000159457,10796.0,944,5,,0.1403284999541938,10480.0,1413,3,
137,8078,8707.0,1.3324251000012737,heavy_static,0.2559993000468239,9363.0,1859,3,,0.0230930000543594,11919.0,675,9,,0.0682629999937489,10855.0,957,5,,0.1406842999858781,10555.0,1401,3,
138,7504,8007.0,1.312041400000453,heavy_static,0.2590212000068277,8679.0,1818,3,,0.0180002000415697,11100.0,650,9,,0.0568065999541431,9727.0,903,5,,0.1254565000999719,9399.0,1334,3,
139,7837,8467.0,1.035440200008452,heavy_static,0.2698667999356985,9091.0,1796,3,,0.0219701000023633,11695.0,655,9,,0.0665765000740066,10567.0,916,5,,0.1489998999750241,10227.0,1351,3,
140,7670,8232.0,1.3355020000017248,heavy_static,0.2707467000000179,9096.0,1821,3,,0.0192390999291092,11670.0,671,9,,0.0598089999984949,10512.0,913,5,,0.1435527000576257,9904.0,1357,3,
141,7753,8399.0,1.099889000004623,heavy_static,0.3566394000081345,9055.0,1822,3,,0.0164449999574571,11511.0,653,9,,0.0789640999864786,10351.0,905,5,,0.1379634001059457,10015.0,1335,3,
142,7513,8072.0,1.423823299992364,heavy_static,0.2882913999492302,9000.0,1853,3,,0.020378699991852,11490.0,674,9,,0.0662107999669388,10356.0,932,5,,0.1710013999836519,9792.0,1373,3,
143,7993,8626.0,1.209219500015024,heavy_static,0.2718816000269726,9506.0,1836,3,,0.0200309000210836,12264.0,675,9,,0.0591367000015452,10810.0,933,5,,0.1303501999936998,10194.0,1411,3,
144,7624,8201.0,1.2221979000023566,heavy_static,0.3020219999598339,8777.0,1768,3,,0.0180794999469071,11303.0,653,9,,0.0720379999838769,10029.0,897,5,,0.1286805999698117,9705.0,1341,3,
145,7571,8121.0,1.1834050999896135,heavy_static,0.2376452001044526,8745.0,1748,3,,0.0198336000321432,10937.0,645,9,,0.0545008999761194,10193.0,905,5,,0.1214235000079497,9825.0,1378,3,
146,7598,8162.0,1.006167400017148,heavy_static,0.278637700015679,8771.0,1752,3,,0.0184002999449148,11120.0,647,9,,0.0592443000059574,10094.0,901,5,,0.1276757000014186,9778.0,1340,3,
147,7688,8239.0,1.160208599991165,heavy_static,0.2623127000406384,8927.0,1805,3,,0.0222853999584913,11233.0,666,9,,0.0725907000014558,10307.0,935,5,,0.1628461999353021,9887.0,1359,3,
148,7500,8068.0,1.2806445000169333,heavy_static,0.2514644000912085,8660.0,1801,3,,0.0188252999214455,11012.0,658,9,,0.059539100038819,10000.0,929,5,,0.1397699998924508,9620.0,1371,3,
149,7751,8346.0,1.1889942999987395,heavy_static,0.3119796999963,8954.0,1773,3,,0.022343200049363,11488.0,654,9,,0.0638748999917879,10482.0,909,5,,0.1421802000841125,10122.0,1342,3,
150,7883,8519.0,1.0691884999978356,heavy_static,0.2930297000566497,9143.0,1778,3,,0.0194014000007882,11625.0,660,9,,0.0634619999909773,10359.0,906,5,,0.1524888999992981,9999.0,1347,3,
151,7764,8356.0,1.330635699996492,heavy_static,0.2681671999162063,8964.0,1810,3,,0.0207043000264093,11452.0,663,9,,0.0702794999815523,10632.0,931,5,,0.1479341000085696,10276.0,1386,3,
152,7557,8108.0,1.0962507000076585,heavy_static,0.2532462000381201,8716.0,1755,3,,0.0164830000139772,11154.0,647,9,,0.0543462000787258,10036.0,900,5,,0.1202589999884367,9676.0,1342,3,
153,7613,8183.0,1.1642895999830216,heavy_static,0.2674437999958172,8855.0,1820,3,,0.0179023999953642,11101.0,650,9,,0.0579735999926924,10187.0,911,5,,0.1282840000931173,9839.0,1346,3,
154,8146,8794.0,1.0819706000038425,heavy_static,0.2976651999633759,9386.0,1820,3,,0.0215534000890329,12294.0,668,9,,0.069514499977231,11062.0,937,5,,0.135778299998492,10714.0,1392,3,
155,7347,7879.0,1.1462900000042282,heavy_static,0.31498509994708,8567.0,1811,3,,0.0170983000425621,10769.0,660,9,,0.0683559000026434,9911.0,918,5,,0.1391643999377265,9631.0,1370,3,
156,7691,8278.0,1.1852036000054795,heavy_static,0.3318717000074684,8950.0,1809,3,,0.0187170000281184,11552.0,662,9,,0.069743699976243,10182.0,918,5,,0.1576116000069305,9846.0,1375,3,
157,7757,8353.0,1.0445275999954902,heavy_static,0.2555471000960096,8945.0,1758,3,,0.0222057000501081,11619.0,659,9,,0.0615963999880477,10385.0,917,5,,0.1390323999803513,10089.0,1359,3,
158,7465,7990.0,1.446678400010569,heavy_static,0.2981826999457553,8614.0,1742,3,,0.0235706999665126,11350.0,659,9,,0.0693420000607147,9890.0,905,5,,0.159796499996446,9534.0,1346,3,
159,7838,8453.0,1.0572256000014022,heavy_static,0.2509395000524819,9189.0,1855,3,,0.0183245000662282,11715.0,670,9,,0.0635735000250861,10433.0,940,5,,0.1362228000070899,10037.0,1391,3,
160,7760,8380.0,1.4551299999875482,heavy_static,0.2964750999817624,9036.0,1840,3,,0.0203480999916791,11654.0,657,9,,0.0619112000567838,10200.0,912,5,,0.1397368999896571,9884.0,1367,3,
161,7711,8311.0,1.0199344999855384,heavy_static,0.248981500044465,8935.0,1803,3,,0.0193987999809905,11393.0,662,9,,0.0619338999968022,10167.0,915,5,,0.1503039000090211,9823.0,1367,3,
162,7910,8499.0,1.1981707999948412,heavy_static,0.2583767999894917,9379.0,1832,3,,0.0167537999805063,11920.0,664,9,,0.0546293000224977,10851.0,939,5,,0.1340459999628365,10243.0,1374,3,
163,7585,8147.0,1.2696878999995531,heavy_static,0.2453913999488577,8787.0,1770,3,,0.0182497000787407,11075.0,658,9,,0.055933800060302,10171.0,928,5,,0.1352362999459728,9819.0,1373,3,
164,7586,8144.0,1.1693011999886949,heavy_static,0.2582767999265343,8736.0,1763,3,,0.0407843999564647,11012.0,642,9,,0.0614218000555411,9916.0,894,5,,0.1386465000687167,9608.0,1353,3,
165,7751,8293.0,1.0354374000162352,heavy_static,0.2839777999324724,8965.0,1812,3,,0.020202099927701,11547.0,651,9,,0.064669799990952,10205.0,920,5,,0.1369104000041261,9829.0,1349,3,
166,7622,8144.0,1.3648562000016682,heavy_static,0.3340840999735519,8784.0,1790,3,,0.0230970999691635,11344.0,672,9,,0.0675435999874025,10312.0,939,5,,0.1563263999996706,10048.0,1390,3,
167,7888,8547.0,1.1022912999906112,heavy_static,0.2514017999637872,9187.0,1837,3,,0.0208255000179633,11719.0,662,9,,0.0624832999892532,10503.0,930,5,,0.1282277000136673,10259.0,1387,3,
168,7499,8074.0,1.3159128999977838,heavy_static,0.2857618000125512,8650.0,1786,3,,0.0166529000271111,11170.0,667,9,,0.0653912000125274,10094.0,910,5,,0.1551258999388665,9802.0,1393,3,
169,7314,7835.0,1.1011882000020703,heavy_static,0.2499367999844253,8459.0,1770,3,,0.0188991000177338,11023.0,650,9,,0.0661453999346122,9851.0,905,5,,0.1478729000082239,9563.0,1353,3,
170,7507,8070.0,0.9809039999963716,heavy_static,0.2580903000198304,8710.0,1769,3,,0.0187811000505462,11270.0,639,9,,0.0649354000343009,10026.0,902,5,,0.1547928999643772,9638.0,1313,3,
171,7781,8331.0,1.178537600004347,heavy_static,0.2787719001062214,8971.0,1776,3,,0.0223078000126406,11339.0,660,9,,0.0596842999802902,10423.0,925,5,,0.1376875999849289,10011.0,1345,3,
172,7080,7518.0,0.9526087999984156,heavy_static,0.2707385999383405,8174.0,1713,3,,0.0173197999829426,10930.0,634,9,,0.0651266000932082,9358.0,877,5,,0.125804099952802,8958.0,1274,3,
173,7165,7677.0,1.0912983000162058,heavy_static,0.317884900025092,8317.0,1753,3,,0.0159426999744027,10561.0,643,9,,0.0649582999758422,9541.0,898,5,,0.1410201000981032,9197.0,1328,3,
174,8170,8819.0,1.0939409999991767,heavy_static,0.3103447000030428,9411.0,1855,3,,0.0197902000509202,11835.0,660,9,,0.0678218000102788,10575.0,936,5,,0.1381070000352338,10179.0,1360,3,
175,7731,8344.0,1.44929950000369,heavy_static,0.266937299980782,9000.0,1806,3,,0.0172932000132277,11638.0,666,9,,0.0586756999837234,10364.0,941,5,,0.1285042000235989,10016.0,1401,3,
176,6951,7425.0,0.9063007999793626,heavy_static,0.2971947999903932,8097.0,1732,3,,0.0158341999631375,10369.0,626,9,,0.0638452999992296,9581.0,887,5,,0.1213509000372141,9217.0,1327,3,
177,7426,7924.0,1.1233934999909252,heavy_static,0.2721207999857142,8580.0,1738,3,,0.0195620999438688,11068.0,647,9,,0.0549472999991849,9884.0,895,5,,0.12778150010854,9532.0,1328,3,
178,7667,8203.0,1.0184003000031223,heavy_static,0.3134765999857336,8859.0,1808,3,,0.0195343999657779,11391.0,650,9,,0.064751400030218,9859.0,900,5,,0.1378008999163285,9507.0,1347,3,
179,7550,8109.0,1.1581975999870338,heavy_static,0.2910363000119105,8813.0,1812,3,,0.018417099956423,11131.0,650,9,,0.0633254999993369,10081.0,924,5,,0.1282016000477597,9701.0,1363,3,
180,7892,8532.0,1.047915200004354,heavy_static,0.2532230000942945,9364.0,1800,3,,0.0215308000333607,11698.0,655,9,,0.0547010999871417,10616.0,905,5,,0.1241655999328941,10084.0,1363,3,
181,7483,8030.0,1.3020664999785367,heavy_static,0.2960127000696957,8654.0,1837,3,,0.0195580000290647,10984.0,654,9,,0.0644715999951586,9874.0,918,5,,0.1352264999877661,9558.0,1336,3,
182,7549,8059.0,0.9983595000230708,heavy_static,0.2843114999122917,8731.0,1767,3,,0.0171147999353706,11037.0,649,9,,0.0585495999548584,9835.0,899,5,,0.1191699999617412,9475.0,1331,3,
183,7510,8096.0,1.1568230999982916,heavy_static,0.3311128999339416,8768.0,1772,3,,0.0189763000234961,10998.0,652,9,,0.0681557999923825,10076.0,907,5,,0.1578440000303089,9712.0,1355,3,
184,7942,8579.0,1.051715499983402,heavy_static,0.3380038000177592,9251.0,1792,3,,0.0224630000302568,11883.0,653,9,,0.0679854999762028,10323.0,893,5,,0.1419446999207139,9995.0,1352,3,
185,7528,8096.0,1.481204299983801,heavy_static,0.2894864999689162,8784.0,1779,3,,0.0179337000008672,11046.0,648,9,,0.0643849000334739,10016.0,915,5,,0.1307771999854594,9680.0,1365,3,
186,7836,8405.0,1.2406034999876283,heavy_static,0.2797203999944031,9013.0,1839,3,,0.0184901000466197,11641.0,668,9,,0.060441100038588,10569.0,930,5,,0.146567799965851,10261.0,1397,3,
187,7295,7815.0,1.285239199991338,heavy_static,0.300416300073266,8455.0,1813,3,,0.0224771000212058,10439.0,641,9,,0.0618009000318124,9671.0,888,5,,0.1489222999662161,9399.0,1343,3,
188,7736,8289.0,1.173996700003045,heavy_static,0.2626349999336526,8866.0,1776,3,,0.0175471999682486,11149.0,648,9,,0.0589797999709844,10161.0,913,5,,0.1309106000699103,9817.0,1386,3,
189,7552,8079.0,1.3146497000125237,heavy_static,0.2681844999315217,8719.0,1789,3,,0.0161517000524327,11665.0,665,9,,0.0558275000657886,10067.0,925,5,,0.123240299988538,9751.0,1336,3,
190,7610,8158.0,1.1713094000006097,heavy_static,0.3261357999872416,8750.0,1758,3,,0.0207580999704077,11209.0,650,9,,0.0623858000617474,10102.0,913,5,,0.1341049000620842,9766.0,1346,3,
191,7601,8166.0,1.02530779998051,heavy_static,0.3026968999765813,8838.0,1833,3,,0.0170487000141292,11330.0,667,9,,0.0725393999600783,10102.0,942,5,,0.1295027999440208,9702.0,1386,3,
192,7080,7571.0,1.3762066999915987,heavy_static,0.3066124999895692,8163.0,1760,3,,0.0187901000026613,10305.0,633,9,,0.0585619000485166,9339.0,893,5,,0.1431057000299915,9003.0,1308,3,
193,7170,7655.0,0.9309827000251972,heavy_static,0.2655473999911919,8247.0,1721,3,,0.0155175999971106,10739.0,641,9,,0.0531242999713867,9511.0,870,5,,0.124234199989587,9247.0,1331,3,
194,7392,7924.0,1.136587300017709,heavy_static,0.3327048000646755,8548.0,1785,3,,0.0205229999264702,11034.0,650,9,,0.0728039999958127,9828.0,906,5,,0.1642634000163525,9500.0,1356,3,
195,8110,8785.0,1.077112400002079,heavy_static,0.2726152999093756,9457.0,1832,3,,0.0210328999673947,11909.0,669,9,,0.0674048000946641,10889.0,947,5,,0.149411900085397,10449.0,1382,3,
196,8012,8636.0,1.4298517999995966,heavy_static,0.3233606999274343,9500.0,1854,3,,0.0176943999249488,12042.0,667,9,,0.0657419000053778,10848.0,933,5,,0.139536099974066,10300.0,1395,3,
197,7412,7943.0,1.137945900001796,heavy_static,0.2980163000756874,8567.0,1837,3,,0.0215926000382751,10671.0,656,9,,0.0646945000626146,9827.0,932,5,,0.1656540000112727,9511.0,1360,3,
198,7709,8282.0,1.18924030000926,heavy_static,0.3072737000184133,8922.0,1797,3,,0.0178968999534845,11478.0,659,9,,0.0758648999035358,10202.0,908,5,,0.1405262000625953,9866.0,1358,3,
199,7334,7830.0,0.9650696000026072,heavy_static,0.3165316999657079,8454.0,1775,3,,0.0188265999313443,10784.0,651,9,,0.0710059000412002,9818.0,903,5,,0.157758800080046,9478.0,1334,3,
200,7908,8492.0,1.4569741999730468,heavy_static,0.2504559999797493,9116.0,1850,3,,0.0225163999712094,11474.0,666,9,,0.065453500021249,10356.0,930,5,,0.1533185000298544,9996.0,1373,3,
201,7695,8239.0,1.566302099992754,heavy_static,0.3399143000133335,8879.0,1806,3,,0.0174263999797403,11505.0,661,9,,0.071536700008437,10183.0,928,5,,0.1470006000017747,9783.0,1357,3,
202,7873,8505.0,1.0772362000134308,heavy_static,0.2614877999294549,9097.0,1797,3,,0.0165376999648287,11857.0,676,9,,0.0551704000681638,10893.0,953,5,,0.1282771000405773,10513.0,1388,3,
203,7832,8420.0,1.293107500008773,heavy_static,0.2731785000069067,9318.0,1786,3,,0.0152566999895498,11744.0,644,9,,0.0562689000507816,10500.0,900,5,,0.1179386000148952,9900.0,1320,3,
204,7736,8322.0,1.0167033999750856,heavy_static,0.2633146999869495,8690.0,1815,2,,0.019142200006172,11268.0,648,8,,0.0617386000230908,10098.0,915,4,,0.1397032999666407,10042.0,1356,3,
205,7494,8046.0,1.5658185000065714,heavy_static,0.2918357000453397,8942.0,1778,3,,0.0191027999389916,11416.0,652,9,,0.0654243999160826,10178.0,911,5,,0.1417847999837249,9678.0,1372,3,
206,7449,7932.0,0.9887225000129548,heavy_static,0.2638691000174731,8572.0,1757,3,,0.0163866999791935,10990.0,647,9,,0.0614556999644264,9888.0,903,5,,0.1395647999597713,9556.0,1325,3,
207,7386,7943.0,1.1232374000246637,heavy_static,0.2604422000003978,8551.0,1768,3,,0.0206488999538123,10997.0,646,9,,0.0565814999863505,9815.0,898,5,,0.1415389999747276,9463.0,1326,3,
208,7721,8306.0,1.0170750000106636,heavy_static,0.2982585000572726,8946.0,1784,3,,0.0178113000001758,11190.0,648,9,,0.0553928000153973,10094.0,901,5,,0.1293294000206515,9762.0,1333,3,
209,6975,7446.0,1.0727590000024063,heavy_static,0.2556398999877274,8054.0,1756,3,,0.0186068000039085,10256.0,633,9,,0.0655641999328509,9274.0,888,5,,0.1409998000599444,8895.0,1321,3,
210,7912,8521.0,1.0615107000048738,heavy_static,0.3744098000461235,9177.0,1822,3,,0.0213376999599859,11719.0,651,9,,0.0762386999558657,10821.0,928,5,,0.1611465000314638,10505.0,1379,3,
211,7243,7712.0,1.278189199976623,heavy_static,0.2517963999416679,8144.0,1771,2,,0.0168787000002339,10400.0,640,8,,0.0556808999972417,9296.0,901,4,,0.1409640000201761,9176.0,1305,3,
212,7712,8290.0,1.0133786000078544,heavy_static,0.3127375999465585,8930.0,1788,3,,0.0197821999900043,11264.0,643,9,,0.0631356000667437,10178.0,904,5,,0.1500040999380871,9826.0,1344,3,
213,7125,7604.0,1.199779300019145,heavy_static,0.2695946000749245,8260.0,1819,3,,0.0146119999699294,10354.0,652,9,,0.0608956000069156,9472.0,922,5,,0.1184178999392315,9172.0,1317,3,
214,7369,7913.0,0.9659002000116744,heavy_static,0.2962138999719172,8521.0,1744,3,,0.0203341000014916,10889.0,644,9,,0.0560442000860348,9885.0,900,5,,0.1291108999866992,9561.0,1312,3,
215,7392,7920.0,1.1319971999910194,heavy_static,0.317922499962151,8528.0,1786,3,,0.0176370000699535,11212.0,652,9,,0.0718632999341934,9844.0,904,5,,0.1486711000325158,9560.0,1371,3,
216,7380,7897.0,0.9951922000036576,heavy_static,0.2766946000047028,8489.0,1752,3,,0.0179457999765872,10803.0,644,9,,0.0646377000957727,9717.0,893,5,,0.1426174000371247,9401.0,1317,3,
217,7700,8298.0,1.2044591999729164,heavy_static,0.327849099994637,8906.0,1790,3,,0.0189486000454053,11380.0,663,9,,0.0769529999233782,10374.0,932,5,,0.1470184999052435,9994.0,1359,3,
218,7581,8140.0,1.5683124999923166,heavy_static,0.2998496999498456,8828.0,1795,3,,0.0158412000164389,11294.0,658,9,,0.0634756999788805,10284.0,923,5,,0.1313854999607429,9988.0,1381,3,
219,7427,7939.0,0.9837830000033136,heavy_static,0.2993345999857411,8515.0,1723,3,,0.0427043000236153,11035.0,637,9,,0.0643578000599518,9771.0,892,5,,0.1338793999748304,9419.0,1298,3,
220,7215,7697.0,1.088955400016857,heavy_static,0.2562975999899208,8289.0,1719,3,,0.0164365000091493,10531.0,647,9,,0.063385400106199,9865.0,892,5,,0.1364395999116823,9593.0,1354,3,
221,7604,8158.0,1.024485600006301,heavy_static,0.2960882999468595,8750.0,1791,3,,0.0196309000020846,11512.0,659,9,,0.0629709999775514,10094.0,907,5,,0.1485481000272557,9726.0,1337,3,
222,7792,8373.0,1.185903600009624,heavy_static,0.2663567001000047,9013.0,1755,3,,0.0172799000283703,11533.0,658,9,,0.0562765999929979,10405.0,901,5,,0.1296328000025823,10317.0,1368,3,
223,7809,8401.0,1.2116898999956902,heavy_static,0.278122799936682,9041.0,1806,3,,0.0179494000039994,11337.0,655,9,,0.0604488999815657,10353.0,921,5,,0.1264130999334156,9977.0,1366,3,
224,7297,7811.0,1.2477215999970213,heavy_static,0.3065612000646069,8403.0,1751,3,,0.0261569999856874,11029.0,638,9,,0.0730355000123381,9571.0,879,5,,0.1469733000267297,9267.0,1302,3,
225,7847,8471.0,1.0536186999815982,heavy_static,0.2764927999814972,9079.0,1845,3,,0.0171387000009417,11675.0,674,9,,0.0594423000002279,10551.0,941,5,,0.1342813000082969,10159.0,1402,3,
226,7724,8308.0,1.4539819000056011,heavy_static,0.2917492999695241,9156.0,1804,3,,0.0157692999346181,11448.0,661,9,,0.0612091000657528,10660.0,935,5,,0.1332213999703526,10108.0,1377,3,
227,7446,7984.0,1.179606099991361,heavy_static,0.2613936000270769,8608.0,1857,3,,0.0198192000389099,11224.0,672,9,,0.055364100029692,9968.0,925,5,,0.1270634001120925,9672.0,1374,3,
228,7522,8066.0,1.3944862999778709,heavy_static,0.2685177000239491,8706.0,1766,3,,0.0169980999780818,11230.0,647,9,,0.0635595999192446,10246.0,900,5,,0.1302214000606909,9930.0,1319,3,
229,7733,8334.0,1.314015699987067,heavy_static,0.3304686999181285,8958.0,1857,3,,0.0192598000867292,11604.0,672,9,,0.0684313999954611,10134.0,928,5,,0.1578265000134706,9814.0,1367,3,
230,7934,8573.0,1.4555052999930922,heavy_static,0.2879954000236466,9501.0,1876,3,,0.0175292000640183,12107.0,680,9,,0.0581023999257013,10749.0,943,5,,0.1459401999600231,10253.0,1404,3,
231,7074,7528.0,1.0177098000131082,heavy_static,0.2671104999026283,8200.0,1781,3,,0.0180534999817609,10482.0,640,9,,0.0566240000771358,9344.0,890,5,,0.1394852999364957,9056.0,1313,3,
232,7103,7617.0,1.1064100000075996,heavy_static,0.3027944000205025,8209.0,1750,3,,0.0178213000763207,10451.0,631,9,,0.0615590999368578,9321.0,875,5,,0.1414691000245511,8961.0,1301,3,
233,8090,8742.0,1.142630200018175,heavy_static,0.2681786000030115,9654.0,1830,3,,0.0201195999979972,12282.0,661,9,,0.0564644000260159,10846.0,920,5,,0.1434283000417053,10222.0,1342,3,
234,7655,8218.0,1.3754651000199374,heavy_static,0.3132325999904424,8810.0,1800,3,,0.0202306000282987,11782.0,676,9,,0.0678947999840602,10358.0,937,5,,0.1428443000186234,10026.0,1398,3,
235,7864,8498.0,1.532982000004267,heavy_static,0.2373674000846222,9154.0,1802,3,,0.020037299953401,11612.0,663,9,,0.0623865999514237,10354.0,916,5,,0.1435819000471383,10234.0,1367,3,
236,7502,8033.0,1.1411609000060707,heavy_static,0.3226246999111026,8673.0,1836,3,,0.0170089999446645,11109.0,657,9,,0.0700444000540301,10017.0,929,5,,0.1399050999898463,9697.0,1378,3,
237,7374,7911.0,1.441728999983752,heavy_static,0.3219994999235496,8535.0,1767,3,,0.0208388000028207,10653.0,638,9,,0.0689262000378221,9815.0,914,5,,0.1492101000621915,9471.0,1329,3,
238,7474,8017.0,0.9884125999815296,heavy_static,0.2644419999560341,8593.0,1741,3,,0.0166122000664472,11149.0,647,9,,0.054640999995172,9717.0,884,5,,0.1241838000714778,9433.0,1328,3,
239,7478,7999.0,1.3899036000075284,heavy_static,0.2667840999783948,8623.0,1781,3,,0.0209010000107809,10841.0,665,9,,0.0704302000813186,10127.0,927,5,,0.1651998000452295,9823.0,1375,3,
240,7701,8288.0,1.4262106000096535,heavy_static,0.2670952000189572,8928.0,1815,3,,0.0168975000269711,11586.0,658,9,,0.0551034999080002,10176.0,914,5,,0.1532398000126704,9864.0,1357,3,
241,8070,8703.0,1.3653981999959797,heavy_static,0.2729871999472379,9327.0,1815,3,,0.022711000056006,11975.0,663,9,,0.0727783000329509,10579.0,934,5,,0.1710618999786675,10279.0,1366,3,
242,7486,8077.0,1.0846483999921477,heavy_static,0.2685042000375688,8717.0,1778,3,,0.017299500061199,11065.0,655,9,,0.0613699000095948,10089.0,923,5,,0.1267217000713572,9805.0,1381,3,
243,7738,8302.0,1.5876529999950435,heavy_static,0.2955428999848664,8942.0,1811,3,,0.0200353000545874,11202.0,645,9,,0.0632334999972954,10230.0,924,5,,0.15081410005223,9926.0,1372,3,
244,7324,7857.0,1.1365038999938406,heavy_static,0.2651335999835282,8497.0,1747,3,,0.0203958000056445,10703.0,649,9,,0.0634306999854743,9705.0,905,5,,0.1419821999734267,9393.0,1352,3,
245,7656,8231.0,1.194563600001857,heavy_static,0.2788281000684947,8855.0,1797,3,,0.0168569000670686,11295.0,663,9,,0.0632789999945089,9959.0,910,5,,0.1441110000014305,9615.0,1339,3,
246,7672,8266.0,1.0152960999985223,heavy_static,0.2948376999702304,8922.0,1783,3,,0.0174662000499665,10966.0,638,9,,0.0596052999608218,10166.0,906,5,,0.1421720000216737,9874.0,1375,3,
247,7643,8211.0,1.301664200000232,heavy_static,0.298674700083211,8835.0,1760,3,,0.0217704999959096,11109.0,636,9,,0.0715109000448137,9895.0,887,5,,0.1310561998980119,9763.0,1344,3,
248,7469,8030.0,1.2480240000004414,heavy_static,0.2669427000219002,8654.0,1777,3,,0.0160345999756827,11022.0,641,9,,0.059092600014992,9770.0,886,5,,0.1319073000922799,9446.0,1320,3,
249,7886,8496.0,1.1348996000015177,heavy_static,0.2719609999330714,9488.0,1880,3,,0.0192035000072792,11730.0,672,9,,0.068314200034365,10768.0,935,5,,0.1642846999457106,10136.0,1375,3,
250,7756,8356.0,1.4514781000034418,heavy_static,0.3274717000313103,9268.0,1833,3,,0.0168783999979496,11828.0,665,9,,0.064212099998258,10576.0,919,5,,0.1633011000230908,10020.0,1370,3,
251,7446,8022.0,1.2751932999817654,heavy_static,0.2720919999992475,8694.0,1819,3,,0.0218880999600514,10756.0,650,9,,0.0666316000279039,9898.0,919,5,,0.1487704999744892,9446.0,1347,3,
252,7563,8107.0,1.1539449999982023,heavy_static,0.2630022000521421,8731.0,1785,3,,0.020218800054863,11265.0,670,9,,0.0613527001114562,10083.0,926,5,,0.1440620999783277,9795.0,1368,3,
253,7757,8327.0,1.0401447000040207,heavy_static,0.3180545999202877,9031.0,1863,3,,0.0180882000131532,11593.0,672,9,,0.0645836000330746,10471.0,940,5,,0.1484831999987363,10167.0,1381,3,
254,7073,7533.0,1.0862493999884464,heavy_static,0.2832284999312833,8093.0,1663,3,,0.017579499981366,10245.0,619,9,,0.0598891000263392,9361.0,852,5,,0.1284419000148773,9005.0,1259,3,
255,7441,7999.0,0.99864120001439,heavy_static,0.249280699994415,8719.0,1791,3,,0.0182438999181613,11477.0,658,9,,0.0613858000142499,10107.0,914,5,,0.1409927000058815,9823.0,1382,3,
256,7997,8642.0,1.2198874000168871,heavy_static,0.2513739999849349,9314.0,1822,3,,0.0218930999981239,11834.0,659,9,,0.0974275000626221,10626.0,920,5,,0.1423519001109525,10250.0,1378,3,
257,7487,8002.0,1.00934629997937,heavy_static,0.2700107999844476,8594.0,1725,3,,0.0171033999649807,10976.0,634,9,,0.0569583000615239,9802.0,885,5,,0.1416982999071478,9530.0,1309,3,
258,7411,7927.0,1.28294159998768,heavy_static,0.3360786000266671,8535.0,1732,3,,0.0154744000174105,11091.0,642,9,,0.0593454999616369,9743.0,890,5,,0.1432465000543743,9439.0,1349,3,
259,7562,8100.0,1.0163365999760572,heavy_static,0.2785222999518737,8740.0,1841,3,,0.0164994000224396,11128.0,665,9,,0.0588737999787554,10196.0,940,5,,0.1240670999977737,9828.0,1381,3,
260,7623,8245.0,1.5286821000045163,heavy_static,0.303876299993135,8885.0,1792,3,,0.0264854999259114,11383.0,656,9,,0.0666428999975323,10281.0,913,5,,0.1598239000886678,9957.0,1368,3,
261,7754,8360.0,1.253715500002727,heavy_static,0.3191594999516383,9000.0,1829,3,,0.0223323999671265,11700.0,670,9,,0.0782009999966248,10336.0,922,5,,0.1469456000486388,9960.0,1363,3,
262,7703,8297.0,1.261991900013527,heavy_static,0.2782968000974506,9145.0,1809,3,,0.0155680000316351,11795.0,656,9,,0.0581269999966025,10457.0,910,5,,0.1403318999800831,9849.0,1335,3,
263,8136,8790.0,1.4799315000127535,heavy_static,0.3170556999975815,9446.0,1811,3,,0.0190820000134408,12006.0,670,9,,0.0653045999351888,10774.0,940,5,,0.1402099999831989,10326.0,1363,3,
264,7581,8137.0,1.4154280000075232,heavy_static,0.2704022999387234,8763.0,1742,3,,0.0214210000121966,11081.0,644,9,,0.0602757999440655,9973.0,898,5,,0.1471724000293761,9601.0,1354,3,
265,7592,8152.0,1.3789167999930214,heavy_static,0.2528057000599801,8792.0,1774,3,,0.0179264999460428,11086.0,638,9,,0.060346300015226,9932.0,892,5,,0.1281715000513941,9616.0,1320,3,
266,7559,8108.0,1.0085104999889154,heavy_static,0.2493285000091418,8716.0,1811,3,,0.0164328999817371,10972.0,644,9,,0.0609545999905094,10136.0,911,5,,0.1277694000164047,9804.0,1327,3,
267,8072,8762.0,1.260106600006111,heavy_static,0.3291736000683158,9402.0,1813,3,,0.0209416000870987,11928.0,663,9,,0.0696392999961972,10782.0,936,5,,0.1621698000235483,10410.0,1380,3,
268,7259,7759.0,1.1600542000087444,heavy_static,0.2749622999690473,8383.0,1748,3,,0.0215864999918267,10731.0,639,9,,0.0637962999753654,9595.0,895,5,,0.1455279000801965,9207.0,1331,3,
269,7670,8268.0,1.1744209000025876,heavy_static,0.2596475000027567,8876.0,1819,3,,0.0178091999841853,11480.0,656,9,,0.0662622000090777,10232.0,908,5,,0.1419419000158086,9908.0,1365,3,
270,7653,8200.0,1.305369299981976,heavy_static,0.2945040999911725,8840.0,1784,3,,0.0164915999630466,10886.0,648,9,,0.0758102000690996,9932.0,896,5,,0.1308890000218525,9600.0,1337,3,
271,7835,8461.0,1.2085060000244994,heavy_static,0.2553142999531701,9165.0,1824,3,,0.018622100003995,11519.0,661,9,,0.0531992999603971,10481.0,925,5,,0.1303045999957248,10125.0,1345,3,
272,8070,8707.0,1.1708037999924272,heavy_static,0.3522978000110015,9667.0,1894,3,,0.0162802000995725,12301.0,669,9,,0.0765524000162258,11031.0,953,5,,0.1474943999201059,10435.0,1396,3,
273,7789,8376.0,1.3738409999932628,heavy_static,0.2956181999761611,9384.0,1842,3,,0.0189761000219732,12450.0,683,9,,0.0665176000911742,10792.0,947,5,,0.1366558999288827,10128.0,1401,3,
274,7874,8485.0,1.289870799984783,heavy_static,0.2571960999630391,9189.0,1837,3,,0.0188920999644324,11851.0,661,9,,0.0589352999813854,10581.0,932,5,,0.1390369000146165,10221.0,1356,3,
275,7942,8571.0,1.235400200006552,heavy_static,0.2767430000239983,9275.0,1847,3,,0.0183491000207141,11511.0,672,9,,0.0657729000085964,10511.0,928,5,,0.1357982000336051,10171.0,1406,3,
276,7784,8358.0,1.3835926000028849,heavy_static,0.2881323000183329,9062.0,1809,3,,0.0151251000352203,11368.0,654,9,,0.0639714000280946,10142.0,905,5,,0.1313229000661522,9766.0,1355,3,
277,7630,8210.0,0.9964333999960218,heavy_static,0.267922000028193,8882.0,1823,3,,0.0192118999548256,11376.0,658,9,,0.0598352000815793,10210.0,921,5,,0.1267249000957235,9770.0,1350,3,
278,7819,8398.0,1.1965675999817904,heavy_static,0.281569299986586,9230.0,1800,3,,0.0212518000043928,12042.0,672,9,,0.0640263000968843,10518.0,908,5,,0.1488190999953076,9942.0,1358,3,
279,8174,8841.0,1.0683947000070475,heavy_static,0.2853115000762045,9737.0,1835,3,,0.0178385999752208,12337.0,691,9,,0.060719099943526,11177.0,962,5,,0.1337968000443652,10601.0,1416,3,
280,7405,7933.0,1.3004135999944992,heavy_static,0.2987151000415906,8573.0,1766,3,,0.0253796000033617,11081.0,652,9,,0.0754758999682962,9997.0,906,5,,0.1394401000579819,9733.0,1377,3,
281,8013,8651.0,1.1044184000056705,heavy_static,0.2930841000052169,9259.0,1784,3,,0.0199376000091433,11679.0,648,9,,0.0622201999649405,10655.0,901,5,,0.1460289999376982,10323.0,1348,3,
282,7260,7737.0,1.2256970999878831,heavy_static,0.3056465999688953,8345.0,1760,3,,0.0172235999489203,10737.0,656,9,,0.0673295999877154,9845.0,916,5,,0.1555047000292688,9489.0,1336,3,
283,7803,8364.0,1.0133582999987991,heavy_static,0.2624104999704286,8956.0,1799,3,,0.0185869999695569,11246.0,651,9,,0.064283899962902,10324.0,916,5,,0.1398686999455094,9996.0,1358,3,
284,8061,8697.0,1.2239160999888554,heavy_static,0.2969814999960363,9353.0,1908,3,,0.0207590000936761,12093.0,686,9,,0.0649371000472456,10701.0,953,5,,0.1333103000652045,10353.0,1404,3,
285,7665,8244.0,1.3485550999757834,heavy_static,0.2935032000532374,8836.0,1778,3,,0.0179003000957891,11652.0,654,9,,0.0675030000275,10176.0,911,5,,0.1517049000831321,9836.0,1321,3,
286,7350,7866.0,1.1294443999940995,heavy_static,0.3072415000060573,8474.0,1795,3,,0.0167020000517368,10890.0,644,9,,0.0649437999818474,9810.0,889,5,,0.1274382000556215,9506.0,1337,3,
287,7301,7827.0,0.9422759000153746,heavy_static,0.3009360999567434,8435.0,1751,3,,0.0198102000867947,10791.0,635,9,,0.069876900059171,9891.0,891,5,,0.1399368999991566,9515.0,1312,3,
288,7769,8386.0,1.1749110000091605,heavy_static,0.2761534999590367,9026.0,1735,3,,0.0192980000283569,11534.0,642,9,,0.0613386000040918,10366.0,909,5,,0.1377018999774009,9938.0,1346,3,
289,7457,7989.0,1.152644199988572,heavy_static,0.2985562999965623,8661.0,1838,3,,0.0155825000256299,11005.0,660,9,,0.0606243000365793,10021.0,918,5,,0.1460998000111431,9685.0,1363,3,
290,7769,8388.0,1.0152625999762677,heavy_static,0.2867501999717206,9012.0,1859,3,,0.0193473000545054,11354.0,665,9,,0.0566737999906763,10408.0,931,5,,0.1314085000194609,10092.0,1356,3,
291,7874,8407.0,1.2721789000206627,heavy_static,0.3054632999701425,9063.0,1847,3,,0.0213467999128624,11785.0,661,9,,0.0609608999220654,10471.0,932,5,,0.1306965999538079,10111.0,1388,3,
292,7588,8135.0,1.2466439999989234,heavy_static,0.2965902000432834,8759.0,1830,3,,0.0173378000035882,11031.0,656,9,,0.0625297999940812,10007.0,911,5,,0.1339063999475911,9823.0,1381,3,
293,7383,7885.0,1.1336186999978963,heavy_static,0.2804075999883935,8541.0,1818,3,,0.01782299997285,10767.0,643,9,,0.0575852999463677,9725.0,920,5,,0.1347816999768838,9333.0,1328,3,
294,7687,8245.0,1.0005796999903396,heavy_static,0.3084610000951215,8917.0,1833,3,,0.0250942999264225,11309.0,662,9,,0.0749524000566452,10453.0,927,5,,0.1718778000213205,10093.0,1381,3,
295,7551,8102.0,1.2148579999920912,heavy_static,0.2856545000104233,8982.0,1818,3,,0.0206281000282615,11418.0,658,9,,0.0605854999739676,10410.0,921,5,,0.1510782999685034,9910.0,1371,3,
296,7588,8149.0,0.9922659000148996,heavy_static,0.3216663999482989,9061.0,1806,3,,0.0212235999060794,11739.0,660,9,,0.0702048999955877,10441.0,919,5,,0.1636656000046059,9853.0,1354,3,
297,7598,8126.0,1.1719435999984853,heavy_static,0.2817439999198541,9022.0,1805,3,,0.0232935999520123,11536.0,660,9,,0.0666863999795168,10298.0,922,5,,0.1422731999773532,9750.0,1359,3,
298,7718,8342.0,1.0201014000049329,heavy_static,0.244531900039874,8966.0,1745,3,,0.019706999999471,11830.0,658,9,,0.0641733999364078,10314.0,905,5,,0.1490561999380588,9982.0,1347,3,
299,7343,7852.0,1.1203725000086706,heavy_static,0.280773299979046,8492.0,1774,3,,0.016207700013183,10724.0,650,9,,0.058457399951294,9876.0,920,5,,0.1308899000287056,9508.0,1354,3,
300,7654,8243.0,1.0447113999980502,heavy_static,0.2699362999992445,8899.0,1818,3,,0.018426000024192,11557.0,655,9,,0.0620769000379368,10035.0,911,5,,0.139001400093548,9635.0,1349,3,
301,7552,8080.0,1.1630634999892209,heavy_static,0.257754800026305,8720.0,1821,3,,0.0204512000782415,11294.0,666,9,,0.0565838000038638,9952.0,901,5,,0.1410696000093594,9608.0,1353,3,
302,7796,8377.0,1.0160957999760285,heavy_static,0.2830603000475093,9001.0,1803,3,,0.0185317000141367,11373.0,660,9,,0.0650788999628275,10405.0,925,5,,0.1487675999524071,10081.0,1382,3,
303,7635,8190.0,1.3734238999895751,heavy_static,0.2540555000305176,8798.0,1785,3,,0.0174697000766173,11212.0,659,9,,0.0601136999903246,9906.0,914,5,,0.1255923999706283,9558.0,1348,3,
304,7778,8349.0,1.2036697000148706,heavy_static,0.2526943000266328,9005.0,1827,3,,0.0203627001028507,11479.0,671,9,,0.0613886000355705,10237.0,936,5,,0.1427385000279173,9805.0,1368,3,
305,7584,8117.0,1.0004255000094415,heavy_static,0.2690021999878809,8789.0,1737,3,,0.0163492000428959,11299.0,664,9,,0.0655234000878408,9949.0,910,5,,0.1281575000612065,9629.0,1351,3,
306,7832,8424.0,1.1833130000159144,heavy_static,0.3332861999515444,9096.0,1833,3,,0.0182494999608024,11400.0,674,9,,0.0681229999754577,10488.0,934,5,,0.137746199965477,10056.0,1375,3,
307,7982,8609.0,1.362151699984679,heavy_static,0.293435400002636,9233.0,1854,3,,0.0212356999982148,11691.0,660,9,,0.0894842999987304,10653.0,930,5,,0.1487845999654382,10345.0,1393,3,
308,7799,8427.0,1.2950754999765195,heavy_static,0.3425130000105127,9083.0,1804,3,,0.0289713999954983,11635.0,660,9,,0.088657799991779,10507.0,937,5,,0.1793320999713614,10115.0,1366,3,
309,7820,8413.0,1.2447793000028469,heavy_static,0.2898452000226825,9037.0,1832,3,,0.0251186999958008,11701.0,668,9,,0.0854185000061988,10585.0,940,5,,0.1611903000157326,10293.0,1401,3,
310,7986,8594.0,1.4600198999978602,heavy_static,0.2566075000213459,9250.0,1829,3,,0.0172889999812468,11696.0,672,9,,0.0696736000245437,10674.0,942,5,,0.1360291999299079,10442.0,1384,3,
311,8034,8681.0,1.2727144999953452,heavy_static,0.2982583000557497,9337.0,1832,3,,0.0205359000246971,11887.0,671,9,,0.0623089000582695,10685.0,938,5,,0.1423124999273568,10305.0,1379,3,
312,7252,7765.0,1.235443799989298,heavy_static,0.3052954000886529,8437.0,1789,3,,0.0168580000754445,10753.0,651,9,,0.0589010000694543,9685.0,910,5,,0.137633700040169,9357.0,1347,3,
313,8300,9000.0,1.1016876999929082,heavy_static,0.3352171999868005,9688.0,1916,3,,0.0189834999619051,12048.0,684,9,,0.06845170003362,10924.0,941,5,,0.1533473000163212,10680.0,1427,3,
314,7487,7996.0,1.2402434000105131,heavy_static,0.2927837000461295,8652.0,1828,3,,0.0192101000575348,11048.0,665,9,,0.0629306000191718,10164.0,947,5,,0.1499340999871492,9900.0,1377,3,
315,7357,7886.0,1.283322200004477,heavy_static,0.2819362999871373,8558.0,1805,3,,0.0220773000037297,10846.0,648,9,,0.0875815000617876,9942.0,905,5,,0.157632700051181,9630.0,1317,3,
316,7698,8280.0,1.098870199988596,heavy_static,0.299808399984613,8936.0,1822,3,,0.0191513000754639,11482.0,666,9,,0.0641422000480815,10280.0,920,5,,0.1597201999975368,9936.0,1408,3,
317,7910,8506.0,1.2146269000077154,heavy_static,0.28644129994791,9114.0,1853,3,,0.0205309999873861,11698.0,670,9,,0.0763856000266969,10410.0,928,5,,0.1624277998926118,10042.0,1365,3,
318,8023,8653.0,1.4488832999777514,heavy_static,0.2641991000855341,9821.0,1873,3,,0.0193006999325007,12145.0,670,9,,0.060915800044313,11209.0,954,5,,0.1433389000594616,10309.0,1387,3,
319,7784,8388.0,1.4556275000213643,heavy_static,0.2999207000248134,9268.0,1822,3,,0.0192580999573692,11660.0,670,9,,0.0627397999633103,10536.0,916,5,,0.1467199999606236,9964.0,1381,3,
320,7871,8442.0,1.0490182000212371,heavy_static,0.2613585999934003,9082.0,1811,3,,0.0178114000009372,11708.0,650,9,,0.0570413999957963,10274.0,896,5,,0.1346501000225544,9954.0,1343,3,
321,7836,8436.0,1.237446600018302,heavy_static,0.3163972999900579,9140.0,1852,3,,0.0201263999333605,11742.0,669,9,,0.0665052999975159,10500.0,930,5,,0.1267779999179765,10180.0,1362,3,
322,7799,8373.0,1.1388875000120606,heavy_static,0.2949197000125423,9013.0,1821,3,,0.0175129999406635,11979.0,670,9,,0.0726471000816673,10381.0,933,5,,0.1380111000034958,10021.0,1366,3,
323,7582,8104.0,1.1907732999825384,heavy_static,0.3539824000326916,8744.0,1809,3,,0.0223442000569775,11118.0,645,9,,0.0774371000006794,10120.0,906,5,,0.1895935999928042,9761.0,1339,3,
324,7597,8124.0,1.0249199999962002,heavy_static,0.2902193999616429,8764.0,1821,3,,0.022417499916628,11354.0,667,9,,0.0602060999954119,9972.0,914,5,,0.1509219999425113,9652.0,1384,3,
325,7678,8204.0,1.1895347999816297,heavy_static,0.2833399000810459,8844.0,1808,3,,0.0157323000021278,11433.0,658,9,,0.0629932000301778,10128.0,916,5,,0.1336071999976411,9812.0,1376,3,
326,7829,8438.0,1.0476830000116024,heavy_static,0.2716907999711111,9382.0,1850,3,,0.0173171999631449,11732.0,659,9,,0.058984600007534,10798.0,933,5,,0.1270884999539703,10182.0,1395,3,
327,7808,8376.0,1.4966373999777716,heavy_static,0.2743917999323457,9048.0,1869,3,,0.0203986000269651,11460.0,674,9,,0.0637010999489575,10308.0,938,5,,0.1473054999951273,9976.0,1381,3,
328,7814,8392.0,1.2137459999939892,heavy_static,0.2758476000744849,9048.0,1810,3,,0.0178970999550074,11815.0,665,9,,0.0622880000155419,10696.0,935,5,,0.1552935000509023,10320.0,1386,3,
329,7639,8212.0,1.0061768000014126,heavy_static,0.3038655000273138,9124.0,1810,3,,0.0177674998994916,11562.0,657,9,,0.0703703999752178,10444.0,916,5,,0.1495260000228881,9804.0,1364,3,
330,7410,7978.0,1.1536322999745607,heavy_static,0.3406419000821188,8602.0,1806,3,,0.0179022999946028,10896.0,645,9,,0.0647685000440105,9974.0,895,5,,0.1614675000309944,9586.0,1310,3,
331,8218,8862.0,1.106151800020598,heavy_static,0.2902597000356763,9470.0,1871,3,,0.0211801000405102,11866.0,669,9,,0.0702812999952584,10874.0,946,5,,0.1334574000211432,10606.0,1391,3,
332,7972,8564.0,1.4307524999894667,heavy_static,0.2872747000074014,9188.0,1806,3,,0.0165044999448582,11566.0,672,9,,0.0658073999220505,10576.0,929,5,,0.134712699917145,10228.0,1377,3,
333,7506,8039.0,1.2561443999875337,heavy_static,0.2560262000188231,8711.0,1740,3,,0.0207055000355467,11283.0,640,9,,0.0678094000322744,9939.0,902,5,,0.1595356999896466,9567.0,1329,3,
334,7370,7890.0,1.1534270999836735,heavy_static,0.2628813999472186,8498.0,1776,3,,0.0243068999843671,11108.0,661,9,,0.0756357000209391,9806.0,908,5,,0.1333675000350922,9522.0,1352,3,
335,7424,7951.0,0.9944097000116016,heavy_static,0.3213526000035926,8623.0,1803,3,,0.0154706999892368,10745.0,640,9,,0.0687228000024333,9775.0,897,5,,0.1311846000608056,9519.0,1345,3,
336,7768,8324.0,1.2114498000009917,heavy_static,0.2614033001009375,8932.0,1781,3,,0.0242917999858036,11334.0,643,9,,0.060014099930413,10244.0,890,5,,0.1458046999759972,9916.0,1344,3,
337,7926,8554.0,1.0521714000205975,heavy_static,0.3213640000903979,9242.0,1874,3,,0.0200212999479845,11692.0,655,9,,0.0649384999414905,10602.0,927,5,,0.1456819999730214,10250.0,1364,3,
338,7395,7901.0,1.535349400015548,heavy_static,0.3063976999837905,8525.0,1744,3,,0.0183779000071808,10973.0,651,9,,0.0641629000892862,9845.0,902,5,,0.1356851999880746,9525.0,1324,3,
339,8250,8873.0,1.1363914999819826,heavy_static,0.2724092999706045,9801.0,1866,3,,0.0239897000137716,12439.0,680,9,,0.0710647999076172,11477.0,972,5,,0.164439299958758,10881.0,1399,3,
340,7544,8099.0,1.5204324999940582,heavy_static,0.269832200021483,8723.0,1768,3,,0.0185903999954462,11451.0,666,9,,0.0645005000988021,10203.0,924,5,,0.1566449999809265,9803.0,1366,3,
341,7657,8183.0,1.1835863000014797,heavy_static,0.2975530999246984,8855.0,1801,3,,0.0209429999813437,11277.0,654,9,,0.0610783000010997,10327.0,925,5,,0.1333517999155447,9959.0,1371,3,
342,7493,8053.0,0.9929105000046548,heavy_static,0.269085899926722,8677.0,1749,3,,0.018222999991849,11237.0,656,9,,0.0602174000814557,9941.0,921,5,,0.1384981999872252,9565.0,1345,3,
343,7848,8427.0,1.2290398000041023,heavy_static,0.3185457000508904,9083.0,1844,3,,0.0213787999236956,11613.0,670,9,,0.076359299942851,10923.0,951,5,,0.1577887999592349,10539.0,1400,3,
344,7363,7847.0,1.3470757999748455,heavy_static,0.3802824000595137,8471.0,1770,3,,0.0211333000333979,10925.0,645,9,,0.0741771999746561,9755.0,896,5,,0.1301951999776065,9391.0,1325,3,
345,7632,8205.0,1.173423800006276,heavy_static,0.2706438000313937,8845.0,1795,3,,0.017037000041455,11183.0,648,9,,0.0654131999472156,10049.0,901,5,,0.1520865000784397,9709.0,1348,3,
346,7605,8176.0,1.0270254999923054,heavy_static,0.3160228000488132,8864.0,1781,3,,0.0190387999173253,11314.0,661,9,,0.0670711999991908,10216.0,909,5,,0.1701227999292314,9960.0,1354,3,
347,7609,8156.0,1.158166600012919,heavy_static,0.3302115000551566,8780.0,1808,3,,0.0221856000134721,11300.0,668,9,,0.064507000031881,10092.0,916,5,,0.1358353999676183,9796.0,1367,3,
348,7671,8247.0,1.0067976999853272,heavy_static,0.290816800086759,8871.0,1765,3,,0.0214344999985769,11285.0,655,9,,0.0683732000179588,10211.0,903,5,,0.1619708000216633,9855.0,1371,3,
349,7129,7633.0,1.116629699972691,heavy_static,0.296057999948971,8225.0,1722,3,,0.0469338999828323,10633.0,639,9,,0.0644697999814525,9389.0,881,5,,0.1398955999175086,9057.0,1301,3,
350,7578,8142.0,1.0108175000059418,heavy_static,0.2627458999631926,8766.0,1799,3,,0.0182186999591067,11234.0,654,9,,0.0613218999933451,10050.0,918,5,,0.1317628999240696,9694.0,1349,3,
351,7909,8485.0,1.2198819000041112,heavy_static,0.2788289999589324,9349.0,1806,3,,0.0215890000108629,11967.0,664,9,,0.0683755000354722,10545.0,914,5,,0.1470209999242797,9949.0,1345,3,
352,7849,8455.0,1.437066300015431,heavy_static,0.3065437999321148,9095.0,1843,3,,0.0178976999595761,11593.0,671,9,,0.0627646000357344,10591.0,954,5,,0.1378312999149784,10247.0,1370,3,
353,7662,8236.0,1.539540500001749,heavy_static,0.2755133000900969,8844.0,1806,3,,0.0160273999208584,11478.0,651,9,,0.0549845000496134,10152.0,897,5,,0.1321567998966202,9908.0,1338,3,
354,7332,7841.0,1.1445254999853205,heavy_static,0.307689500041306,8497.0,1811,3,,0.0225307999644428,10803.0,650,9,,0.0644459000322967,9829.0,915,5,,0.1617186999646946,9505.0,1346,3,
355,7722,8314.0,1.0071749000053387,heavy_static,0.281725600012578,9194.0,1863,3,,0.0204972999636083,11742.0,670,9,,0.0698248000117018,10418.0,935,5,,0.152685199980624,9810.0,1371,3,
356,7884,8499.0,1.2137004999967758,heavy_static,0.3060434999642893,9107.0,1853,3,,0.0188348999945446,11675.0,657,9,,0.0654823000077158,10259.0,929,5,,0.15012659993954,9931.0,1347,3,
357,7835,8420.0,1.2979391000117175,heavy_static,0.2858404999133199,9076.0,1830,3,,0.0215953999431803,11670.0,671,9,,0.0653423001058399,10544.0,934,5,,0.1640460999915376,10252.0,1418,3,
358,7944,8590.0,1.6232626999844797,heavy_static,0.2792627998860553,9214.0,1826,3,,0.0163802000461146,11622.0,652,9,,0.0636173000093549,10722.0,922,5,,0.1519272999139502,10374.0,1365,3,
359,7791,8400.0,1.3043398999725468,heavy_static,0.3371546000707894,9264.0,1801,3,,0.0180710999993607,11510.0,650,9,,0.0642815000610426,10560.0,912,5,,0.142481500050053,9992.0,1343,3,
360,7770,8411.0,1.2261481000168717,heavy_static,0.2744478000095114,9051.0,1798,3,,0.0189058000687509,11509.0,659,9,,0.0621400999370962,10475.0,910,5,,0.1407615999924019,10163.0,1362,3,
361,7410,7927.0,1.0169755999813788,heavy_static,0.2720722999656573,8487.0,1751,3,,0.0207110999617725,11013.0,638,9,,0.0678601000690832,10043.0,895,5,,0.1655234999489039,9775.0,1339,3,
362,7603,8160.0,1.207521500007715,heavy_static,0.3471748000010848,8736.0,1727,3,,0.0203763999743387,11376.0,663,9,,0.0725548000773415,10200.0,912,5,,0.1640426000813022,9896.0,1384,3,
363,7412,7925.0,0.9856816999963484,heavy_static,0.2964151999913156,8549.0,1796,3,,0.0258236000081524,11069.0,655,9,,0.0666324999183416,9789.0,903,5,,0.1600447999080643,9573.0,1358,3,
364,7571,8113.0,1.1733372999879066,heavy_static,0.2930976001080125,8737.0,1807,3,,0.0211148000089451,10811.0,651,9,,0.0673188000218942,9929.0,909,5,,0.1662988999160006,9665.0,1345,3,
365,7665,8209.0,1.0322098000033293,heavy_static,0.3762549000093713,8801.0,1799,3,,0.0168888999614864,11465.0,655,9,,0.0768839999800548,10085.0,908,5,,0.1522424999857321,9713.0,1343,3,
366,7658,8197.0,1.183110800018767,heavy_static,0.2933981999522075,8869.0,1812,3,,0.0162358999950811,11179.0,645,9,,0.0563838999951258,9941.0,895,5,,0.1367390999803319,9573.0,1321,3,
367,7670,8272.0,1.2350416999834124,heavy_static,0.3041801999788731,8928.0,1856,3,,0.0232870000181719,11256.0,671,9,,0.0827921000309288,10252.0,934,5,,0.1453637999948114,9928.0,1384,3,
368,7693,8289.0,1.41329759999644,heavy_static,0.3473808000562712,8897.0,1765,3,,0.015925999963656,11365.0,641,9,,0.0702775999670848,10065.0,894,5,,0.15253359999042,9657.0,1303,3,
369,7803,8399.0,1.3836245000129566,heavy_static,0.3198768000584095,9055.0,1858,3,,0.0187917000148445,11601.0,651,9,,0.0627247000811621,10263.0,927,5,,0.1709716999903321,10103.0,1356,3,
370,7934,8554.0,1.3258772999979556,heavy_static,0.3460730999941006,9466.0,1868,3,,0.024336599977687,12094.0,674,9,,0.0846651999745518,10990.0,940,5,,0.1571680000051856,10362.0,1373,3,
371,7047,7551.0,1.1713641999813262,heavy_static,0.3154794999863952,8223.0,1760,3,,0.0224879999877885,10555.0,651,9,,0.0646100000012666,9535.0,906,5,,0.1524643999291584,9151.0,1336,3,
372,7702,8277.0,1.157159900001716,heavy_static,0.3540571000194177,8965.0,1832,3,,0.0261315999086946,11325.0,662,9,,0.0987327999901026,10297.0,920,5,,0.2114228999707847,10021.0,1387,3,
373,7831,8419.0,1.3837205999880098,heavy_static,0.3001740000909194,9331.0,1807,3,,0.0189304000232368,11705.0,666,9,,0.0682865999406203,10819.0,928,5,,0.1523299999535083,10171.0,1386,3,
374,7754,8335.0,1.4229764999763574,heavy_static,0.3170649000676349,8991.0,1837,3,,0.0223637999733909,11797.0,666,9,,0.0710481000132858,10223.0,921,5,,0.1652541999937966,9839.0,1353,3,
375,8192,8841.0,1.3988767999981064,heavy_static,0.2968765000114217,9737.0,1891,3,,0.0217492999508976,12067.0,675,9,,0.0742896000156179,11133.0,949,5,,0.1799502000212669,10601.0,1405,3,
376,7506,8020.0,1.210439199989196,heavy_static,0.2817159999394789,8644.0,1815,3,,0.017748299986124,11390.0,662,9,,0.0650667999871075,10112.0,923,5,,0.1361157000064849,9852.0,1357,3,
377,7336,7820.0,1.1508371999952942,heavy_static,0.3122332999482751,8428.0,1782,3,,0.0237399999750778,11018.0,664,9,,0.068801200017333,9832.0,925,5,,0.1345210999716073,9516.0,1385,3,
378,7638,8219.0,1.0061952999967616,heavy_static,0.2642030999995768,8859.0,1845,3,,0.0192389000440016,11077.0,654,9,,0.0692375999642536,10047.0,912,5,,0.1526574000017717,9811.0,1389,3,
379,7423,7941.0,1.260037700005341,heavy_static,0.3020855000941083,8613.0,1823,3,,0.0161030000308528,10845.0,643,9,,0.0660733999684453,9921.0,904,5,,0.1508182999677956,9501.0,1336,3,
380,7847,8457.0,1.0607159000064712,heavy_static,0.3107209999579936,9145.0,1869,3,,0.0185336000286042,11649.0,672,9,,0.0777989999623969,10337.0,932,5,,0.1498104000929743,10009.0,1395,3,
381,8075,8766.0,1.4271336999954656,heavy_static,0.3005387000739574,9454.0,1890,3,,0.0215185000561177,11982.0,677,9,,0.0645268999505788,10950.0,961,5,,0.1355592000763863,10638.0,1399,3,
382,7497,8011.0,1.4767641999933403,heavy_static,0.3032930999761447,8619.0,1792,3,,0.0193639999488368,11023.0,648,9,,0.0655561999883502,9903.0,905,5,,0.1503975000232458,9579.0,1322,3,
383,7511,8064.0,1.002813300001435,heavy_static,0.3179386000847444,8720.0,1779,3,,0.0191176000516861,10840.0,645,9,,0.071307300007902,10080.0,909,5,,0.1509124999865889,9665.0,1335,3,
384,7724,8292.0,1.210133799992036,heavy_static,0.2635779000120237,9172.0,1828,3,,0.021672899951227,11674.0,652,9,,0.0589956999756395,10672.0,923,5,,0.1439504999434575,10092.0,1380,3,
385,7803,8397.0,1.3772067000099923,heavy_static,0.3043708000332117,9069.0,1855,3,,0.0169912999263033,11397.0,676,9,,0.0639319999609142,10161.0,926,5,,0.1374026999110356,9925.0,1375,3,
386,7951,8555.0,1.4325198000005912,heavy_static,0.3129946000408381,9163.0,1798,3,,0.0171544000040739,11665.0,658,9,,0.1303448999533429,10507.0,913,5,,0.145014000008814,10139.0,1366,3,
387,7611,8143.0,1.3557848999917042,heavy_static,0.2752882000058889,8735.0,1766,3,,0.0198211999377235,10955.0,641,9,,0.059548900113441,9959.0,892,5,,0.1408110000193119,9631.0,1343,3,
388,7726,8327.0,1.2023962000093888,heavy_static,0.2903720000758767,8935.0,1746,3,,0.0169648999581113,11361.0,645,9,,0.063332499936223,10391.0,890,5,,0.1397527999943122,10015.0,1329,3,
389,7681,8251.0,1.0197203000134325,heavy_static,0.2698552999645471,8875.0,1837,3,,0.0163641999242827,11101.0,655,9,,0.0639167999615892,9975.0,909,5,,0.1404395999852568,9659.0,1362,3,
390,7625,8220.0,1.2929400999855716,heavy_static,0.3268897000234574,8844.0,1802,3,,0.0193450999213382,11416.0,655,9,,0.0662213999312371,10144.0,912,5,,0.1581478000152856,9764.0,1352,3,
391,7936,8549.0,1.2345209999766666,heavy_static,0.3027245999546721,9477.0,1890,3,,0.0225694000255316,11999.0,676,9,,0.0692027000477537,10949.0,951,5,,0.1500840000808239,10405.0,1430,3,
392,7814,8412.0,1.3576937000034377,heavy_static,0.3572051000082865,9292.0,1799,3,,0.0186496999813243,11970.0,657,9,,0.0775082999607548,10520.0,912,5,,0.1628799999598413,9908.0,1341,3,
393,7795,8352.0,1.5294411000213586,heavy_static,0.2785449000075459,8992.0,1746,3,,0.0175187999848276,11182.0,649,9,,0.0612377000506967,10092.0,891,5,,0.1240883000427857,9824.0,1338,3,
394,7877,8479.0,1.2863704999908805,heavy_static,0.3362469000276178,9199.0,1876,3,,0.0197329999646171,11579.0,671,9,,0.0680556000443175,10827.0,957,5,,0.1391782000428065,10551.0,1425,3,
395,7670,8287.0,1.54546350002056,heavy_static,0.2585262999637052,8879.0,1786,3,,0.0163123999955132,11687.0,652,9,,0.0660806000232696,10347.0,908,5,,0.1558596999384462,10031.0,1339,3,
396,7151,7640.0,1.1771186999976635,heavy_static,0.280608500004746,8264.0,1757,3,,0.0198146000038832,10470.0,639,9,,0.0649540000595152,9516.0,908,5,,0.1438279999420046,9216.0,1344,3,
397,7938,8535.0,1.2247822000063024,heavy_static,0.2965213999850675,9207.0,1819,3,,0.0211385000729933,11411.0,668,9,,0.0596264000050723,10399.0,940,5,,0.1373150000581517,10007.0,1395,3,
398,7476,7996.0,1.1876400999899488,heavy_static,0.2958491999888792,8652.0,1795,3,,0.0192388000432401,10698.0,641,9,,0.0638941000215709,9912.0,911,5,,0.154573900043033,9588.0,1353,3,
399,7534,8076.0,1.1933713000034911,heavy_static,0.2759660999290645,8700.0,1792,3,,0.0194685000460594,11414.0,657,9,,0.0678794999839738,10188.0,922,5,,0.1703210000414401,9836.0,1355,3,
400,7925,8502.0,1.07407139998395,heavy_static,0.3247376999352127,9206.0,1864,3,,0.0178968000691384,11568.0,663,9,,0.0678908000700175,10490.0,928,5,,0.1605746999848634,10110.0,1374,3,
401,7935,8545.0,1.4778030999877956,heavy_static,0.2639302000170573,9137.0,1859,3,,0.0201731999404728,11789.0,670,9,,0.0623726000776514,10701.0,956,5,,0.1382425999036058,10369.0,1407,3,
402,7660,8252.0,1.140014800010249,heavy_static,0.3065156999509781,9100.0,1778,3,,0.0190677000209689,11802.0,667,9,,0.0671292000915855,10484.0,922,5,,0.1654532999964431,9948.0,1403,3,
403,7495,8057.0,1.6322013000026343,heavy_static,0.2876272000139579,8713.0,1829,3,,0.0187831999501213,10719.0,660,9,,0.067739599966444,9893.0,928,5,,0.1412994000129401,9553.0,1355,3,
404,7242,7737.0,1.0815410999930464,heavy_static,0.257927699945867,8345.0,1742,3,,0.0191316999262198,10937.0,633,9,,0.052608799887821,9593.0,884,5,,0.1202568000881001,9225.0,1329,3,
405,7659,8258.0,1.187245900015114,heavy_static,0.2671497999690473,8946.0,1825,3,,0.0201324999798089,11472.0,662,9,,0.0685778999468311,10142.0,920,5,,0.1576883000088855,9890.0,1364,3,
406,7630,8163.0,1.0145210000046063,heavy_static,0.2716202000156045,8819.0,1832,3,,0.0183934000087901,11443.0,657,9,,0.0620467999251559,10331.0,925,5,,0.1466378999175503,10075.0,1372,3,
407,7665,8258.0,1.1864170999906491,heavy_static,0.3091457999544218,8946.0,1840,3,,0.0221666999859735,11443.0,663,9,,0.069525400060229,10146.0,927,5,,0.1307584999594837,9794.0,1360,3,
408,7701,8275.0,1.1805074000149034,heavy_static,0.2467646000441163,8851.0,1793,3,,0.0170705000637099,11211.0,663,9,,0.0635547999991104,10263.0,915,5,,0.1388254000339657,10027.0,1381,3,
409,7496,8028.0,1.0212423999910245,heavy_static,0.2956856000237167,8668.0,1802,3,,0.0184302000561729,10810.0,659,9,,0.061903900001198,9932.0,920,5,,0.1498053000541404,9532.0,1336,3,
410,7689,8258.0,1.1836382999899795,heavy_static,0.27096450002864,8851.0,1799,3,,0.0154701999854296,11190.0,653,9,,0.0590510000474751,10210.0,911,5,,0.1294336999999359,9898.0,1356,3,
411,7913,8524.0,1.0713466000161134,heavy_static,0.2813950999407097,9132.0,1788,3,,0.0210386000107973,11570.0,655,9,,0.0642603000160306,10668.0,921,5,,0.1556838999968022,10396.0,1378,3,
412,7426,7963.0,1.145679299981566,heavy_static,0.3144984999671578,8555.0,1777,3,,0.0156776999356225,10835.0,645,9,,0.0663689000066369,9875.0,892,5,,0.1496732999803498,9531.0,1319,3,
413,7527,8075.0,0.9895551999798043,heavy_static,0.2744008000008762,8779.0,1815,3,,0.0143093999940902,11167.0,646,9,,0.0645228999201208,10047.0,912,5,,0.1238720000255853,9739.0,1362,3,
414,7477,7972.0,1.2017079000070223,heavy_static,0.3070152000291273,8580.0,1772,3,,0.0214974000118672,11424.0,651,9,,0.0656418000580743,10049.0,907,5,,0.1441776999272406,9732.0,1328,3,
415,7861,8453.0,1.050660600012634,heavy_static,0.2940126999747008,9093.0,1860,3,,0.0174162000184878,11925.0,677,9,,0.0723425999749451,10409.0,941,5,,0.1417752999113872,9909.0,1380,3,
416,7391,7940.0,1.1296419999853242,heavy_static,0.3444153999444097,8596.0,1745,3,,0.0174130999948829,10842.0,635,9,,0.072661199956201,10152.0,897,5,,0.1522590999957174,9756.0,1313,3,
417,7530,8041.0,0.9861208999936936,heavy_static,0.3251545999664813,8713.0,1840,3,,0.0212528000120073,11329.0,666,9,,0.072905300068669,9909.0,924,5,,0.1401249999180436,9561.0,1359,3,
418,7610,8161.0,1.348669200000586,heavy_static,0.2512248000130057,8785.0,1789,3,,0.0168963000178337,11537.0,660,9,,0.0614613000070676,10197.0,926,5,,0.1404806999489665,9889.0,1372,3,
419,7748,8358.0,1.0314790999982506,heavy_static,0.324091300019063,8998.0,1815,3,,0.0158162999432533,11486.0,655,9,,0.0656712000491097,10274.0,913,5,,0.134175399900414,9830.0,1336,3,
420,7807,8388.0,1.3619617000222206,heavy_static,0.3176617999561131,9044.0,1873,3,,0.0170546000590547,11292.0,659,9,,0.0649902999866753,10268.0,934,5,,0.1398019000189378,9860.0,1353,3,
421,7742,8387.0,1.603377100022044,heavy_static,0.2427212999900803,8963.0,1713,3,,0.0712088999571278,11795.0,638,9,,0.0548312000464648,10255.0,876,5,,0.133696399978362,9995.0,1302,3,
422,7479,8001.0,1.252752500004135,heavy_static,0.2485596999758854,8641.0,1788,3,,0.0154375999700278,11029.0,648,9,,0.0641320999711752,9957.0,918,5,,0.139598400099203,9593.0,1334,3,
423,7394,7899.0,1.1442403999972155,heavy_static,0.2814661000156775,8475.0,1731,3,,0.0166744999587535,10705.0,629,9,,0.0689377000089734,9751.0,873,5,,0.1648700999794528,9395.0,1307,3,
424,7995,8598.0,1.0515824999893084,heavy_static,0.287787799956277,9510.0,1880,3,,0.0209592999890446,12214.0,676,9,,0.0682479999959468,11014.0,954,5,,0.1559106000931933,10398.0,1407,3,
425,7778,8390.0,1.327977699984331,heavy_static,0.2628835999639705,9062.0,1813,3,,0.0182262000162154,11384.0,663,9,,0.0590969999320805,10298.0,917,5,,0.1381603999761864,9878.0,1329,3,
426,8021,8663.0,1.29416809999384,heavy_static,0.28464199998416,9335.0,1861,3,,0.0197429999243468,11897.0,668,9,,0.0659229999873787,10655.0,935,5,,0.1587443000171333,10263.0,1393,3,
427,7421,7943.0,1.5050027000252155,heavy_static,0.2583865999476984,8583.0,1774,3,,0.0217934999382123,11177.0,651,9,,0.0622499999590218,9611.0,907,5,,0.1414755000732839,9327.0,1307,3,
428,7582,8113.0,1.252711699984502,heavy_static,0.3128702000249177,8737.0,1837,3,,0.0189103999873623,11125.0,656,9,,0.0705223999684676,9981.0,909,5,,0.1547139999456703,9729.0,1384,3,
429,7537,8062.0,1.4353422000131104,heavy_static,0.26639750006143,8654.0,1793,3,,0.0186503999866545,10834.0,644,9,,0.0659661999670788,9818.0,909,5,,0.1584513999987393,9630.0,1362,3,
430,7294,7809.0,0.9729955999937374,heavy_static,0.2550153998890891,8401.0,1723,3,,0.0156220999779179,10523.0,640,9,,0.066696299938485,9537.0,893,5,,0.150590099976398,9361.0,1331,3,
431,7696,8301.0,1.1739160999713931,heavy_static,0.2554492000490427,9005.0,1782,3,,0.0216610999777913,11145.0,644,9,,0.0696588000282645,10237.0,904,5,,0.1270456999773159,9893.0,1346,3,
432,7688,8296.0,1.0036822000110988,heavy_static,0.2868002000031993,8936.0,1792,3,,0.0215911000268533,11802.0,669,9,,0.0606816000072285,10428.0,924,5,,0.1472368000540882,10152.0,1374,3,
433,7366,7946.0,1.3269185000099242,heavy_static,0.2829744999762624,8522.0,1806,3,,0.0152702999766916,10774.0,645,9,,0.0667266000527888,9650.0,899,5,,0.1432170999469235,9290.0,1320,3,
434,7572,8128.0,1.0157909000117795,heavy_static,0.2828754000365734,8768.0,1807,3,,0.024263700004667,11138.0,661,9,,0.0610722999554127,10012.0,914,5,,0.1409133999841287,9664.0,1345,3,
435,7646,8190.0,1.1805379999859724,heavy_static,0.2963742000283673,8878.0,1777,3,,0.0168859000550583,11094.0,672,9,,0.0780518000246957,10174.0,932,5,,0.1474912000121548,9734.0,1350,3,
436,8062,8666.0,1.227839800005313,heavy_static,0.3294061999768019,9274.0,1806,3,,0.0163586999988183,11848.0,665,9,,0.0693957000039517,10698.0,925,5,,0.1344173999968916,10274.0,1363,3,
437,7593,8171.0,1.0813161000260152,heavy_static,0.3296261000214144,8779.0,1769,3,,0.0233838999411091,11197.0,662,9,,0.0695476999972015,10072.0,913,5,,0.1512584999436512,9763.0,1377,3,
438,7660,8232.0,1.1947192999941765,heavy_static,0.3186787000158801,8824.0,1794,3,,0.0188636999810114,11178.0,665,9,,0.0648661999730393,10180.0,920,5,,0.1561278000008314,9856.0,1377,3,
439,7958,8597.0,1.0463311999919824,heavy_static,0.292639399995096,9237.0,1823,3,,0.0204399999929592,11437.0,659,9,,0.0627902999985963,10693.0,929,5,,0.136982399970293,10349.0,1383,3,
440,7946,8584.0,1.3295533999917095,heavy_static,0.2987913000397384,9224.0,1853,3,,0.0162766000721603,12098.0,683,9,,0.0595353000098839,10728.0,946,5,,0.1567467000568285,10408.0,1404,3,
441,7074,7566.0,1.0663003999798093,heavy_static,0.2731406000675633,8174.0,1757,3,,0.0230580000206828,10616.0,645,9,,0.0673689000541344,9638.0,910,5,,0.1589320000493899,9518.0,1357,3,
442,7480,8042.0,1.1503974000224844,heavy_static,0.292436399962753,8698.0,1785,3,,0.0171290000434964,11068.0,646,9,,0.0599131999770179,9938.0,899,5,,0.1348317000083625,9674.0,1352,3,
443,7791,8405.0,1.0300349000026472,heavy_static,0.3167527000186965,9045.0,1815,3,,0.0185804000357165,11631.0,663,9,,0.0681792000541463,10261.0,910,5,,0.1554816999705508,9925.0,1353,3,
444,7696,8270.0,1.559972299990477,heavy_static,0.2797686000121757,8895.0,1741,3,,0.0209165000123903,11364.0,643,9,,0.0639372000005096,10326.0,900,5,,0.1468618999933824,9998.0,1333,3,
445,7662,8222.0,1.036065199994482,heavy_static,0.2813642000546679,8926.0,1795,3,,0.0171406000154092,11284.0,654,9,,0.0632122999522835,10410.0,915,5,,0.1516107000643387,10086.0,1358,3,
446,7643,8167.0,1.1714848999981768,heavy_static,0.259235999896191,8823.0,1762,3,,0.0182318000588566,11207.0,648,9,,0.0654341999907046,10323.0,911,5,,0.1562540000304579,9911.0,1363,3,
447,7537,8056.0,0.993921199988108,heavy_static,0.271021099993959,8664.0,1768,3,,0.0150542999617755,10992.0,644,9,,0.0596971000777557,9896.0,905,5,,0.1301729000406339,9544.0,1342,3,
448,8100,8792.0,1.234913599997526,heavy_static,0.2806714000180363,9432.0,1856,3,,0.0186138999415561,12096.0,682,9,,0.0664846000727266,10772.0,953,5,,0.1542296999832615,10456.0,1427,3,
449,7963,8570.0,1.2970954999909736,heavy_static,0.2724806000478565,9290.0,1878,3,,0.0154424000065773,11590.0,665,9,,0.0593856000341475,10570.0,934,5,,0.1832584999501705,10234.0,1404,3,
450,7621,8180.0,1.2521596000005957,heavy_static,0.3374459999613464,8836.0,1786,3,,0.0158418000210076,11322.0,648,9,,0.071756700053811,10084.0,899,5,,0.1586135999532416,9748.0,1319,3,
451,7940,8540.0,1.2201938000216614,heavy_static,0.2886997000314295,9148.0,1821,3,,0.0198707999661564,11508.0,666,9,,0.0603400999680161,10548.0,935,5,,0.1422034000279382,10308.0,1410,3,
452,7548,8071.0,1.4455861000169534,heavy_static,0.2788667000131681,8663.0,1803,3,,0.0188352999975904,10893.0,650,9,,0.0664199000457301,9951.0,906,5,,0.1641075999941676,9599.0,1330,3,
453,7259,7776.0,1.207927899988135,heavy_static,0.2535544999409467,8432.0,1750,3,,0.013920500059612,10806.0,642,9,,0.0549561999505385,9740.0,901,5,,0.1211725000757724,9296.0,1312,3,
454,7635,8185.0,1.0115014000039082,heavy_static,0.3068459999049082,8825.0,1797,3,,0.0223127999342978,11195.0,661,9,,0.0683952999534085,10229.0,928,5,,0.1542770001105964,9897.0,1388,3,
455,7998,8665.0,1.3814870999776758,heavy_static,0.3012068000389263,9561.0,1818,3,,0.0171437000390142,12133.0,653,9,,0.066562500083819,10841.0,912,5,,0.1524990999605506,10297.0,1351,3,
456,7822,8414.0,1.31694140000036,heavy_static,0.2810301000718027,9070.0,1794,3,,0.018194600008428,11938.0,666,9,,0.0707185000646859,10602.0,934,5,,0.1654670999851077,10270.0,1384,3,
457,7694,8255.0,1.3298273000109475,heavy_static,0.2788437000708654,8879.0,1819,3,,0.0143379000946879,11567.0,655,9,,0.0579140000045299,10147.0,916,5,,0.1403093999251723,9751.0,1332,3,
458,7547,8079.0,1.222060100000817,heavy_static,0.2800919000292197,8671.0,1769,3,,0.0146022000117227,11261.0,647,9,,0.0644737998954951,10179.0,912,5,,0.1350930000189691,9927.0,1361,3,
459,7809,8431.0,1.236730600008741,heavy_static,0.277683199965395,9071.0,1848,3,,0.0150175999151542,11737.0,665,9,,0.0608358999015763,10727.0,939,5,,0.1417859999928623,10327.0,1364,3,
460,7596,8150.0,1.235510400001658,heavy_static,0.2793581000296399,8806.0,1830,3,,0.01639750006143,11354.0,672,9,,0.063711900031194,10310.0,943,5,,0.1493060999782756,9902.0,1384,3,
461,7658,8234.0,1.326038700004574,heavy_static,0.2465230000670999,8842.0,1763,3,,0.0219450999284163,11704.0,654,9,,0.0579701999668031,10322.0,905,5,,0.1392546000424772,10010.0,1371,3,
462,7266,7758.0,0.9792729999753648,heavy_static,0.2397280000150203,8382.0,1692,3,,0.0154714999953284,10430.0,622,9,,0.0591165999649092,9638.0,869,5,,0.1371855000033974,9334.0,1288,3,
463,7634,8223.0,1.169388500013156,heavy_static,0.298553799977526,8879.0,1782,3,,0.0185848999535664,11291.0,651,9,,0.0706832000287249,10407.0,911,5,,0.1741082000080496,10191.0,1348,3,
464,7804,8424.0,1.2265951999870597,heavy_static,0.3376997000304982,9080.0,1810,3,,0.0227843999164178,11604.0,669,9,,0.0722190000815317,10508.0,925,5,,0.1513448000187054,10128.0,1395,3,
465,7671,8235.0,1.1206602999882307,heavy_static,0.3217145999660715,8939.0,1851,3,,0.017042800085619,11751.0,667,9,,0.0685515999794006,10227.0,929,5,,0.1675399000523612,9875.0,1373,3,
466,7554,8129.0,1.163670399982948,heavy_static,0.3125575000885874,8801.0,1872,3,,0.016396400053054,11225.0,675,9,,0.0674767000600695,10293.0,941,5,,0.1369064999744296,9929.0,1399,3,
467,7704,8243.0,1.0228226000035647,heavy_static,0.2534717000089586,8899.0,1791,3,,0.0177619000896811,11173.0,654,9,,0.0720470000524073,10047.0,903,5,,0.1739032999612391,9715.0,1347,3,
468,7780,8358.0,1.2095040999993216,heavy_static,0.2680449999170378,8950.0,1786,3,,0.0209768000058829,11468.0,656,9,,0.062613800051622,10418.0,905,5,,0.1359465999994427,10046.0,1343,3,
469,8183,8804.0,1.1025767999817615,heavy_static,0.2640977998962626,9428.0,1822,3,,0.0204411000013351,12026.0,663,9,,0.0731357999611646,10740.0,929,5,,0.1573273999383673,10420.0,1381,3,
470,7895,8459.0,1.2192731999966782,heavy_static,0.2830273000290617,9083.0,1819,3,,0.0163606000132858,11587.0,661,9,,0.0599048999138176,10547.0,923,5,,0.1456087999977171,10219.0,1359,3,
471,7675,8250.0,1.0582829999912065,heavy_static,0.2924351999536156,8874.0,1796,3,,0.0220714000752195,11440.0,660,9,,0.0628723999252542,10174.0,907,5,,0.1420170000055804,9850.0,1354,3,
472,7588,8132.0,1.1937521000218112,heavy_static,0.2682187999598682,8756.0,1793,3,,0.0183061999268829,10958.0,650,9,,0.0705450000241398,10204.0,922,5,,0.1508488999679684,9900.0,1346,3,
473,7437,7969.0,0.9816394000081344,heavy_static,0.2881940000224858,8833.0,1726,3,,0.0143925999291241,11201.0,635,9,,0.0589110000291839,10081.0,873,5,,0.1263653000351041,9513.0,1305,3,
474,7681,8230.0,1.1807870999909935,heavy_static,0.2805943000130355,8854.0,1796,3,,0.0225228000199422,11616.0,665,9,,0.0704146999632939,10446.0,928,5,,0.1673317999811843,10174.0,1350,3,
475,7483,8017.0,1.0125220000045374,heavy_static,0.3075801000231877,8657.0,1804,3,,0.0163167000282555,11251.0,650,9,,0.0723667000420391,9821.0,911,5,,0.1420867999549955,9585.0,1322,3,
476,8021,8608.0,1.244646199978888,heavy_static,0.3301585000008344,9216.0,1889,3,,0.0733976999763399,11830.0,670,9,,0.069252600078471,10512.0,939,5,,0.1468741999706253,10232.0,1405,3,
477,7609,8200.0,1.243966400012141,heavy_static,0.3364550999831408,8824.0,1807,3,,0.0162041999865323,11120.0,646,9,,0.0679329000413417,9968.0,899,5,,0.1509797000326216,9648.0,1348,3,
478,7370,7865.0,0.9657511999830604,heavy_static,0.3088811000343412,8521.0,1809,3,,0.0201023999834433,10877.0,643,9,,0.0643661000067368,9909.0,906,5,,0.1367424000054597,9625.0,1345,3,
479,7164,7661.0,1.1166859999939334,heavy_static,0.249199700076133,8269.0,1745,3,,0.0160325999604538,10795.0,637,9,,0.060562599916011,9749.0,897,5,,0.1388449999503791,9429.0,1330,3,
480,7763,8364.0,1.0366485999838917,heavy_static,0.2943574000382796,8988.0,1794,3,,0.0191187000600621,11336.0,654,9,,0.0664002998964861,10288.0,919,5,,0.1535548999672755,10012.0,1373,3,
481,7804,8361.0,1.19922989999759,heavy_static,0.2656738000223413,8969.0,1790,3,,0.0209598999936133,11703.0,655,9,,0.061514800065197,10165.0,922,5,,0.1349457999458536,9865.0,1358,3,
482,7871,8513.0,1.061922199995024,heavy_static,0.272393999970518,9185.0,1797,3,,0.0173992000054568,11721.0,668,9,,0.0604107999242842,10809.0,935,5,,0.1462925999658182,10441.0,1367,3,
483,8041,8666.0,1.2654977000202052,heavy_static,0.31875780003611,9594.0,1807,3,,0.0208321999525651,12006.0,660,9,,0.0716398000949993,10922.0,927,5,,0.1712026000022888,10322.0,1406,3,
484,7898,8494.0,1.2099180000077467,heavy_static,0.2756671000970527,9070.0,1801,3,,0.0225678998976945,12042.0,672,9,,0.0663917999481782,10462.0,935,5,,0.1452601000200957,10094.0,1383,3,
485,7890,8510.0,1.42112770001404,heavy_static,0.2903726999647915,9134.0,1810,3,,0.0169271999038755,11598.0,662,9,,0.0613717000233009,10446.0,923,5,,0.1416618999792263,10014.0,1362,3,
486,7770,8304.0,1.1002067000081297,heavy_static,0.2999203000217676,8944.0,1757,3,,0.0169645999558269,11744.0,658,9,,0.0641860000323504,10064.0,904,5,,0.1457749999826774,9776.0,1353,3,
487,7597,8149.0,1.1932948000030592,heavy_static,0.2726704999804497,9029.0,1749,3,,0.0160186999710276,11139.0,655,9,,0.0592737999977543,10313.0,905,5,,0.1351990000111982,9717.0,1347,3,
488,7994,8577.0,1.0543879000179004,heavy_static,0.274985000025481,9185.0,1798,3,,0.0236714000348001,11561.0,661,9,,0.0742691999766975,10713.0,944,5,,0.15874199999962,10369.0,1381,3,
489,7310,7816.0,1.2805370000132823,heavy_static,0.315751300076954,8472.0,1764,3,,0.0162505999905988,11047.0,655,9,,0.063957699923776,9776.0,914,5,,0.1394119000760838,9440.0,1357,3,
490,7297,7774.0,1.1926165999902878,heavy_static,0.2769282000372186,8430.0,1787,3,,0.0156306000426411,10864.0,650,9,,0.0572732000146061,9818.0,917,5,,0.1305558000458404,9422.0,1337,3,
491,7581,8167.0,1.028812900010962,heavy_static,0.3125676000490784,8823.0,1819,3,,0.0228967000730335,11129.0,664,9,,0.0637887000339105,10095.0,928,5,,0.1351603999501094,9719.0,1352,3,
492,7789,8375.0,1.2080903000023682,heavy_static,0.2811797000467777,8967.0,1732,3,,0.0163074999582022,11395.0,651,9,,0.0627710999688133,10175.0,893,5,,0.1437834999524057,9815.0,1339,3,
493,7823,8427.0,1.0357895999914035,heavy_static,0.3083136999048292,9052.0,1821,3,,0.0172073999419808,11343.0,648,9,,0.0667174999834969,10303.0,910,5,,0.1395796000724658,9963.0,1345,3,
494,7592,8131.0,1.1900026999937836,heavy_static,0.2620408000657335,8787.0,1764,3,,0.01973319996614,11183.0,659,9,,0.0630879999371245,10359.0,935,5,,0.1457291999831795,9971.0,1354,3,
495,7588,8145.0,1.057202399999369,heavy_static,0.2820803999202326,8753.0,1733,3,,0.0187468000221997,10961.0,637,9,,0.0714475000277161,9981.0,876,5,,0.1675649000098928,9713.0,1327,3,
496,7706,8283.0,1.1836466999957338,heavy_static,0.2989017000654712,8907.0,1842,3,,0.0159257999621331,11223.0,656,9,,0.0648084999993443,10335.0,918,5,,0.1359405999537557,9995.0,1372,3,
497,7417,7939.0,0.968052100011846,heavy_static,0.2545150000369176,8579.0,1772,3,,0.016834000009112,10799.0,646,9,,0.0673735000891611,9743.0,899,5,,0.1675824999110773,9363.0,1324,3,
498,7746,8306.0,1.205037000006996,heavy_static,0.2904719000216573,8930.0,1818,3,,0.0196239999495446,11388.0,654,9,,0.0623117999639362,10006.0,913,5,,0.1384060999844223,9674.0,1362,3,
499,7618,8150.0,1.0043196000042371,heavy_static,0.2973214000230655,8775.0,1833,3,,0.0160998000064864,10958.0,659,9,,0.0746911999303847,9890.0,916,5,,0.1369811999611556,9678.0,1374,3,
500,7588,8122.0,1.1912784999876749,heavy_static,0.2714556000428274,8746.0,1727,3,,0.0156742999097332,11018.0,648,9,,0.0607519999612122,9954.0,891,5,,0.1396327000111341,9642.0,1323,3,
501,7712,8264.0,1.0053941999794915,heavy_static,0.3125007000053301,8920.0,1859,3,,0.0213816999457776,11196.0,657,9,,0.0661096000112593,10100.0,922,5,,0.1369067999767139,9824.0,1383,3,
502,7485,8012.0,1.1679679999942891,heavy_static,0.2569887000136077,8652.0,1795,3,,0.0144887000788003,10996.0,645,9,,0.0667821000097319,9880.0,900,5,,0.1282857999904081,9556.0,1349,3,
503,8083,8709.0,1.0772656000044665,heavy_static,0.2631666999077424,9317.0,1825,3,,0.0200246999738737,11699.0,663,9,,0.0755202999571338,10733.0,928,5,,0.1648864999879151,10445.0,1368,3,
504,7509,8078.0,1.4369772999780253,heavy_static,0.3014829000458121,8702.0,1822,3,,0.0221986999968066,11086.0,664,9,,0.0715408000396564,9890.0,928,5,,0.1488535999087616,9510.0,1383,3,
505,7315,7829.0,1.1320453000080306,heavy_static,0.2664121999405324,8533.0,1747,3,,0.0146937000099569,10533.0,638,9,,0.0664842000696808,9785.0,886,5,,0.1247803999576717,9453.0,1325,3,
506,7803,8432.0,1.2371195000014268,heavy_static,0.3036306999856606,9024.0,1760,3,,0.0181201000232249,11506.0,653,9,,0.0770253000082448,10552.0,915,5,,0.1756870999233797,10192.0,1359,3,
507,7401,7951.0,1.144324399996549,heavy_static,0.2950119000161066,8607.0,1751,3,,0.0156800999538972,11143.0,651,9,,0.0685839999932795,9771.0,899,5,,0.1537279000040143,9431.0,1309,3,
508,7765,8314.0,1.039126399991801,heavy_static,0.270717000006698,8938.0,1762,3,,0.0209429999813437,11588.0,660,9,,0.0648994999937713,10358.0,910,5,,0.1508869000244885,10058.0,1369,3,
509,7525,8070.0,1.4795333000074606,heavy_static,0.3020437998929992,8710.0,1811,3,,0.0184840000001713,11168.0,652,9,,0.0681083999807015,9922.0,915,5,,0.1423399000195786,9566.0,1323,3,
510,7659,8240.0,1.030273300013505,heavy_static,0.2786457999609411,8960.0,1833,3,,0.0158306999364867,11138.0,663,9,,0.0629027999239042,10272.0,927,5,,0.1419126000255346,9976.0,1382,3,
511,7622,8185.0,1.3759736999927554,heavy_static,0.3202991000143811,8857.0,1821,3,,0.0205456999829038,11043.0,657,9,,0.0653525000670924,10065.0,940,5,,0.1461740999948233,9761.0,1369,3,
512,7940,8585.0,1.0493276999914087,heavy_static,0.347125899977982,9257.0,1880,3,,0.0164219998987391,11819.0,672,9,,0.0729688999708741,10493.0,944,5,,0.1377691000234335,10097.0,1396,3,
513,7619,8207.0,1.2728056000196375,heavy_static,0.2986162999877706,8863.0,1826,3,,0.0197639999678358,11281.0,662,9,,0.1279034999897703,10259.0,927,5,,0.1590592000866308,9895.0,1387,3,
514,8084,8716.0,1.0931311000022106,heavy_static,0.3146622000494972,9324.0,1847,3,,0.0224469000240787,11762.0,680,9,,0.0680656998883932,10640.0,950,5,,0.161011999938637,10324.0,1438,3,
515,7680,8263.0,1.4301871999923603,heavy_static,0.2568721000570804,8903.0,1777,3,,0.0157574000768363,11427.0,649,9,,0.0573725999565795,10303.0,919,5,,0.1417963999556377,9911.0,1340,3,
516,7743,8321.0,1.129679000005126,heavy_static,0.2989659000886604,8977.0,1842,3,,0.0152894000057131,11441.0,666,9,,0.0605973999481648,10261.0,928,5,,0.1338421999244019,9937.0,1359,3,
517,8232,8922.0,1.2873120000003837,heavy_static,0.261979200062342,9562.0,1893,3,,0.0176155999070033,12490.0,692,9,,0.0652902999427169,11030.0,950,5,,0.1639924999326467,10722.0,1411,3,
518,7798,8418.0,1.3286538000102155,heavy_static,0.2508455000352114,9042.0,1776,3,,0.0190228000283241,11434.0,656,9,,0.0617041999939829,10214.0,893,5,,0.1433194000273943,9978.0,1362,3,
519,7825,8413.0,1.458562100015115,heavy_static,0.3027433999814093,9053.0,1819,3,,0.0186579000437632,11651.0,671,9,,0.0738668000558391,10453.0,940,5,,0.1659817000618204,10141.0,1399,3,
520,7646,8207.0,1.1803837000043131,heavy_static,0.2639813999412581,8831.0,1738,3,,0.0158249998930841,11437.0,652,9,,0.0679550999775528,10231.0,912,5,,0.1482981999870389,9879.0,1336,3,
521,7655,8234.0,1.0249688000185415,heavy_static,0.2718534000450745,8826.0,1814,3,,0.0224135000025853,11160.0,654,9,,0.0652761999517679,10102.0,919,5,,0.1437351000495255,9794.0,1374,3,
522,7749,8348.0,1.194794000010006,heavy_static,0.2723566000349819,9004.0,1842,3,,0.0154315999243408,11518.0,672,9,,0.0572659999597817,10468.0,951,5,,0.1339521999470889,10100.0,1397,3,
523,8021,8683.0,1.0694113000063226,heavy_static,0.2686235000146553,9403.0,1874,3,,0.0192921000998467,11799.0,667,9,,0.0722290000412613,10711.0,946,5,,0.1710895999567583,10483.0,1379,3,
524,7843,8441.0,1.2785227999847848,heavy_static,0.2969591000583023,9305.0,1765,3,,0.021705999970436,11889.0,657,9,,0.0596512999618426,10541.0,889,5,,0.1413590000011026,9913.0,1349,3,
525,7790,8413.0,1.0392438999842852,heavy_static,0.318213100079447,9053.0,1825,3,,0.0190164999803528,11511.0,671,9,,0.0680195000022649,10345.0,924,5,,0.1498833000659942,9989.0,1407,3,
526,7749,8329.0,1.2737754000118002,heavy_static,0.3014353000326082,9001.0,1841,3,,0.0165507999481633,11379.0,665,9,,0.0638795000268146,10465.0,946,5,,0.1286938999546691,10217.0,1375,3,
527,7286,7799.0,0.966518500004895,heavy_static,0.2934364000102505,8439.0,1750,3,,0.0153486999915912,10561.0,646,9,,0.0619959000032395,9771.0,893,5,,0.145913999993354,9367.0,1321,3,
528,7633,8227.0,1.2222807000216562,heavy_static,0.3230280000716448,8867.0,1761,3,,0.0242015999974682,11401.0,643,9,,0.0713921999558806,10375.0,917,5,,0.169739699922502,9979.0,1328,3,
529,7807,8387.0,1.053468400001293,heavy_static,0.3716691998997703,9123.0,1846,3,,0.0208687999984249,11761.0,661,9,,0.0842089999932795,10163.0,904,5,,0.1626442000269889,9859.0,1389,3,
530,7650,8246.0,1.2557307000097353,heavy_static,0.3323558999691158,8854.0,1793,3,,0.0173750999383628,11630.0,657,9,,0.0745256999507546,10078.0,900,5,,0.1397899999283254,9798.0,1345,3,
531,8011,8606.0,1.2328349000017624,heavy_static,0.3314410999882966,9534.0,1858,3,,0.0233842999441549,12094.0,684,9,,0.071421300061047,10842.0,937,5,,0.1340338999871164,10302.0,1386,3,
532,7853,8455.0,1.145527500018943,heavy_static,0.2670174000086263,9047.0,1832,3,,0.0138958999887108,11421.0,657,9,,0.057139900047332,10307.0,925,5,,0.1313938000239431,10079.0,1382,3,
533,7805,8424.0,1.4822611999989022,heavy_static,0.2675759999547153,9064.0,1820,3,,0.0189873999916017,11868.0,668,9,,0.0695052000228315,10240.0,921,5,,0.1326878999825567,9880.0,1354,3,
534,7373,7923.0,0.9826105999818536,heavy_static,0.2837813000660389,8627.0,1867,3,,0.0189035999355837,10991.0,665,9,,0.0626150999451056,9851.0,938,5,,0.1246270999545231,9451.0,1339,3,
535,7156,7645.0,1.1086066999996549,heavy_static,0.2989251000108197,8285.0,1799,3,,0.0176084000850096,10521.0,639,9,,0.0639047999866306,9589.0,889,5,,0.1562615999719128,9245.0,1327,3,
536,8220,8874.0,1.1099242999916896,heavy_static,0.3065270000370219,9530.0,1900,3,,0.0183286999817937,12204.0,677,9,,0.0683166000526398,10778.0,946,5,,0.1567026999546215,10426.0,1381,3,
537,7697,8292.0,1.2638866000052076,heavy_static,0.257124499999918,9220.0,1832,3,,0.0158383999951183,11802.0,666,9,,0.0638319000136107,10472.0,923,5,,0.1397612000582739,9796.0,1380,3,
538,7755,8346.0,1.0197155999776442,heavy_static,0.2720472000073641,8970.0,1769,3,,0.021077400073409,12020.0,665,9,,0.0664643000345677,10075.0,906,5,,0.1526511000702157,9834.0,1352,3,
539,7834,8426.0,1.2110949000052642,heavy_static,0.2747958999825641,9034.0,1845,3,,0.0192541000433266,11406.0,668,9,,0.0660904999822378,10282.0,931,5,,0.1463945000432431,9938.0,1378,3,
540,8012,8652.0,1.3987797999870963,heavy_static,0.2573696000035852,9276.0,1859,3,,0.0169362999731674,11594.0,668,9,,0.072783299954608,10404.0,941,5,,0.1352045000530779,10060.0,1405,3,
541,7926,8547.0,1.4836909000005107,heavy_static,0.3159511999692768,9219.0,1816,3,,0.0218500000191852,11531.0,658,9,,0.066924300044775,10463.0,923,5,,0.1435304000042379,10179.0,1386,3,
542,7250,7718.0,1.5510030000004915,heavy_static,0.2593131000176072,8630.0,1758,3,,0.0149160999571904,10894.0,632,9,,0.0551739000948146,9858.0,881,5,,0.1289257999742403,9254.0,1306,3,
543,7753,8305.0,1.0239692000031937,heavy_static,0.2527461999561637,9185.0,1750,3,,0.0166066999081522,11465.0,652,9,,0.0607441000174731,10349.0,905,5,,0.1453588999575004,9785.0,1359,3,
544,7874,8492.0,1.2313926999922842,heavy_static,0.2511560000712052,9100.0,1813,3,,0.0199075000127777,11476.0,661,9,,0.0569740000646561,10316.0,923,5,,0.1337074999464675,9980.0,1377,3,
545,7422,7957.0,1.235480400006054,heavy_static,0.2703828999074176,8597.0,1792,3,,0.0186525000026449,10923.0,661,9,,0.0646489000646397,10113.0,928,5,,0.1535164000233635,9717.0,1401,3,
546,7412,7983.0,1.1446818000113126,heavy_static,0.2532318000448867,8575.0,1753,3,,0.0152597998967394,10947.0,649,9,,0.0583455999149009,9899.0,904,5,,0.1384051999775692,9551.0,1340,3,
547,7590,8115.0,1.0496366000152193,heavy_static,0.2955241000745445,8739.0,1798,3,,0.0173437000485137,11267.0,653,9,,0.0598232999909669,10003.0,900,5,,0.1624471999239176,9707.0,1347,3,
548,7388,7897.0,1.1504921000159811,heavy_static,0.2788382000289857,8729.0,1698,3,,0.0770630999468267,11137.0,647,9,,0.0572504000738263,10201.0,881,5,,0.1272193000186234,9617.0,1336,3,
549,7751,8362.0,1.020738599996548,heavy_static,0.2938823000295087,9306.0,1814,3,,0.0175217000069096,11890.0,664,9,,0.061658399994485,10498.0,931,5,,0.1359784000087529,9850.0,1364,3,
550,8021,8633.0,1.6238485999929253,heavy_static,0.2869040999794379,9305.0,1821,3,,0.0179473999887704,11851.0,671,9,,0.0705866999924182,10833.0,936,5,,0.1528630999382585,10497.0,1365,3,
551,7180,7680.0,1.132577099982882,heavy_static,0.2888690999243408,8320.0,1779,3,,0.0221195999765768,10498.0,630,9,,0.0620042999507859,9456.0,888,5,,0.1300989999435842,9136.0,1289,3,
552,7867,8490.0,1.221944999997504,heavy_static,0.2808040999807417,9098.0,1857,3,,0.0205987999215722,11970.0,679,9,,0.0658420999534428,10614.0,933,5,,0.1483899999875575,10290.0,1366,3,
553,7821,8396.0,1.1377882000233512,heavy_static,0.3394636999582872,9036.0,1828,3,,0.0172443999908864,11306.0,667,9,,0.0708626999985426,10148.0,917,5,,0.1523892999393865,9812.0,1367,3,
554,7468,8011.0,1.2574882000044454,heavy_static,0.29587170004379,8635.0,1779,3,,0.0201668000081554,11443.0,662,9,,0.0652702000224962,9835.0,898,5,,0.1299649000866338,9483.0,1338,3,
555,7680,8253.0,1.0287205000058748,heavy_static,0.2676178000401705,8893.0,1834,3,,0.0206892000278458,11073.0,655,9,,0.0659087999956682,9961.0,919,5,,0.1516946000047028,9629.0,1381,3,
556,7821,8421.0,1.334302100003697,heavy_static,0.2871451999526471,9029.0,1796,3,,0.0174468000186607,11617.0,653,9,,0.0671779999975115,10429.0,918,5,,0.1389688999624923,10069.0,1352,3,
557,7356,7865.0,1.263826299982611,heavy_static,0.270878899958916,8457.0,1733,3,,0.0167010000441223,11061.0,647,9,,0.0564967999234795,9733.0,904,5,,0.1356919000390917,9433.0,1349,3,
558,7703,8292.0,1.4838496999873314,heavy_static,0.2990060000447556,8916.0,1799,3,,0.0214426999446004,11638.0,664,9,,0.0621687000384554,10292.0,921,5,,0.1432510999729856,9860.0,1360,3,
559,7834,8406.0,1.3196923999930732,heavy_static,0.2692582999588921,9110.0,1777,3,,0.0166177999926731,11496.0,659,9,,0.0591362999984994,10398.0,931,5,,0.1379092000424862,10150.0,1405,3,
560,8076,8743.0,1.1783747999870684,heavy_static,0.2871762999566272,9703.0,1913,3,,0.0187035999260842,12339.0,695,9,,0.0782444999786093,11103.0,980,5,,0.1522087000776082,10519.0,1445,3,
561,7636,8227.0,1.399371899984544,heavy_static,0.2751814000075683,9155.0,1834,3,,0.0218668000306934,11629.0,661,9,,0.0687874000286683,10647.0,931,5,,0.1607453000033274,9979.0,1366,3,
562,7584,8126.0,1.289012900000671,heavy_static,0.297940699965693,8750.0,1780,3,,0.01926850003656,11232.0,668,9,,0.0661469999467954,10110.0,932,5,,0.1555980000412091,9766.0,1369,3,
563,7485,8038.0,1.382697900000494,heavy_static,0.328792699961923,8646.0,1787,3,,0.016260499949567,11250.0,661,9,,0.0684362999163568,9966.0,916,5,,0.1438602999551221,9590.0,1383,3,
564,7752,8328.0,1.361923199990997,heavy_static,0.294002000009641,8952.0,1817,3,,0.0243941999506205,11252.0,665,9,,0.0715819000033661,10144.0,919,5,,0.152888200012967,9840.0,1390,3,
565,7337,7817.0,1.277847000019392,heavy_static,0.2630617999238893,8473.0,1779,3,,0.014484400046058,10527.0,640,9,,0.0570039999438449,9581.0,884,5,,0.1345316999359056,9265.0,1324,3,
566,7484,8060.0,1.0526793000171892,heavy_static,0.3060635000001639,8732.0,1774,3,,0.0182877000188455,10950.0,653,9,,0.0665272999322041,9944.0,917,5,,0.1612626001005992,9556.0,1340,3,
567,7374,7921.0,1.2078360000159591,heavy_static,0.2778783000539988,8561.0,1770,3,,0.0164500999962911,10919.0,652,9,,0.066959899966605,9917.0,911,5,,0.1434610999422148,9577.0,1358,3,
568,7768,8368.0,1.1613159000116866,heavy_static,0.2789887000108138,9024.0,1833,3,,0.0217484999448061,11550.0,668,9,,0.0692744000116363,10448.0,928,5,,0.1373506999807432,10072.0,1371,3,
569,7272,7750.0,1.3962143999815453,heavy_static,0.2604694999754429,8374.0,1737,3,,0.0167937000514939,10822.0,647,9,,0.0619384000310674,9506.0,906,5,,0.1464007999747991,9142.0,1317,3,
570,7593,8153.0,1.021078399993712,heavy_static,0.3124995999969542,8793.0,1817,3,,0.0186472999630495,11239.0,656,9,,0.0693468999816104,10053.0,902,5,,0.1418355000205338,9705.0,1350,3,
571,7389,7868.0,1.6056312999862712,heavy_static,0.3206808000104502,8860.0,1827,3,,0.0213560999836772,11102.0,655,9,,0.0664647000376135,9992.0,915,5,,0.1498179000336676,9348.0,1336,3,
572,7882,8538.0,1.434154100017622,heavy_static,0.2949074999196455,9146.0,1839,3,,0.0168217999162152,11956.0,678,9,,0.0647654000204056,10694.0,939,5,,0.1357470999937504,10346.0,1408,3,
573,7711,8250.0,1.0775155999872368,heavy_static,0.2926407000049948,8939.0,1811,3,,0.0158091000048443,11452.0,652,9,,0.0699588999850675,10122.0,906,5,,0.1382108000107109,9818.0,1339,3,
574,7784,8362.0,1.4946118000079878,heavy_static,0.2621532001066953,8970.0,1777,3,,0.0205567999510094,11688.0,658,9,,0.0673503000289201,10330.0,905,5,,0.1364245000295341,10026.0,1357,3,
575,8120,8763.0,1.1873322000028566,heavy_static,0.2824879999971017,9675.0,1852,3,,0.0167066999711096,12117.0,677,9,,0.0593541999114677,10931.0,945,5,,0.1395040999632328,10227.0,1373,3,
576,7709,8242.0,1.268893600004958,heavy_static,0.271854400052689,8882.0,1818,3,,0.0174337000353261,11264.0,656,9,,0.0716068999608978,10010.0,922,5,,0.2052376999054104,9634.0,1353,3,
577,7521,8061.0,1.0315804000128992,heavy_static,0.3382579999743029,8702.0,1805,3,,0.0173783999634906,11059.0,646,9,,0.073036800022237,10041.0,924,5,,0.1437087999656796,9725.0,1374,3,
578,7556,8103.0,1.301125800004229,heavy_static,0.2763086999766528,8727.0,1810,3,,0.0220700000645592,10945.0,644,9,,0.0617646999889984,9951.0,907,5,,0.1376023000339046,9639.0,1344,3,
579,7598,8189.0,1.1711300000024494,heavy_static,0.274477900005877,8829.0,1775,3,,0.0168730999575927,11255.0,657,9,,0.065989900031127,10213.0,917,5,,0.1559001000132411,9813.0,1365,3,
580,8336,9060.0,1.2668176000006497,heavy_static,0.2787319000344723,10004.0,1893,3,,0.0189032000489532,12382.0,682,9,,0.0667807999998331,11396.0,953,5,,0.1491116000106558,10932.0,1427,3,
581,7568,8116.0,1.0175504999933764,heavy_static,0.2724616999039426,8692.0,1720,3,,0.0232761000515893,11082.0,643,9,,0.0668463000329211,10016.0,889,5,,0.1570559000829234,9668.0,1348,3,
582,7666,8171.0,1.2115243999869565,heavy_static,0.3043589999433607,8811.0,1840,3,,0.0177217000164091,11517.0,673,9,,0.0644299000268802,10271.0,949,5,,0.1455143000930547,9931.0,1393,3,
583,7551,8102.0,1.2319321999966633,heavy_static,0.2527747999411076,8726.0,1751,3,,0.0178094999864697,11108.0,645,9,,0.0636940000113099,9954.0,900,5,,0.1456730000209063,9622.0,1349,3,
584,7536,8091.0,1.0355228999978865,heavy_static,0.2763400999829173,8811.0,1785,3,,0.021721199969761,11153.0,649,9,,0.0577833999413996,9859.0,900,5,,0.1367473000427708,9555.0,1335,3,
585,7925,8562.0,1.280788799980655,heavy_static,0.2733318000100553,9218.0,1818,3,,0.0160005000652745,11780.0,656,9,,0.0630354000022634,10646.0,917,5,,0.1454590999055653,10402.0,1360,3,
586,7430,7945.0,0.9622672999976204,heavy_static,0.2560364999808371,8569.0,1781,3,,0.0187530999537557,10993.0,656,9,,0.0648529999889433,10349.0,910,5,,0.1526926000369712,10001.0,1353,3,
587,7388,7905.0,1.1086864999961108,heavy_static,0.2828888000221923,8593.0,1799,3,,0.0180921000428497,11301.0,659,9,,0.0669942999957129,9969.0,918,5,,0.1648445000173524,9561.0,1338,3,
588,7551,8095.0,1.4358466000121552,heavy_static,0.2630071999737993,8719.0,1758,3,,0.0207163000013679,11233.0,646,9,,0.0700243000173941,9835.0,897,5,,0.1396560999564826,9551.0,1352,3,
589,7659,8213.0,1.2710907000000589,heavy_static,0.2977989000501111,9093.0,1835,3,,0.0190571999410167,11931.0,678,9,,0.06563530000858,10665.0,958,5,,0.1400162000209093,10101.0,1382,3,
590,7535,8069.0,1.2614114999887531,heavy_static,0.3016497000353411,8949.0,1779,3,,0.0158535999944433,11407.0,644,9,,0.0657286000205203,10305.0,911,5,,0.1360826999880373,9701.0,1349,3,
591,7828,8477.0,1.2058599000156391,heavy_static,0.2692591000813991,9149.0,1805,3,,0.0215262999990955,11387.0,668,9,,0.0602286000503227,10325.0,921,5,,0.1322451999876648,9933.0,1379,3,
592,7687,8265.0,1.054600900009973,heavy_static,0.2779483000049367,8921.0,1818,3,,0.0141004000324755,11387.0,659,9,,0.0584490000037476,10169.0,918,5,,0.1406267000129446,9937.0,1365,3,
593,7481,8054.0,1.2216964999970514,heavy_static,0.2993331999750808,8726.0,1774,3,,0.0162816999945789,11402.0,638,9,,0.0636418999638408,9854.0,890,5,,0.1299997000023722,9606.0,1332,3,
594,7403,7930.0,1.1907946999999697,heavy_static,0.2985121998935938,8602.0,1772,3,,0.017376699950546,11090.0,665,9,,0.0658859000541269,9982.0,915,5,,0.1396152999950572,9634.0,1370,3,
595,8165,8866.0,1.4528539000020828,heavy_static,0.292767999926582,9506.0,1854,3,,0.0226243000943213,12394.0,685,9,,0.0671208000276237,11142.0,949,5,,0.1460382000077515,10810.0,1442,3,
596,7563,8146.0,1.2900341000058688,heavy_static,0.255013299989514,8754.0,1771,3,,0.0136214999947696,11006.0,639,9,,0.0555234999628737,9966.0,888,5,,0.1291003000224009,9650.0,1323,3,
597,7327,7853.0,1.270020600000862,heavy_static,0.2636335000861436,8525.0,1786,3,,0.01607759995386,10975.0,655,9,,0.061067400034517,9797.0,920,5,,0.1316247000358998,9445.0,1337,3,
598,7283,7788.0,1.2148872000107076,heavy_static,0.3104242999106645,8460.0,1783,3,,0.0216371000278741,10646.0,638,9,,0.0684136000927537,9492.0,897,5,,0.1600757999112829,9196.0,1332,3,
599,7691,8250.0,1.2822543999936895,heavy_static,0.3099407999543473,8858.0,1767,3,,0.0162698000203818,11576.0,646,9,,0.0664171000244095,10031.0,903,5,,0.1372065999312326,9714.0,1361,3,
600,7531,8078.0,1.209758499986492,heavy_static,0.3240187999326736,8750.0,1762,3,,0.0173907000571489,11020.0,647,9,,0.0656924999784678,10030.0,904,5,,0.1663973000831902,9678.0,1354,3,
601,7214,7755.0,1.190699400001904,heavy_static,0.2692098000552505,8411.0,1760,3,,0.0198042000411078,10773.0,638,9,,0.061922000022605,9771.0,896,5,,0.1292497999966144,9419.0,1357,3,
602,7809,8384.0,1.216862300003413,heavy_static,0.2874325000448152,9008.0,1800,3,,0.0154705999884754,11448.0,661,9,,0.0597578000742942,10388.0,922,5,,0.1332942000590264,9984.0,1367,3,
603,7848,8462.0,1.0801826000097208,heavy_static,0.3065605999436229,9102.0,1860,3,,0.0694090999895706,11722.0,683,9,,0.0663706999039277,10486.0,949,5,,0.1499131000600755,10134.0,1392,3,
604,7636,8185.0,1.3810638000140898,heavy_static,0.3511203000089153,8889.0,1815,3,,0.0174190000398084,11199.0,646,9,,0.0758594999788329,10061.0,908,5,,0.130754700046964,9681.0,1339,3,
605,8134,8792.0,1.3776212999946438,heavy_static,0.2573601000476628,9448.0,1830,3,,0.0204870000015944,12076.0,666,9,,0.0664979999419301,11008.0,927,5,,0.1517121999058872,10736.0,1364,3,
606,7859,8442.0,1.250466299999971,heavy_static,0.2770890999818221,9082.0,1811,3,,0.0215441999025642,11684.0,655,9,,0.075883699930273,10626.0,936,5,,0.1802179000806063,10250.0,1391,3,
607,7854,8463.0,1.320161299983738,heavy_static,0.3005251000868156,9119.0,1861,3,,0.0189359000651165,11435.0,666,9,,0.0647291999775916,10507.0,952,5,,0.1584615000756457,10183.0,1402,3,
608,7994,8603.0,1.2829043999954592,heavy_static,0.3041466000722721,8971.0,1817,2,,0.0203508000122383,11411.0,655,8,,0.0669951000018045,10463.0,919,4,,0.1366966000059619,10443.0,1384,3,
609,7390,7908.0,1.2494284999847878,heavy_static,0.2815878000110388,8884.0,1797,3,,0.0164152999641373,11054.0,650,9,,0.0630811000009998,9984.0,900,5,,0.1409648000262677,9356.0,1332,3,
610,7744,8292.0,1.2339027000125498,heavy_static,0.2965408999007195,8948.0,1790,3,,0.0208116000285372,11274.0,658,9,,0.0813972000032663,10564.0,940,5,,0.1897725000744685,10196.0,1373,3,
611,7554,8113.0,1.084840899973642,heavy_static,0.3390745999058708,8801.0,1864,3,,0.022741200053133,11347.0,677,9,,0.0704798999940976,10185.0,939,5,,0.1529684000415727,9833.0,1409,3,
612,7575,8144.0,1.28173039999092,heavy_static,0.3006932999705896,8720.0,1793,3,,0.0169805999612435,10916.0,655,9,,0.0647250999463722,10072.0,920,5,,0.1574547999771312,9704.0,1363,3,
613,7211,7676.0,1.279135699995095,heavy_static,0.2625532000092789,8284.0,1736,3,,0.0154404999921098,10590.0,640,9,,0.0586876000743359,9632.0,889,5,,0.1276110000908374,9316.0,1328,3,
614,7723,8276.0,1.0595174999907613,heavy_static,0.2565085999667644,8932.0,1769,3,,0.0159782998962327,11584.0,665,9,,0.0564525999361649,9984.0,903,5,,0.1301099000265821,9700.0,1356,3,
615,8102,8735.0,1.3106334999902174,heavy_static,0.2639885999960825,9343.0,1812,3,,0.0221124999225139,11879.0,663,9,,0.0692443000152707,10431.0,923,5,,0.1588969998992979,10071.0,1386,3,
616,7966,8606.0,1.2716017999919131,heavy_static,0.3313649999909103,9518.0,1857,3,,0.0163757000118494,12004.0,671,9,,0.0718815999571234,10754.0,937,5,,0.1362272000405937,10182.0,1392,3,
617,7500,8014.0,1.2472023000009358,heavy_static,0.2846916000125929,8686.0,1784,3,,0.0170081999385729,11042.0,651,9,,0.0658427999587729,9818.0,913,5,,0.1527924999827519,9438.0,1333,3,
618,7879,8503.0,1.075488900009077,heavy_static,0.2692567999474704,9127.0,1807,3,,0.0218783000018447,11713.0,658,9,,0.0583208000753074,10607.0,940,5,,0.140365400002338,10215.0,1363,3,
619,7744,8358.0,1.428606800007401,heavy_static,0.2813728000037372,8982.0,1815,3,,0.0179874999448657,11400.0,656,9,,0.0697709999512881,10306.0,922,5,,0.1506972000934183,9950.0,1337,3,
620,7649,8237.0,1.2857629999925848,heavy_static,0.2858893999364227,8861.0,1779,3,,0.0182417000178247,11093.0,641,9,,0.0787400999106466,10097.0,900,5,,0.1388971999986097,9773.0,1326,3,
621,7521,8065.0,1.1958539000188466,heavy_static,0.2645716000115499,8689.0,1804,3,,0.021479699993506,10969.0,649,9,,0.0606040999991819,10017.0,913,5,,0.1451267999364063,9657.0,1355,3,
622,7907,8533.0,1.079899700009264,heavy_static,0.3129369000671431,9141.0,1800,3,,0.0189953999361023,11729.0,653,9,,0.0678177000954747,10249.0,908,5,,0.1509385999524966,9893.0,1353,3,
623,8012,8635.0,1.6185615999856964,heavy_static,0.3432555999606848,9547.0,1836,3,,0.0198007000144571,12239.0,677,9,,0.0719969000201672,10767.0,927,5,,0.1627275999635458,10243.0,1377,3,
624,7918,8532.0,1.3698610000137703,heavy_static,0.2740473999874666,9156.0,1814,3,,0.0181592999724671,11582.0,655,9,,0.0628913999535143,10360.0,906,5,,0.148021399974823,10004.0,1338,3,
625,7315,7807.0,1.191516299993964,heavy_static,0.3429689999902621,8511.0,1789,3,,0.0210367999970912,10761.0,656,9,,0.0727906000101938,9975.0,926,5,,0.136949700070545,9639.0,1367,3,
626,7930,8519.0,1.2627823000075296,heavy_static,0.2786829000106081,9127.0,1814,3,,0.0139450000133365,11519.0,653,9,,0.0574921000516042,10503.0,903,5,,0.1398064000532031,10119.0,1359,3,
627,7584,8135.0,1.2392430999898352,heavy_static,0.2786864000372588,8743.0,1764,3,,0.0165339999366551,11157.0,647,9,,0.0652228000108152,9987.0,904,5,,0.1582624999573454,9663.0,1332,3,
628,7676,8258.0,1.272789400012698,heavy_static,0.2571412000106647,8866.0,1785,3,,0.0188710999209433,11074.0,643,9,,0.0582739999517798,10350.0,909,5,,0.1303620000835508,10042.0,1363,3,
629,7891,8521.0,1.3024597999756224,heavy_static,0.3021403000457212,9369.0,1848,3,,0.0174121999880298,11623.0,673,9,,0.0793166999937966,10637.0,932,5,,0.1439945000456646,10073.0,1361,3,
630,7451,7986.0,1.2506885000038892,heavy_static,0.2663374999538064,8594.0,1728,3,,0.0177486999891698,11254.0,651,9,,0.0619400999275967,10098.0,918,5,,0.1467723000096157,9762.0,1348,3,
631,7698,8252.0,1.3074148999876345,heavy_static,0.26517759996932,8876.0,1783,3,,0.0206864000065252,11112.0,637,9,,0.0648380999919027,10316.0,896,5,,0.1598056000657379,10004.0,1320,3,
632,7429,7941.0,1.1870210000197403,heavy_static,0.2839811000740155,8581.0,1802,3,,0.0201295999577268,11011.0,649,9,,0.0564675999339669,9809.0,899,5,,0.1349864000221714,9549.0,1346,3,
633,7781,8405.0,1.0574723999889102,heavy_static,0.312788899987936,9093.0,1834,3,,0.0151660999981686,11523.0,658,9,,0.0668027000501751,10433.0,938,5,,0.1400840999558568,10109.0,1384,3,
634,7300,7817.0,1.2614715000090655,heavy_static,0.273020299966447,8489.0,1789,3,,0.0145664999727159,10721.0,644,9,,0.0597333000041544,9677.0,909,5,,0.1499269000487402,9393.0,1340,3,
635,7699,8277.0,1.0839831000193954,heavy_static,0.2519677999662235,8949.0,1792,3,,0.0212391999084502,11401.0,649,9,,0.0596697999862954,10249.0,907,5,,0.1407348000211641,9965.0,1335,3,
636,7551,8078.0,1.4547932000132278,heavy_static,0.2785250999731943,8718.0,1798,3,,0.0180818999651819,11286.0,661,9,,0.0659010999370366,10198.0,916,5,,0.1586891000624746,9878.0,1385,3,
637,7550,8067.0,1.4186489999992773,heavy_static,0.2980380000080913,8931.0,1763,3,,0.0182222999865189,11535.0,658,9,,0.0736282001016661,10091.0,902,5,,0.1495488000800833,9515.0,1344,3,
638,7456,7975.0,1.2074980000033977,heavy_static,0.2860215000109747,8839.0,1767,3,,0.0200133000034838,11171.0,640,9,,0.0655320000369101,10115.0,889,5,,0.1515329000540077,9559.0,1346,3,
639,7532,8102.0,1.045645299978787,heavy_static,0.2699891000520438,8758.0,1826,3,,0.0204500999534502,11406.0,661,9,,0.0738308998988941,10210.0,920,5,,0.1656709000235423,9774.0,1343,3,
640,8006,8610.0,1.273843000002671,heavy_static,0.2917458999436348,9218.0,1822,3,,0.0174542000750079,12014.0,658,9,,0.1238098000176251,10818.0,927,5,,0.1538197000045329,10450.0,1396,3,
641,7960,8615.0,1.4461023000185378,heavy_static,0.2735908000031486,9511.0,1851,3,,0.0245669999858364,11791.0,664,9,,0.0585455999244004,10663.0,928,5,,0.1392282000742852,10111.0,1373,3,
642,7183,7677.0,1.4291880000091624,heavy_static,0.317326300079003,8301.0,1823,3,,0.0188042999943718,10629.0,650,9,,0.0679088999750092,9601.0,915,5,,0.1475350999971851,9261.0,1330,3,
643,7588,8133.0,1.2273679999925662,heavy_static,0.2614453999558463,9029.0,1797,3,,0.017582600004971,11287.0,648,9,,0.0632346000056713,10313.0,919,5,,0.1456734000239521,9733.0,1353,3,
644,7737,8338.0,1.0888118000002578,heavy_static,0.2798475000308826,9042.0,1820,3,,0.0175844000186771,11823.0,661,9,,0.0574407000094652,10386.0,912,5,,0.1430194999556988,9938.0,1346,3,
645,7548,8078.0,1.3454470000287984,heavy_static,0.3276675000088289,8718.0,1821,3,,0.0265351000707596,11248.0,661,9,,0.0783435000339523,9934.0,922,5,,0.1810828999150544,9638.0,1376,3,
646,7889,8530.0,1.2963386999908837,heavy_static,0.2907258999766782,9138.0,1801,3,,0.016719700070098,11788.0,661,9,,0.0681304999161511,10362.0,920,5,,0.1549530999036505,10042.0,1352,3,
647,7524,8069.0,1.3919456000148784,heavy_static,0.272411199985072,8901.0,1762,3,,0.0148119999794289,11145.0,643,9,,0.0596286000218242,10345.0,904,5,,0.1294992000330239,9789.0,1358,3,
648,7848,8438.0,1.351962899992941,heavy_static,0.3205677000805735,9046.0,1868,3,,0.0223660999909043,11408.0,670,9,,0.0691681000171229,10534.0,946,5,,0.1472844999516382,10190.0,1411,3,
649,7866,8500.0,1.5767418000032194,heavy_static,0.2597693999996409,9140.0,1780,3,,0.0166777999838814,11486.0,647,9,,0.0700691000092774,10340.0,898,5,,0.1368912000907585,9996.0,1329,3,
650,7240,7716.0,1.272548500011908,heavy_static,0.2720934000099078,8309.0,1772,3,,0.015440999995917,10994.0,650,9,,0.0597346000140532,9744.0,895,5,,0.1446847999468445,9396.0,1355,3,
651,7562,8092.0,1.2106561999826226,heavy_static,0.2602597000077367,9084.0,1775,3,,0.0207308999961242,11582.0,647,9,,0.0563505999743938,10280.0,897,5,,0.1418172999983653,9636.0,1325,3,
652,7645,8173.0,1.0451428999949712,heavy_static,0.2610220999922603,8829.0,1795,3,,0.0164194999961182,11159.0,646,9,,0.0595004999777302,10093.0,915,5,,0.1351599999470636,9765.0,1340,3,
653,7651,8200.0,1.2751509999798143,heavy_static,0.2955554999643937,8856.0,1780,3,,0.0168850999325513,11226.0,652,9,,0.0664906000019982,10084.0,904,5,,0.1355684999143704,9744.0,1343,3,
654,7705,8266.0,1.3022938999929463,heavy_static,0.320025899913162,8874.0,1812,3,,0.0173851998988538,11368.0,653,9,,0.0693884999491274,10138.0,921,5,,0.1478730000089854,9770.0,1354,3,
655,8453,9139.0,1.3864256000088062,heavy_static,0.3233117000199854,10051.0,1904,3,,0.0238525999011471,12695.0,694,9,,0.0780121999559924,11475.0,974,5,,0.176458099973388,10931.0,1429,3,
656,7772,8378.0,1.241617799998494,heavy_static,0.2894719999749213,9034.0,1843,3,,0.0167072999756783,11262.0,669,9,,0.0686991999391466,10314.0,939,5,,0.1581853999523446,9962.0,1398,3,
657,8233,8921.0,1.213874900015071,heavy_static,0.2668937999987975,9769.0,1822,3,,0.0214683000231161,12333.0,667,9,,0.0779891000129282,11297.0,945,5,,0.1776168999494984,10705.0,1434,3,
658,7206,7686.0,1.1788705000071786,heavy_static,0.2587443999946117,8342.0,1779,3,,0.0197410999098792,10676.0,648,9,,0.0589375999988988,9706.0,895,5,,0.1210259000072255,9358.0,1301,3,
659,7666,8242.0,1.0368243000120856,heavy_static,0.2609159999992698,8930.0,1782,3,,0.020987799973227,11446.0,667,9,,0.0707113000098615,10350.0,928,5,,0.1623086999170482,10074.0,1359,3,
660,7953,8594.0,1.2653805000009015,heavy_static,0.3044896998908371,9234.0,1874,3,,0.0180056999670341,11562.0,666,9,,0.0652972999960184,10430.0,924,5,,0.1429478999925777,10210.0,1395,3,
661,8095,8746.0,1.1957258000038564,heavy_static,0.2822198000503704,9370.0,1827,3,,0.022260500001721,11890.0,667,9,,0.0693904999643564,10766.0,938,5,,0.1619777999585494,10354.0,1379,3,
662,7816,8434.0,1.2791578999895137,heavy_static,0.3265700000338256,9106.0,1799,3,,0.016503999941051,11642.0,663,9,,0.0667339999927207,10506.0,922,5,,0.1492853000527247,10258.0,1368,3,
663,7414,7973.0,1.191585099993972,heavy_static,0.2853748999768868,8597.0,1797,3,,0.0158527999883517,10943.0,646,9,,0.0647468999959528,9805.0,892,5,,0.1393798000644892,9485.0,1341,3,
664,7571,8159.0,1.2168718000175431,heavy_static,0.31038769998122,8783.0,1777,3,,0.0166925999801605,11093.0,633,9,,0.0686940000159666,10219.0,905,5,,0.1516757999779656,9879.0,1342,3,
665,7588,8181.0,1.354674200003501,heavy_static,0.3335828999988734,8837.0,1810,3,,0.0230821999721229,11407.0,678,9,,0.0668220000807195,10029.0,930,5,,0.1628807000815868,9701.0,1388,3,
666,7863,8405.0,1.2802961000124924,heavy_static,0.2800819999538362,9109.0,1859,3,,0.0149035999784246,11469.0,654,9,,0.0583124000113457,10365.0,926,5,,0.1348863000748679,10069.0,1373,3,
667,7757,8363.0,1.2503480999730527,heavy_static,0.313868899946101,8971.0,1819,3,,0.0175699000246822,11635.0,673,9,,0.0711933999555185,10283.0,923,5,,0.1651724999537691,9859.0,1387,3,
668,7546,8095.0,1.056271100009326,heavy_static,0.2966005000052973,8991.0,1770,3,,0.0219071001047268,11561.0,658,9,,0.0706065000267699,10351.0,916,5,,0.1388291000621393,9799.0,1367,3,
669,7710,8275.0,1.260375900019426,heavy_static,0.2782320999540388,8915.0,1849,3,,0.0153478999854996,11573.0,664,9,,0.0579182000365108,10443.0,925,5,,0.1363236999604851,10091.0,1377,3,
670,7694,8250.0,1.0515791000216268,heavy_static,0.297190299956128,8827.0,1751,3,,0.0178816999541595,11260.0,645,9,,0.0693774999817833,10418.0,913,5,,0.1637699999846518,10090.0,1357,3,
671,7818,8433.0,1.2431172000069637,heavy_static,0.2850344999460503,9057.0,1843,3,,0.0219357999740168,11829.0,666,9,,0.0672402000054717,10697.0,939,5,,0.1522379000671208,10345.0,1387,3,
672,7759,8347.0,1.0531083999958355,heavy_static,0.3016543999547139,8939.0,1814,3,,0.015914799994789,11983.0,677,9,,0.0695348000153899,10452.0,927,5,,0.1398892999859526,10131.0,1391,3,
673,7804,8407.0,1.2533262000069954,heavy_static,0.2586882999166846,8999.0,1809,3,,0.0169557000044733,11645.0,667,9,,0.0622331000631675,10455.0,930,5,,0.1447688000043854,10143.0,1383,3,
674,7122,7556.0,1.1434854999824893,heavy_static,0.2552497000433504,8132.0,1729,3,,0.0165018999250605,10842.0,648,9,,0.0646161999320611,9572.0,895,5,,0.1518707000650465,9196.0,1302,3,
675,7575,8128.0,1.2138067999912892,heavy_static,0.2879838000517338,8816.0,1772,3,,0.0771563000744208,12062.0,663,9,,0.0629448000108823,10540.0,934,5,,0.1317157000303268,10144.0,1377,3,
676,7527,8080.0,0.9834703000087756,heavy_static,0.3389573000604287,8688.0,1763,3,,0.0185419999761506,11330.0,658,9,,0.0697719999589026,10084.0,906,5,,0.1658500999910757,9744.0,1365,3,
677,7097,7535.0,1.1860295000078622,heavy_static,0.29367889999412,8159.0,1759,3,,0.0175153000745922,10911.0,653,9,,0.0779684000881388,9675.0,909,5,,0.145846200059168,9327.0,1356,3,
678,7683,8255.0,1.0513483999820892,heavy_static,0.3529343999689445,8927.0,1801,3,,0.0198246999643743,11243.0,651,9,,0.0724695000099018,10403.0,932,5,,0.1488459999673068,10111.0,1384,3,
679,7503,8013.0,1.204717399989022,heavy_static,0.2707480998942628,8621.0,1759,3,,0.014712700038217,10863.0,649,9,,0.05883990006987,9877.0,905,5,,0.1337479000212624,9573.0,1342,3,
680,7569,8108.0,1.309213100001216,heavy_static,0.2617578000063076,8780.0,1788,3,,0.0189409999875351,10912.0,650,9,,0.0688924000132829,10025.0,921,5,,0.1581776000093668,9684.0,1350,3,
681,7526,8043.0,1.044925099995453,heavy_static,0.2544599000830203,8971.0,1772,3,,0.0196664999239146,11493.0,652,9,,0.0545303999679163,10331.0,912,5,,0.1344190000090748,9803.0,1378,3,
682,7587,8127.0,1.2232568000035826,heavy_static,0.3479566000169143,8751.0,1789,3,,0.0180548999924212,10981.0,653,9,,0.0752429000567644,9947.0,916,5,,0.1436803999822586,9583.0,1358,3,
683,7783,8370.0,1.068161900009727,heavy_static,0.2812057000119239,8994.0,1770,3,,0.0144746000878512,11168.0,648,9,,0.060924999997951,10246.0,915,5,,0.1351386000169441,9874.0,1329,3,
684,7648,8241.0,1.2509313999908045,heavy_static,0.2821859999094158,9185.0,1826,3,,0.0167848999844864,11586.0,662,9,,0.0593408000422641,10773.0,930,5,,0.1331988000310957,10089.0,1375,3,
685,7713,8326.0,1.072265900002094,heavy_static,0.2815258000046015,9046.0,1838,3,,0.0216158999828621,11644.0,664,9,,0.0619220999069511,10294.0,933,5,,0.1498866999754682,9990.0,1365,3,
686,7692,8265.0,1.343096800002968,heavy_static,0.2564541000174358,8905.0,1783,3,,0.0153246000409126,11387.0,649,9,,0.058337099966593,10097.0,898,5,,0.139037000015378,9769.0,1333,3,
687,8087,8709.0,1.667930299998261,heavy_static,0.2968640000326559,9333.0,1815,3,,0.0166950999991968,11829.0,655,9,,0.0609049999620765,10573.0,921,5,,0.1510281000519171,10197.0,1357,3,
688,7648,8241.0,1.6291441000066698,heavy_static,0.2885666000656783,8849.0,1817,3,,0.0202266999986022,11459.0,668,9,,0.0669022999936714,10433.0,940,5,,0.1415663999505341,10137.0,1397,3,
689,7918,8543.0,1.4353826000005938,heavy_static,0.302191499969922,9135.0,1807,3,,0.0178991999709978,11577.0,657,9,,0.0660859999479726,10219.0,924,5,,0.151540599996224,9895.0,1353,3,
690,7802,8396.0,1.316404200013494,heavy_static,0.287123000016436,9324.0,1810,3,,0.0178054999560117,11866.0,663,9,,0.0614389999536797,10544.0,929,5,,0.1508881000336259,9972.0,1370,3,
691,7592,8130.0,1.2574545000097714,heavy_static,0.2614587000571191,8738.0,1779,3,,0.0207113000797107,11300.0,642,9,,0.0575673999264836,9958.0,885,5,,0.13241449999623,9650.0,1328,3,
692,7498,8086.0,1.3345677999895995,heavy_static,0.2551353999879211,8758.0,1769,3,,0.0139676999533548,11036.0,644,9,,0.0568394000874832,10026.0,894,5,,0.1361512000439688,9726.0,1342,3,
693,7458,7986.0,1.5199004000169225,heavy_static,0.3428449000930413,8690.0,1810,3,,0.0165836999658495,11088.0,647,9,,0.0721333000110462,9734.0,905,5,,0.126144100097008,9330.0,1325,3,
694,7494,8044.0,1.443372800014913,heavy_static,0.2797550999093801,8684.0,1799,3,,0.0160604999400675,11044.0,651,9,,0.0586072000442072,10032.0,918,5,,0.1310547000030055,9644.0,1317,3,
695,7733,8325.0,1.4036372999835294,heavy_static,0.3220272000180557,8965.0,1823,3,,0.0222753999987617,11357.0,657,9,,0.0680051000090316,10277.0,935,5,,0.1372881999704986,9829.0,1344,3,
696,7438,7998.0,1.1632576000120023,heavy_static,0.2761371999513358,8622.0,1791,3,,0.0182736000278964,11042.0,649,9,,0.0617803999921307,10046.0,904,5,,0.1299337999662384,9774.0,1343,3,
697,7340,7853.0,1.302580300020054,heavy_static,0.2688268000492826,8477.0,1781,3,,0.0174337000353261,11343.0,657,9,,0.0691236000275239,10277.0,928,5,,0.168732599937357,9917.0,1367,3,
698,8097,8746.0,1.352928400010569,heavy_static,0.2820283999899402,9402.0,1844,3,,0.0233570000855252,12188.0,681,9,,0.065597099950537,10762.0,948,5,,0.1412797999801114,10346.0,1389,3,
699,7441,7983.0,1.3318621999933384,heavy_static,0.3122897000284865,8607.0,1765,3,,0.0182925999397411,10917.0,651,9,,0.0638415999710559,9815.0,901,5,,0.1582686000037938,9527.0,1360,3,
700,7596,8107.0,1.1040677000128198,heavy_static,0.2649905999423936,8699.0,1709,3,,0.0172803999157622,11019.0,649,9,,0.0697085000574588,10011.0,896,5,,0.1482804999686777,9643.0,1329,3,
701,7595,8164.0,1.1960481999849435,heavy_static,0.2931069999467581,8884.0,1861,3,,0.0174275999888777,11004.0,663,9,,0.0695631999988108,10180.0,943,5,,0.1418037000112235,9812.0,1382,3,
702,7379,7917.0,0.9925180000136606,heavy_static,0.3054374000057578,8813.0,1788,3,,0.0234705000184476,11147.0,650,9,,0.0674725000280886,9973.0,898,5,,0.1379229000303894,9349.0,1309,3,
703,7651,8227.0,1.6026309999870136,heavy_static,0.2931544999592006,8899.0,1763,3,,0.0156788000604137,10985.0,643,9,,0.0589143999386578,9959.0,901,5,,0.1813266999088227,9651.0,1344,3,
704,7833,8440.0,1.2843987999949604,heavy_static,0.2900643999455496,9048.0,1776,3,,0.015869399998337,11552.0,654,9,,0.0634001999860629,10460.0,901,5,,0.1380989999743178,10112.0,1360,3,
705,8216,8866.0,1.4077269000117667,heavy_static,0.2636191999772563,9490.0,1809,3,,0.0248230999568477,12056.0,660,9,,0.0651361000491306,10778.0,918,5,,0.1498408999759704,10482.0,1373,3,
706,7957,8572.0,1.319964299997082,heavy_static,0.3379551999969408,9164.0,1796,3,,0.0188532999018207,11648.0,659,9,,0.0746913000475615,10384.0,916,5,,0.1814154000021517,10052.0,1380,3,
707,7524,8046.0,1.264349500008393,heavy_static,0.3110720999538898,8686.0,1800,3,,0.0177035999950021,10986.0,651,9,,0.0711501000914722,9934.0,907,5,,0.1436555000254884,9678.0,1367,3,
708,7753,8369.0,1.2105369999771938,heavy_static,0.2740961000090465,9009.0,1825,3,,0.0229184000054374,11211.0,642,9,,0.069538600044325,10073.0,910,5,,0.1600583000108599,9777.0,1369,3,
709,7989,8617.0,1.201082799991127,heavy_static,0.2590128999436274,9241.0,1814,3,,0.0172745999880135,11759.0,657,9,,0.0674633999587968,10481.0,917,5,,0.1507673999294638,10153.0,1353,3,
710,7946,8532.0,1.5071391999954358,heavy_static,0.2708325999556109,9204.0,1836,3,,0.0185238999547436,11802.0,663,9,,0.0738055000547319,10784.0,941,5,,0.1619180000852793,10477.0,1406,3,
711,7619,8142.0,1.224930199998198,heavy_static,0.2628924999153241,8798.0,1734,3,,0.0179372000275179,11382.0,661,9,,0.0631996999727562,10118.0,912,5,,0.1490411000559106,9790.0,1362,3,
712,7609,8209.0,1.1985797999950591,heavy_static,0.3531680000014603,8897.0,1762,3,,0.0212942999787628,11221.0,639,9,,0.0744120000163093,10093.0,891,5,,0.1429333999985829,9777.0,1341,3,
713,7519,8044.0,1.0052040000155102,heavy_static,0.3455582000315189,8684.0,1797,3,,0.0178889000089839,11316.0,653,9,,0.0751305000158026,9940.0,922,5,,0.1444266999606043,9652.0,1349,3,
714,7924,8549.0,1.238887399988016,heavy_static,0.2681522999191656,9477.0,1863,3,,0.0186273999279364,12115.0,680,9,,0.0719703999347984,10953.0,965,5,,0.1655894999857992,10269.0,1397,3,
715,7652,8205.0,1.154980399995111,heavy_static,0.2907091999659315,8845.0,1797,3,,0.0197188999736681,11141.0,650,9,,0.0648507999721914,10097.0,908,5,,0.1396849000593647,9725.0,1341,3,
716,7432,7948.0,1.1695049999980256,heavy_static,0.2988082999363541,8604.0,1832,3,,0.0241288000252097,11048.0,656,9,,0.0651711000828072,10012.0,928,5,,0.153432699968107,9716.0,1331,3,
717,7306,7840.0,0.9836456000048202,heavy_static,0.2535281999735161,8704.0,1754,3,,0.0154203000711277,11400.0,645,9,,0.0655933000380173,10016.0,898,5,,0.1563678999664262,9384.0,1332,3,
718,7218,7656.0,1.2006269999837968,heavy_static,0.3312157000182196,8296.0,1796,3,,0.0223494000965729,10718.0,648,9,,0.0679276000009849,9829.0,904,5,,0.1432398000033572,9464.0,1344,3,
719,7378,7878.0,1.0475903000042308,heavy_static,0.2715840999735519,8470.0,1782,3,,0.0183651000261306,11028.0,656,9,,0.0632405000505968,9970.0,907,5,,0.1490913999732583,9606.0,1346,3,
720,7656,8233.0,1.2004624999826774,heavy_static,0.3060918999835849,8921.0,1823,3,,0.0166384999174624,11143.0,654,9,,0.0661632000701502,10253.0,930,5,,0.1475926000857725,9873.0,1362,3,
721,7201,7710.0,1.012521700002253,heavy_static,0.2647910000523552,8318.0,1752,3,,0.0164282000623643,10518.0,640,9,,0.0580175999784842,9486.0,887,5,,0.1390212000114843,9038.0,1313,3,
722,7682,8305.0,1.2250769999809563,heavy_static,0.2663841999601573,8913.0,1784,3,,0.0240104000549763,11561.0,660,9,,0.0726735999342054,10501.0,924,5,,0.1614345000125467,10161.0,1383,3,
723,7484,8019.0,1.187655599991558,heavy_static,0.3183144000358879,8659.0,1805,3,,0.0161073000635951,10937.0,656,9,,0.0701477999100461,9943.0,919,5,,0.1325217999983579,9667.0,1366,3,
724,7726,8318.0,1.0353414999844972,heavy_static,0.3000184999546036,9230.0,1870,3,,0.0167247999925166,11932.0,679,9,,0.0620601000264287,10622.0,953,5,,0.1483285999856889,10054.0,1409,3,
725,7275,7804.0,1.4662900000112131,heavy_static,0.3346883999183774,8380.0,1765,3,,0.0218733000801876,10834.0,640,9,,0.0608288999646902,9844.0,895,5,,0.1477841000305488,9500.0,1343,3,
726,7787,8324.0,1.069711999996798,heavy_static,0.3208991000428796,9028.0,1873,3,,0.0174087999621406,11424.0,667,9,,0.0752770999679341,10312.0,934,5,,0.149224100052379,9972.0,1399,3,
727,7715,8287.0,1.5747105999907944,heavy_static,0.3236193999182433,8847.0,1714,3,,0.0176972000626847,11503.0,644,9,,0.0722957000834867,10271.0,902,5,,0.1645601999480277,9983.0,1331,3,
728,7449,7968.0,1.0052396999963094,heavy_static,0.2748252999735996,8624.0,1762,3,,0.0232691999990493,10894.0,648,9,,0.0679020000388845,9860.0,893,5,,0.158323600073345,9528.0,1341,3,
729,7043,7479.0,1.1180793000094127,heavy_static,0.2734297000570223,8055.0,1700,3,,0.0162485000910237,10349.0,635,9,,0.0634428000776097,9439.0,871,5,,0.1442021999973803,9191.0,1329,3,
730,7580,8133.0,1.0317959999956656,heavy_static,0.2866683000465855,8741.0,1755,3,,0.0721199000254273,11311.0,644,9,,0.061924299923703,10165.0,898,5,,0.1487056000623852,9853.0,1348,3,
731,8241,8899.0,1.28809730001376,heavy_static,0.3000898000318557,9843.0,1861,3,,0.0195199999725446,12599.0,682,9,,0.0754367000190541,11319.0,962,5,,0.1731507000513374,10779.0,1414,3,
732,7579,8158.0,1.3082970999821557,heavy_static,0.295832599978894,8766.0,1763,3,,0.0214110999368131,11154.0,650,9,,0.0594946999335661,9854.0,885,5,,0.1494498000247404,9646.0,1336,3,
733,7453,7993.0,1.1889649000077045,heavy_static,0.2846159000182524,8633.0,1785,3,,0.0168855999363586,11023.0,640,9,,0.06256150000263,9921.0,900,5,,0.1474760000128299,9633.0,1347,3,
734,7774,8327.0,1.0562694999971427,heavy_static,0.3320535999955609,9175.0,1804,3,,0.0176160000264644,11981.0,672,9,,0.0695061000296846,10611.0,926,5,,0.16134249989409,10039.0,1382,3,
735,7642,8185.0,1.2185416000138505,heavy_static,0.2700843000784516,8761.0,1745,3,,0.0230036999564617,11705.0,661,9,,0.0660602999851107,10017.0,903,5,,0.1474551999708637,9689.0,1347,3,
736,7484,7963.0,1.0003341999836266,heavy_static,0.3195933999959379,8571.0,1753,3,,0.0173122000414878,10951.0,646,9,,0.065044599934481,9751.0,886,5,,0.1504816999658942,9427.0,1320,3,
737,7979,8626.0,1.2923510000109673,heavy_static,0.2893891999265179,9250.0,1895,3,,0.0182709000073373,11756.0,676,9,,0.0791910999687388,10574.0,946,5,,0.1478822999633848,10218.0,1390,3,
738,7433,7973.0,1.262088399991626,heavy_static,0.267567400005646,8565.0,1760,3,,0.0190283000702038,11181.0,656,9,,0.0601379999425262,9909.0,895,5,,0.1457369000418111,9629.0,1363,3,
739,7868,8506.0,1.05429830000503,heavy_static,0.3023889000760391,9162.0,1871,3,,0.0250258001033216,12162.0,667,9,,0.0664475000230595,10326.0,919,5,,0.1503770999843254,9986.0,1373,3,
740,7349,7865.0,1.5593280000030063,heavy_static,0.3001977999228984,8505.0,1786,3,,0.0182832999853417,10799.0,643,9,,0.0623546000570058,9877.0,900,5,,0.1467630000552162,9553.0,1337,3,
741,7692,8288.0,1.0503780999861192,heavy_static,0.3129866999806836,8912.0,1823,3,,0.0174168000230565,11074.0,655,9,,0.0737235998967662,10224.0,912,5,,0.1581716999644413,9896.0,1368,3,
742,7589,8194.0,1.2084014000138268,heavy_static,0.2977853000629693,8802.0,1786,3,,0.0222145000007003,11308.0,643,9,,0.0657896000193432,9994.0,885,5,,0.1541223999811336,9690.0,1323,3,
743,7578,8140.0,1.0664388999866787,heavy_static,0.3271893000928685,8828.0,1863,3,,0.0185645000310614,10948.0,655,9,,0.0678445000667125,10096.0,931,5,,0.1467600000323727,9708.0,1369,3,
744,7093,7559.0,1.1138414999877568,heavy_static,0.2695428999140858,8215.0,1711,3,,0.0165650000562891,10551.0,621,9,,0.0529090999625623,9347.0,854,5,,0.1319707999937236,9023.0,1312,3,
745,8008,8637.0,1.1021850999968592,heavy_static,0.3184248000616207,9277.0,1777,3,,0.022735400008969,11861.0,668,9,,0.0681298000272363,10453.0,921,5,,0.1573511000024154,10069.0,1357,3,
746,7057,7499.0,1.2554335000168066,heavy_static,0.2854069999884814,8187.0,1773,3,,0.0162608000682666,10391.0,650,9,,0.0617317999713122,9579.0,911,5,,0.1321860000025481,9123.0,1321,3,
747,7537,8066.0,1.008903600013582,heavy_static,0.291467500035651,8706.0,1763,3,,0.0149261000333353,11052.0,649,9,,0.0646699999924749,10350.0,929,5,,0.1371219999855384,9946.0,1351,3,
748,7326,7834.0,1.1546521999989636,heavy_static,0.3064167000120505,8458.0,1735,3,,0.0162645999807864,10838.0,637,9,,0.0634536000434309,9682.0,885,5,,0.1423638999694958,9362.0,1325,3,
749,7307,7806.0,0.986454700003378,heavy_static,0.3587225000374019,8382.0,1760,3,,0.020595800015144,10474.0,640,9,,0.0710847000591456,9670.0,886,5,,0.1572990999557078,9382.0,1297,3,
750,7896,8498.0,1.2385786999948325,heavy_static,0.3243959000101313,9170.0,1820,3,,0.0164372998988255,11710.0,675,9,,0.0673688000533729,10346.0,925,5,,0.1491963000735268,10050.0,1371,3,
751,7819,8430.0,1.0478862000163645,heavy_static,0.2823889000574127,9086.0,1818,3,,0.0164265000494197,11694.0,666,9,,0.0718223999720066,10382.0,932,5,,0.1485740999924019,9990.0,1349,3,
752,7721,8313.0,1.2083238000050187,heavy_static,0.2937897000228986,8937.0,1803,3,,0.0209203999256715,11321.0,648,9,,0.0660052000312134,10089.0,905,5,,0.154352799989283,9721.0,1324,3,
753,7594,8165.0,1.0368556999892462,heavy_static,0.265648299944587,8773.0,1760,3,,0.0167777000460773,11271.0,661,9,,0.0595990000292658,10313.0,917,5,,0.1490002000937238,9925.0,1378,3,
754,7441,7978.0,1.1659945999854244,heavy_static,0.3028317999560386,8874.0,1816,3,,0.0193779000546783,11192.0,662,9,,0.062588799977675,10066.0,929,5,,0.153212699922733,9450.0,1369,3,
755,7692,8254.0,1.2005588999891188,heavy_static,0.3079880999866873,8862.0,1805,3,,0.0225356000009924,11486.0,669,9,,0.0700185999739915,10290.0,927,5,,0.1705307000083848,9958.0,1390,3,
756,7607,8155.0,1.058375900000101,heavy_static,0.2628769000293687,8779.0,1788,3,,0.016621800023131,11299.0,650,9,,0.062861300073564,10167.0,917,5,,0.1402296000160277,9763.0,1335,3,
757,7644,8222.0,1.211651299992809,heavy_static,0.2893457000609487,8814.0,1737,3,,0.0191129999002441,11442.0,653,9,,0.0659898000303655,10074.0,890,5,,0.160557399969548,9814.0,1333,3,
758,7769,8382.0,1.0348844999971334,heavy_static,0.2961183999432251,8990.0,1797,3,,0.017191500053741,11706.0,648,9,,0.0711278000380843,10482.0,912,5,,0.1786372000351548,10142.0,1376,3,
759,7813,8424.0,1.2470972999872174,heavy_static,0.2757421999704093,9064.0,1822,3,,0.025215100031346,11710.0,684,9,,0.0692433000076562,10392.0,939,5,,0.1537824999541044,10104.0,1413,3,
760,7818,8421.0,1.5829679000016768,heavy_static,0.2985908999107778,9333.0,1829,3,,0.0160312999505549,12085.0,671,9,,0.0636199000291526,10685.0,937,5,,0.1462930999696254,10157.0,1360,3,
761,7732,8302.0,1.3466317999991588,heavy_static,0.3183588000247255,8958.0,1816,3,,0.0165635999292135,11452.0,652,9,,0.0668222000822424,10230.0,915,5,,0.1552138000261038,9838.0,1352,3,
762,7821,8433.0,1.0467134999926202,heavy_static,0.2756795999594033,9073.0,1776,3,,0.0199175999732688,11351.0,644,9,,0.0626463999506086,10393.0,913,5,,0.1351685000117868,10081.0,1362,3,
763,7606,8175.0,1.2159506999887526,heavy_static,0.2518441999563947,8959.0,1811,3,,0.0216706999344751,11337.0,643,9,,0.0730731999501586,10159.0,916,5,,0.1672305999090895,9703.0,1330,3,
764,7161,7651.0,0.964329500013264,heavy_static,0.3263254000339657,8035.0,1758,2,,0.0175599000649526,10449.0,646,8,,0.0703479000367224,9315.0,895,4,,0.1480680999811738,9251.0,1336,3,
765,7716,8303.0,1.2048865999968257,heavy_static,0.274366799974814,8943.0,1784,3,,0.0215602000243961,11329.0,648,9,,0.0601679999381303,10131.0,912,5,,0.1441444000229239,9695.0,1329,3,
766,8219,8907.0,1.1000448999984656,heavy_static,0.2658424000255763,9883.0,1871,3,,0.0162899999413639,12473.0,680,9,,0.0638699000701308,11387.0,959,5,,0.1534155000699684,10787.0,1414,3,
767,7398,7925.0,1.256693399976939,heavy_static,0.3059500999515876,8581.0,1802,3,,0.0168455999810248,11037.0,652,9,,0.1302041000453755,9769.0,897,5,,0.1574900000123307,9469.0,1367,3,
768,7797,8400.0,1.2667077999794856,heavy_static,0.2795967999845743,9360.0,1857,3,,0.0171585000352934,11968.0,667,9,,0.064736200030893,10472.0,916,5,,0.1504260000074282,9920.0,1355,3,
769,7731,8337.0,1.227811600023415,heavy_static,0.3156329999910667,8993.0,1830,3,,0.0217437999090179,11583.0,645,9,,0.06496850005351,10261.0,897,5,,0.1547693000175058,9977.0,1360,3,
770,7632,8191.0,1.3799932999827431,heavy_static,0.2573734000325203,8815.0,1787,3,,0.0167773999273777,11387.0,658,9,,0.0586953000165522,10411.0,924,5,,0.1380031000589952,9991.0,1357,3,
771,7706,8303.0,1.37542910000775,heavy_static,0.3083535000914708,8943.0,1803,3,,0.0172291999915614,11258.0,648,9,,0.0725183000322431,10151.0,911,5,,0.131777000031434,9767.0,1339,3,
772,7693,8255.0,1.4363330000196584,heavy_static,0.3122710000025108,9167.0,1821,3,,0.0241410000016912,11747.0,663,9,,0.066813499899581,10531.0,922,5,,0.1513454000232741,9911.0,1385,3,
773,7291,7821.0,1.2755161999957636,heavy_static,0.3155442000133917,8477.0,1791,3,,0.0185246000764891,10977.0,653,9,,0.0681390000972896,9793.0,910,5,,0.1453857000451535,9453.0,1327,3,
774,7887,8507.0,1.2231245999864768,heavy_static,0.2786229999037459,9115.0,1782,3,,0.0169320000568404,11623.0,664,9,,0.065682900021784,10563.0,915,5,,0.1411341000348329,10283.0,1393,3,
775,7736,8319.0,1.3959196000068914,heavy_static,0.2852653000736609,9007.0,1804,3,,0.0208219999913126,11227.0,652,9,,0.0614059000508859,10151.0,908,5,,0.1547518000006675,9847.0,1330,3,
776,7484,8022.0,1.3261314999836031,heavy_static,0.2654339999426156,8678.0,1792,3,,0.0154110000003129,11200.0,654,9,,0.0715734999394044,10018.0,919,5,,0.1346644000150263,9622.0,1333,3,
777,7810,8376.0,1.402427799999714,heavy_static,0.2558415000094101,9256.0,1778,3,,0.017488699988462,11568.0,651,9,,0.0668945000506937,10772.0,914,5,,0.1553762999828905,10240.0,1368,3,
778,7504,8023.0,1.4112666999862995,heavy_static,0.3137238000053912,8679.0,1781,3,,0.0182043999666348,11107.0,651,9,,0.0664709000848233,9887.0,895,5,,0.1513358000665903,9599.0,1346,3,
779,7632,8192.0,1.1787378000153694,heavy_static,0.2721610000589862,8848.0,1822,3,,0.0213088999735191,11530.0,671,9,,0.0565160999540239,10112.0,920,5,,0.1361882999772206,9752.0,1367,3,
780,7293,7792.0,1.3508228000137024,heavy_static,0.3403883998980745,8432.0,1815,3,,0.0182194000808522,11004.0,655,9,,0.0721037000184878,9844.0,903,5,,0.1372569999657571,9480.0,1339,3,
781,7680,8246.0,1.4029525000078138,heavy_static,0.2828905000351369,8886.0,1819,3,,0.0153189999982714,11312.0,659,9,,0.0598194999620318,10098.0,924,5,,0.1437532999552786,9766.0,1360,3,
782,7776,8377.0,1.2769532999955118,heavy_static,0.3527496999595314,9017.0,1869,3,,0.0239070999668911,11275.0,672,9,,0.0712435999885201,10301.0,945,5,,0.1479879999533295,9937.0,1381,3,
783,7377,7894.0,1.205240200011758,heavy_static,0.3099556000670418,8534.0,1804,3,,0.0164345999946817,11062.0,649,9,,0.0658085999311879,9754.0,916,5,,0.1444399000611156,9422.0,1338,3,
784,7520,8105.0,1.08971470000688,heavy_static,0.2877933999989182,8697.0,1748,3,,0.0150831000646576,11209.0,634,9,,0.0642287000082433,9989.0,881,5,,0.1337688999483361,9697.0,1336,3,
785,7254,7758.0,1.147140999994008,heavy_static,0.321003400022164,8446.0,1775,3,,0.016424199915491,10756.0,651,9,,0.0706365000223741,9758.0,914,5,,0.1556853000074625,9366.0,1324,3,
786,7183,7689.0,0.958784199989168,heavy_static,0.2759632000233978,8345.0,1715,3,,0.014161100029014,10407.0,620,9,,0.0602827999973669,9609.0,885,5,,0.1300617000088095,9257.0,1293,3,
787,7895,8510.0,1.2624596999958158,heavy_static,0.2893933000741526,9214.0,1823,3,,0.0177162999752908,11436.0,656,9,,0.0672743000322952,10486.0,924,5,,0.1596625000238418,10134.0,1378,3,
788,7394,7900.0,1.114659999992,heavy_static,0.2718580999644473,8508.0,1809,3,,0.0202481000451371,10972.0,657,9,,0.0600193000864237,9944.0,929,5,,0.1336634999606758,9676.0,1364,3,
789,7296,7810.0,1.455429699999513,heavy_static,0.2768617999972775,8514.0,1806,3,,0.0207725999644026,10904.0,632,9,,0.0567421000450849,9838.0,904,5,,0.1305274000624194,9434.0,1317,3,
790,7710,8269.0,1.0331809000053909,heavy_static,0.311116199940443,8877.0,1763,3,,0.017085799947381,11477.0,649,9,,0.0643099000444635,10345.0,906,5,,0.1432882000226527,10109.0,1398,3,
791,7919,8530.0,1.4405909999914002,heavy_static,0.3152616999577731,9186.0,1764,3,,0.017873500008136,11652.0,663,9,,0.0707356000784784,10462.0,916,5,,0.1530950999585911,10146.0,1358,3,
792,7941,8544.0,1.2872572999913243,heavy_static,0.2821517999982461,9152.0,1821,3,,0.0239481000462546,11632.0,665,9,,0.0693975000176578,10516.0,928,5,,0.1605883000884205,10192.0,1386,3,
793,7589,8108.0,1.332848299993202,heavy_static,0.2778625999344513,8780.0,1811,3,,0.0162529000081121,11122.0,663,9,,0.0648015000624582,10032.0,927,5,,0.158424700028263,9708.0,1371,3,
794,7806,8424.0,1.3892631999915466,heavy_static,0.301024500047788,9032.0,1795,3,,0.0172430999809876,11638.0,654,9,,0.0658107000635936,10316.0,901,5,,0.1528606999199837,10000.0,1369,3,
795,8006,8634.0,1.2692903999995906,heavy_static,0.2958374000154435,9290.0,1871,3,,0.017356300028041,11530.0,669,9,,0.0594337000511586,10534.0,938,5,,0.1425934000872075,10146.0,1368,3,
796,7658,8228.0,1.3380013999994844,heavy_static,0.2989943999564275,8852.0,1799,3,,0.0214823000133037,11514.0,661,9,,0.0641191999893635,10032.0,911,5,,0.1516465999884531,9676.0,1369,3,
797,7535,8059.0,1.1737833000079263,heavy_static,0.2733482000185177,8731.0,1823,3,,0.0164988000178709,10967.0,656,9,,0.0620654000667855,10103.0,919,5,,0.142999600037001,9699.0,1348,3,
798,7522,8025.0,1.2298750999907495,heavy_static,0.2903014000039547,8665.0,1784,3,,0.0174599000019952,10905.0,649,9,,0.0642991999629885,10017.0,919,5,,0.1534026000881567,9601.0,1344,3,
799,7448,7965.0,1.0121254000114277,heavy_static,0.3529608000535518,8621.0,1767,3,,0.0231517000356689,10853.0,651,9,,0.0746023999527096,9941.0,914,5,,0.1519181999610737,9557.0,1337,3,
800,7774,8338.0,1.2051908999856096,heavy_static,0.2838282999582588,8962.0,1791,3,,0.0184280999237671,11266.0,658,9,,0.0693392999237403,10466.0,937,5,,0.1727082000579685,10162.0,1395,3,
801,7892,8496.0,1.329573099996196,heavy_static,0.316405100049451,9456.0,1822,3,,0.0166487999958917,12280.0,666,9,,0.0744733000174164,10912.0,927,5,,0.1436129000503569,10592.0,1379,3,
802,7458,7993.0,1.4668158999993466,heavy_static,0.3293125000782311,8601.0,1803,3,,0.0223267999244853,10974.0,648,9,,0.0612418999662622,9789.0,898,5,,0.1427776999771595,9465.0,1360,3,
803,7772,8354.0,1.1052871000138111,heavy_static,0.3082493999972939,9010.0,1865,3,,0.0182767000515013,11596.0,667,9,,0.0659205999691039,10506.0,945,5,,0.1624178000492975,10186.0,1417,3,
804,7374,7909.0,1.4705089000053704,heavy_static,0.2876119000138715,8549.0,1774,3,,0.0172542999498546,11007.0,656,9,,0.0673632000107318,9953.0,917,5,,0.1420073000481352,9637.0,1369,3,
805,7641,8220.0,1.056795200012857,heavy_static,0.3010000999784097,9132.0,1811,3,,0.0177744999527931,11382.0,651,9,,0.0639489999739453,10224.0,912,5,,0.1486725999275222,9620.0,1357,3,
806,7941,8576.0,1.2538466000114568,heavy_static,0.2741464999271557,9152.0,1829,3,,0.0246692000655457,11472.0,666,9,,0.0668013000395149,10288.0,918,5,,0.1582344999769702,9952.0,1370,3,
807,7775,8394.0,1.0599768999964,heavy_static,0.2853555000619963,9306.0,1840,3,,0.0170020000077784,11432.0,662,9,,0.0690642000408843,10466.0,929,5,,0.1638118999544531,9882.0,1348,3,
808,7128,7615.0,1.1151883999991696,heavy_static,0.3327991000842303,8271.0,1778,3,,0.0178437000140547,10443.0,648,9,,0.0721096999477595,9567.0,901,5,,0.1540335000026971,9223.0,1329,3,
809,7549,8138.0,1.016464000014821,heavy_static,0.2765120000112802,9034.0,1804,3,,0.022414100007154,11530.0,653,9,,0.0616363999433815,10182.0,905,5,,0.1648171000415459,9586.0,1348,3,
810,7421,7970.0,1.2570264999812937,heavy_static,0.317932799924165,8930.0,1820,3,,0.0167727000080049,11192.0,659,9,,0.0670688000973314,10254.0,921,5,,0.1603257999522611,9706.0,1376,3,
811,7940,8562.0,1.3475140999944415,heavy_static,0.2858949000947177,9538.0,1890,3,,0.0189710999839007,11990.0,681,9,,0.0614042999222874,10742.0,944,5,,0.1520893999841064,10130.0,1413,3,
812,7554,8100.0,1.031019699992612,heavy_static,0.3094176000449806,8772.0,1832,3,,0.0235497000394389,11308.0,652,9,,0.0697853999445214,10104.0,919,5,,0.1374569999752566,9700.0,1322,3,
813,7087,7569.0,1.1692243999859784,heavy_static,0.269607700058259,8177.0,1742,3,,0.0164394999155774,10585.0,633,9,,0.0690100999781861,9805.0,896,5,,0.155072099994868,9457.0,1325,3,
814,8084,8732.0,1.2033807999978308,heavy_static,0.2877116999588907,9372.0,1908,3,,0.0159224000526592,11788.0,667,9,,0.061302600079216,10704.0,956,5,,0.1517504999646917,10372.0,1383,3,
815,7931,8537.0,1.7012273999862373,heavy_static,0.2977773000020534,9130.0,1803,3,,0.0160414000274613,11749.0,647,9,,0.0680150999687612,10441.0,909,5,,0.1556902999291196,10113.0,1361,3,
816,7517,8064.0,1.143167899979744,heavy_static,0.3255643000593409,8720.0,1780,3,,0.0255235000513494,11252.0,657,9,,0.0703805999364703,10280.0,933,5,,0.1675417000660672,9912.0,1363,3,
817,7489,8004.0,1.2679367999953683,heavy_static,0.2907808000454679,8852.0,1752,3,,0.0165224999655038,11086.0,651,9,,0.0639856000198051,10012.0,918,5,,0.1621320999693125,9460.0,1337,3,
818,7392,7920.0,1.0252897999889683,heavy_static,0.263082499965094,8544.0,1750,3,,0.0162998000159859,10946.0,644,9,,0.0620491000590845,10100.0,899,5,,0.1496893999865278,9776.0,1336,3,
819,7546,8132.0,1.2188764000020456,heavy_static,0.3022446000250056,8788.0,1772,3,,0.0228696999838575,11458.0,655,9,,0.0620229999767616,10232.0,914,5,,0.1470486000180244,9940.0,1359,3,
820,7499,8077.0,1.1430634999996985,heavy_static,0.3352763999719172,8733.0,1773,3,,0.0177174999844282,11013.0,652,9,,0.071834799950011,10029.0,915,5,,0.1720283000031486,9693.0,1357,3,
821,7471,8023.0,1.432021899992833,heavy_static,0.3593196000438183,8663.0,1755,3,,0.0171377999940887,11251.0,658,9,,0.07454990001861,9875.0,899,5,,0.1564554000506177,9567.0,1343,3,
822,7416,7966.0,1.0701797000074291,heavy_static,0.3197488998994231,8334.0,1822,2,,0.0229967000195756,10878.0,663,8,,0.0638941000215709,9726.0,920,4,,0.1394292000913992,9558.0,1332,3,
823,7912,8523.0,1.3360604000044989,heavy_static,0.2937655000714585,9179.0,1787,3,,0.0201411999296396,11925.0,666,9,,0.0694884000113233,10507.0,928,5,,0.1633251999737694,10171.0,1366,3,
824,8162,8844.0,1.111786099994788,heavy_static,0.2730472999392077,9708.0,1817,3,,0.0165081999730318,12588.0,682,9,,0.0722121000289917,11100.0,926,5,,0.1474884999915957,10524.0,1395,3,
825,7575,8156.0,1.2131978999823332,heavy_static,0.3237350999843329,8828.0,1807,3,,0.0161586999893188,11302.0,665,9,,0.0727306000189855,10184.0,911,5,,0.1463907000143081,9860.0,1365,3,
826,7701,8303.0,1.3639127000060398,heavy_static,0.3514410000061616,8927.0,1819,3,,0.0245109000243246,11389.0,645,9,,0.076473299995996,10639.0,915,5,,0.1477365000173449,10287.0,1334,3,
827,7474,7991.0,1.0105582000105642,heavy_static,0.2750734000001102,8663.0,1807,3,,0.0173007000703364,10671.0,653,9,,0.0699890000978484,9907.0,919,5,,0.1546639000298455,9591.0,1360,3,
828,7528,8096.0,1.1956294999981765,heavy_static,0.2741031999466941,8752.0,1752,3,,0.0167912999168038,10952.0,643,9,,0.0628262000391259,9912.0,894,5,,0.1521341999759897,9680.0,1346,3,
829,7768,8363.0,1.2890782000031322,heavy_static,0.3402481999946758,9035.0,1875,3,,0.0211041999282315,11693.0,670,9,,0.0730177999939769,10407.0,947,5,,0.1504985000938177,10083.0,1403,3,
830,7727,8294.0,1.2991607000003569,heavy_static,0.2900443999096751,8886.0,1808,3,,0.0163491000421345,11462.0,666,9,,0.0623851000564172,10262.0,916,5,,0.1474075999576598,9918.0,1348,3,
831,7794,8353.0,1.170086199999787,heavy_static,0.2885180000448599,8945.0,1763,3,,0.0236805999884381,11587.0,651,9,,0.0657339999452233,10381.0,907,5,,0.1554399000015109,10025.0,1366,3,
832,7400,7920.0,1.3230632999911904,heavy_static,0.2793132999213412,8832.0,1821,3,,0.0218485000077635,11230.0,655,9,,0.0627954999217763,10208.0,920,5,,0.1363118999870494,9608.0,1342,3,
833,7713,8300.0,1.1159941999940202,heavy_static,0.3046657999511808,8892.0,1828,3,,0.0166158000938594,11114.0,655,9,,0.0692653999431058,10060.0,920,5,,0.1497783000813797,9732.0,1371,3,
834,7539,8063.0,1.1934616999933496,heavy_static,0.2728372000856325,8703.0,1775,3,,0.0188724999316036,11059.0,659,9,,0.0684889999683946,9879.0,914,5,,0.1639698999933898,9567.0,1363,3,
835,7446,7959.0,1.1278581999940798,heavy_static,0.263216899940744,8631.0,1749,3,,0.0141421000007539,10939.0,629,9,,0.0580433000577613,9735.0,892,5,,0.1671482999809086,9375.0,1315,3,
836,8142,8816.0,1.3043000000179743,heavy_static,0.318123499979265,9520.0,1882,3,,0.0220628000097349,12072.0,690,9,,0.0733011999400332,10908.0,968,5,,0.1530333999544382,10552.0,1409,3,
837,7618,8183.0,1.0586058999761008,heavy_static,0.298143699998036,8887.0,1810,3,,0.0165770000312477,11695.0,670,9,,0.0623355000279843,10347.0,926,5,,0.1493100000079721,10007.0,1398,3,
838,7238,7712.0,1.4090505000203848,heavy_static,0.2724834000691771,8304.0,1720,3,,0.0147209999850019,10834.0,639,9,,0.0678109999280422,9780.0,897,5,,0.1277034999802708,9416.0,1328,3,
839,7436,7971.0,1.0648949000169523,heavy_static,0.3498578000580892,8675.0,1825,3,,0.0226491000503301,11093.0,651,9,,0.0735152000561356,9963.0,910,5,,0.1600428998935967,9587.0,1343,3,
840,7410,7936.0,1.2014860999770465,heavy_static,0.3118811999447644,8512.0,1770,3,,0.0166474999859929,11014.0,649,9,,0.0654267999343574,9652.0,886,5,,0.1374075999483466,9328.0,1338,3,
841,7651,8242.0,1.2160776999953669,heavy_static,0.336322300019674,8914.0,1828,3,,0.0197542000096291,11080.0,669,9,,0.0727834999561309,10102.0,921,5,,0.1365151000209152,9746.0,1367,3,
842,7250,7707.0,0.984308000013698,heavy_static,0.2660146999405697,8299.0,1761,3,,0.0211918000131845,10707.0,656,9,,0.0692816000664606,9391.0,892,5,,0.1572319000260904,9051.0,1341,3,
843,7613,8161.0,1.205711099988548,heavy_static,0.275753500056453,8817.0,1837,3,,0.016468400019221,10913.0,666,9,,0.0725175000261515,10337.0,949,5,,0.1555259999586269,10041.0,1390,3,
844,7727,8315.0,1.23357829998713,heavy_static,0.3110163999954238,8907.0,1742,3,,0.0157548000570386,11211.0,651,9,,0.0683042000746354,10419.0,909,5,,0.1360544000053778,10027.0,1348,3,
845,7441,7972.0,1.1859996999846771,heavy_static,0.2794660999206826,8932.0,1868,3,,0.0173050999874249,11400.0,671,9,,0.0595891999546438,10284.0,924,5,,0.1541737000225111,9764.0,1381,3,
846,7537,8099.0,1.029185299994424,heavy_static,0.358949999907054,8771.0,1862,3,,0.0235379999503493,11345.0,669,9,,0.0765512000070884,10343.0,938,5,,0.167964500025846,9995.0,1379,3,
847,7527,8061.0,1.198059899994405,heavy_static,0.3429573000175878,8749.0,1818,3,,0.0193583000218495,10919.0,651,9,,0.0712548999581486,10049.0,925,5,,0.1751028000144288,9653.0,1339,3,
848,7443,7993.0,1.0279784000013024,heavy_static,0.2974217999726534,8601.0,1747,3,,0.0185956000350415,10653.0,628,9,,0.0719653000123798,9913.0,883,5,,0.1766804000362754,9617.0,1311,3,
849,7352,7856.0,1.184410099987872,heavy_static,0.3097146999789402,8512.0,1758,3,,0.0211564999772235,11132.0,645,9,,0.068993299966678,9876.0,905,5,,0.138497699983418,9472.0,1332,3,
850,7759,8367.0,1.052127200004179,heavy_static,0.2983266999945044,9007.0,1826,3,,0.0208802999695763,11961.0,674,9,,0.0659644999541342,10419.0,929,5,,0.159807699965313,10087.0,1405,3,
851,7383,7898.0,1.3848359000112396,heavy_static,0.2976720000151545,8522.0,1792,3,,0.0152794000459834,10818.0,647,9,,0.0632962000090628,9850.0,916,5,,0.1545274000382051,9571.0,1327,3,
852,7719,8316.0,1.1062058999959845,heavy_static,0.2946100999834016,8972.0,1832,3,,0.0257033000234514,11624.0,663,9,,0.0763429999351501,10184.0,928,5,,0.1682232999010011,9812.0,1391,3,
853,7495,8050.0,1.3442925999988802,heavy_static,0.3301589000038802,8706.0,1814,3,,0.0172058999305591,11190.0,660,9,,0.0723290999885648,10142.0,918,5,,0.1535041000461205,9738.0,1373,3,
854,7456,8013.0,1.0117035000002943,heavy_static,0.2624212999362498,8685.0,1777,3,,0.0187810000497847,10971.0,644,9,,0.0710202000336721,9953.0,899,5,,0.1685947000514716,9709.0,1367,3,
855,7551,8100.0,1.2238779999897815,heavy_static,0.2850061999633908,8740.0,1838,3,,0.0182495999615639,11536.0,670,9,,0.069647500058636,9940.0,919,5,,0.1616381999338045,9612.0,1381,3,
856,7470,7999.0,1.3436943999840878,heavy_static,0.2646552000660449,8639.0,1757,3,,0.0238967000041157,10811.0,640,9,,0.0688349000411108,9927.0,900,5,,0.1637099999934435,9599.0,1353,3,
857,7486,8019.0,1.0212213000049817,heavy_static,0.3235889000352472,8931.0,1827,3,,0.0171447000466287,11195.0,668,9,,0.0659682999830693,10243.0,927,5,,0.1517450000392273,9675.0,1354,3,
858,8046,8728.0,1.2750799999921585,heavy_static,0.2776698999805376,9368.0,1825,3,,0.0208990999963134,11722.0,653,9,,0.0769808999029919,10672.0,922,5,,0.1847181000048294,10320.0,1369,3,
859,7419,7963.0,1.319208599976264,heavy_static,0.2580514000728726,8603.0,1739,3,,0.0197806000942364,10891.0,634,9,,0.0564943000208586,9719.0,874,5,,0.1334525999845937,9371.0,1326,3,
860,7703,8264.0,1.2162875000212807,heavy_static,0.28924110007938,8904.0,1763,3,,0.0757860000012442,11622.0,660,9,,0.069077199907042,10316.0,912,5,,0.1473914999514818,9960.0,1369,3,
861,7658,8213.0,1.0828648999740835,heavy_static,0.2891128999181092,8805.0,1782,3,,0.0165227999677881,11053.0,645,9,,0.0719251999398693,9953.0,896,5,,0.1337837000610306,9605.0,1327,3,
862,7672,8229.0,1.2269621000159532,heavy_static,0.295621299999766,8869.0,1821,3,,0.0199642999796196,11309.0,661,9,,0.0750155000714585,9977.0,904,5,,0.1580667999805882,9677.0,1364,3,
863,7327,7811.0,0.9951995000010356,heavy_static,0.2769350999733433,8419.0,1789,3,,0.0217217999743297,11034.0,654,9,,0.0682732999557629,9911.0,905,5,,0.1630938000744208,9651.0,1377,3,
864,7293,7765.0,1.1763655999966431,heavy_static,0.2605163999833166,8437.0,1771,3,,0.0176074999617412,10705.0,641,9,,0.0705012999242171,9737.0,892,5,,0.1636033999966457,9421.0,1320,3,
865,7489,8029.0,1.0666417999891564,heavy_static,0.2994715999811888,8685.0,1791,3,,0.0177678999025374,11255.0,657,9,,0.0682807000121101,10105.0,916,5,,0.1393074999796226,9717.0,1336,3,
866,6916,7370.0,1.1027743999729864,heavy_static,0.2606011000461876,7978.0,1718,3,,0.0210125000448897,10266.0,634,9,,0.0670876000076532,9182.0,871,5,,0.1564189000055194,8962.0,1305,3,
867,7330,7848.0,1.0201217000139875,heavy_static,0.2860576999373734,8472.0,1784,3,,0.0149357999907806,11236.0,652,9,,0.0591151999542489,9808.0,903,5,,0.1310387999983504,9432.0,1328,3,
868,6989,7456.0,1.1384539999999106,heavy_static,0.2989623000612482,8144.0,1748,3,,0.0169453000416979,10214.0,636,9,,0.0667787999846041,9392.0,898,5,,0.1377850000280887,9048.0,1323,3,
869,7408,7906.0,1.0912884999997914,heavy_static,0.3233191999606788,8514.0,1747,3,,0.0229050000198185,10945.0,648,9,,0.0690900000045076,9694.0,895,5,,0.1470759999938309,9370.0,1335,3,
870,7589,8199.0,1.3421304999792485,heavy_static,0.3213817999931052,8887.0,1815,3,,0.0190760999685153,11643.0,668,9,,0.0677866999758407,10459.0,940,5,,0.155163999996148,10159.0,1369,3,
871,7193,7656.0,0.9756438999902456,heavy_static,0.3124145000474527,8312.0,1773,3,,0.0162821999983862,10710.0,648,9,,0.066427499987185,9580.0,904,5,,0.1465308999177068,9280.0,1346,3,
872,7651,8236.0,1.211017699999502,heavy_static,0.2651983000105247,8844.0,1843,3,,0.0170668000355362,11342.0,657,9,,0.0572372999740764,10056.0,914,5,,0.1521207999903708,9732.0,1369,3,
873,7430,7994.0,1.05993000001763,heavy_static,0.3253810000605881,8634.0,1756,3,,0.0230961999623104,11058.0,649,9,,0.0718489000573754,9770.0,898,5,,0.1388979000039398,9530.0,1320,3,
874,7311,7823.0,1.180874900019262,heavy_static,0.26632910000626,8415.0,1746,3,,0.016140199964866,10705.0,642,9,,0.0619785999879241,9719.0,898,5,,0.1338183999760076,9415.0,1329,3,
875,7473,7988.0,1.18828209998901,heavy_static,0.2961371999699622,8612.0,1784,3,,0.0175156999612227,10940.0,650,9,,0.0636469000019133,9984.0,906,5,,0.1338501999853178,9660.0,1330,3,
876,7649,8213.0,1.0322197000205051,heavy_static,0.2601470000809058,8821.0,1773,3,,0.0221064999932423,11357.0,651,9,,0.0683554999995976,10185.0,910,5,,0.1562355000060051,9845.0,1345,3,
877,7587,8118.0,1.2146931999886874,heavy_static,0.2833966000471264,8726.0,1817,3,,0.0152338000480085,11344.0,652,9,,0.0638247000752016,9962.0,904,5,,0.1337617000099271,9638.0,1338,3,
878,7219,7697.0,1.0385278000030669,heavy_static,0.3288549999706447,8401.0,1814,3,,0.0171839999966323,10719.0,643,9,,0.0713442000560462,9885.0,917,5,,0.1479667999083176,9585.0,1357,3,
879,7298,7839.0,1.1588870999985377,heavy_static,0.3368798000738024,8463.0,1835,3,,0.0245499999728053,10917.0,654,9,,0.0725858999649062,9947.0,920,5,,0.1777340000262484,9647.0,1362,3,
880,7733,8287.0,1.425086600007489,heavy_static,0.2685754999984056,8943.0,1786,3,,0.0167041000677272,11511.0,658,9,,0.0604736000532284,10163.0,914,5,,0.1443070999812334,9815.0,1356,3,
881,7398,7912.0,1.2014249000058044,heavy_static,0.2957967999391258,8536.0,1838,3,,0.0176403999794274,11118.0,655,9,,0.0691697000293061,9904.0,918,5,,0.1643114999169483,9528.0,1326,3,
882,7430,7970.0,1.1471031999972183,heavy_static,0.3314787000417709,8578.0,1735,3,,0.0170241000596433,10952.0,650,9,,0.0672266000183299,10158.0,917,5,,0.1562455000821501,9858.0,1349,3,
883,7368,7891.0,1.179224499996053,heavy_static,0.3030689000152051,8515.0,1816,3,,0.0228245999896898,10837.0,654,9,,0.0666535999625921,9611.0,905,5,,0.1371832999866455,9395.0,1362,3,
884,7681,8276.0,1.045748399978038,heavy_static,0.2567516000708565,8932.0,1806,3,,0.0167278998997062,11398.0,661,9,,0.0615185999777168,10368.0,921,5,,0.1352776000276208,10084.0,1382,3,
885,7584,8130.0,1.2590041999937966,heavy_static,0.290101999999024,8738.0,1799,3,,0.0197212999919429,11014.0,650,9,,0.0739360000006854,10194.0,916,5,,0.1679913999978453,9906.0,1358,3,
886,7603,8147.0,1.2832827999955043,heavy_static,0.2746079999487847,9027.0,1778,3,,0.0226955999387428,11299.0,656,9,,0.0617848000256344,10339.0,908,5,,0.1489763000281527,9739.0,1338,3,
887,7954,8635.0,1.468700400000671,heavy_static,0.2659053000388667,9499.0,1837,3,,0.0154190999455749,12107.0,657,9,,0.0653201999375596,10903.0,931,5,,0.145909099956043,10307.0,1353,3,
888,7414,7970.0,1.2747086000163108,heavy_static,0.2638536000158638,8866.0,1738,3,,0.0189361999509856,11402.0,651,9,,0.0705582000082358,10202.0,898,5,,0.1651838000398129,9930.0,1338,3,
889,7612,8176.0,1.2801106999977492,heavy_static,0.3032050000037998,8768.0,1814,3,,0.0167985999723896,11320.0,663,9,,0.0622482999460771,10164.0,929,5,,0.1406814999645576,9808.0,1370,3,
890,7237,7734.0,1.2054939000227023,heavy_static,0.3092217000667006,8374.0,1772,3,,0.0221677999943494,10880.0,654,9,,0.0654842000221833,9562.0,894,5,,0.1401472999714315,9206.0,1343,3,
891,7862,8478.0,1.2686248999962118,heavy_static,0.2938402999425307,9118.0,1844,3,,0.0176205999450758,11562.0,662,9,,0.0669814000139013,10574.0,921,5,,0.1602297999197617,10166.0,1378,3,
892,7333,7841.0,1.4380709999823011,heavy_static,0.291433300008066,8545.0,1798,3,,0.0144874999532476,11173.0,666,9,,0.0614070000592619,9849.0,918,5,,0.1519209999823942,9505.0,1392,3,
893,8075,8684.0,1.1294631000200752,heavy_static,0.3093481000978499,9308.0,1811,3,,0.0216191000072285,11826.0,660,9,,0.0649439999833703,10636.0,931,5,,0.1471345000900328,10316.0,1384,3,
894,7598,8156.0,1.4521949000190943,heavy_static,0.3098696999950334,8780.0,1807,3,,0.0159151999978348,11239.0,660,9,,0.0658757999772206,10140.0,919,5,,0.147219399921596,9820.0,1377,3,
895,7630,8183.0,1.3020242000056896,heavy_static,0.3683776999823749,9111.0,1805,3,,0.01892509998288,11711.0,649,9,,0.0765094999223947,10439.0,914,5,,0.1736102000577375,9935.0,1328,3,
896,7723,8283.0,1.2353102999913972,heavy_static,0.2727793999947607,8923.0,1799,3,,0.0215850999811664,11403.0,665,9,,0.0620973000768572,10219.0,930,5,,0.1459007000084966,9811.0,1390,3,
897,7629,8214.0,1.0529635999992024,heavy_static,0.2926019999431446,8822.0,1755,3,,0.0172027999069541,11196.0,653,9,,0.1190546000143513,10246.0,910,5,,0.1353055000072345,9862.0,1346,3,
898,7546,8104.0,1.2095850000041537,heavy_static,0.2873400000389665,8760.0,1835,3,,0.016030199942179,11244.0,657,9,,0.0585720000090077,10096.0,934,5,,0.1361330000218004,9784.0,1354,3,
899,7403,7921.0,1.0107423000154083,heavy_static,0.2757878000847995,8529.0,1741,3,,0.0160665999865159,10851.0,647,9,,0.0694569000042975,9801.0,910,5,,0.1534457999514415,9425.0,1338,3,
900,7203,7698.0,1.1440006000048015,heavy_static,0.3272622000658884,8322.0,1764,3,,0.020904199918732,10756.0,651,9,,0.0665173000888899,9750.0,911,5,,0.136283200001344,9386.0,1344,3,
901,7626,8175.0,1.041541899990989,heavy_static,0.2750741000054404,9055.0,1801,3,,0.0173042999813333,11811.0,654,9,,0.0620902000227943,10427.0,902,5,,0.1576467000413686,9783.0,1347,3,
902,8324,8986.0,1.3302063000155613,heavy_static,0.2942964000394568,9578.0,1888,3,,0.0181679999222978,12164.0,684,9,,0.0756871000630781,10890.0,947,5,,0.1724181999452412,10570.0,1428,3,
903,7075,7548.0,1.1930981000186875,heavy_static,0.2782900999300182,8188.0,1760,3,,0.0210357999894768,10400.0,630,9,,0.0609622000483796,9432.0,897,5,,0.1329052000073716,9076.0,1286,3,
904,7582,8154.0,1.2470632000186015,heavy_static,0.3069826998980716,8810.0,1842,3,,0.0209764000028371,11483.0,664,9,,0.075045199948363,10030.0,918,5,,0.1761856001103297,9682.0,1374,3,
905,7637,8233.0,1.3982715000165626,heavy_static,0.2757512000389397,8857.0,1790,3,,0.0180208999663591,11693.0,655,9,,0.064084899961017,10209.0,894,5,,0.1507838999386876,9865.0,1338,3,
906,7425,7933.0,1.2075772999960463,heavy_static,0.2889059000881389,8573.0,1789,3,,0.0224551999708637,10949.0,651,9,,0.0693600999657064,9837.0,907,5,,0.1319619999267161,9525.0,1327,3,
907,8211,8867.0,1.3006527999823447,heavy_static,0.3186436999822035,9571.0,1881,3,,0.0193970000836998,11875.0,680,9,,0.0653310000197961,10763.0,943,5,,0.1605254999594763,10411.0,1399,3,
908,7787,8342.0,1.3617470000172034,heavy_static,0.2539653000421822,8934.0,1755,3,,0.0167457000352442,11314.0,641,9,,0.0604778999695554,10162.0,892,5,,0.1487033000448718,9878.0,1346,3,
909,7623,8193.0,1.218893700017361,heavy_static,0.2648539999499917,8801.0,1771,3,,0.016311899991706,11225.0,658,9,,0.059927099966444,10361.0,926,5,,0.1454050000756979,10025.0,1381,3,
910,8299,9004.0,1.1377303999906871,heavy_static,0.2831247000722214,9692.0,1822,3,,0.0218135999748483,12042.0,674,9,,0.0628918999573215,10904.0,940,5,,0.1456246000016108,10524.0,1411,3,
911,7741,8359.0,1.42959119999432,heavy_static,0.2938095000572502,8999.0,1747,3,,0.0155615000985562,11335.0,634,9,,0.0629405000945553,10291.0,889,5,,0.1493049000855535,9959.0,1339,3,
912,8073,8673.0,1.126376700005494,heavy_static,0.3379677999764681,9361.0,1844,3,,0.019611700088717,11751.0,663,9,,0.0731968999607488,10677.0,927,5,,0.172779900021851,10393.0,1393,3,
913,7357,7860.0,1.3013090000022205,heavy_static,0.3128339000977576,8452.0,1706,3,,0.0219821999780833,10780.0,624,9,,0.0674029999645426,9636.0,861,5,,0.1464909999631345,9404.0,1324,3,
914,7785,8341.0,1.0700726000068244,heavy_static,0.2954093000153079,8981.0,1822,3,,0.016743000014685,11597.0,651,9,,0.0627698999596759,10309.0,907,5,,0.156373499892652,9941.0,1324,3,
915,7981,8617.0,1.2782302999985404,heavy_static,0.3076671999879181,9497.0,1835,3,,0.0202053999528288,11817.0,663,9,,0.0758880999637767,10765.0,931,5,,0.1729455000022426,10129.0,1392,3,
916,7836,8419.0,1.4930392000242136,heavy_static,0.2677545000333339,9011.0,1788,3,,0.0215145000256598,11661.0,673,9,,0.0655322999227792,10451.0,927,5,,0.1550757000222802,10083.0,1388,3,
917,8014,8671.0,1.2763716999907049,heavy_static,0.275742599973455,9567.0,1850,3,,0.0156266000121831,11975.0,669,9,,0.0597990000387653,10783.0,927,5,,0.1413209999445825,10151.0,1347,3,
918,7830,8422.0,1.2581769000098575,heavy_static,0.301987100043334,9302.0,1803,3,,0.0161568000912666,11978.0,668,9,,0.0653208999428898,10758.0,932,5,,0.1412879000417888,10150.0,1393,3,
919,7729,8305.0,1.1301461000111883,heavy_static,0.2765768999233842,8961.0,1775,3,,0.016717999940738,11489.0,642,9,,0.0671798000112176,10221.0,907,5,,0.1559474000241607,9761.0,1340,3,
920,7342,7840.0,1.205768799991347,heavy_static,0.2784009999595582,8496.0,1790,3,,0.0197653999784961,11010.0,657,9,,0.0570378999691456,9792.0,911,5,,0.1381411999464035,9424.0,1344,3,
921,7394,7926.0,1.009384200006025,heavy_static,0.2816113999579102,8566.0,1739,3,,0.0165988000808283,10950.0,645,9,,0.069290000014007,9886.0,903,5,,0.1557973999297246,9502.0,1329,3,
922,7863,8460.0,1.245940900000278,heavy_static,0.3218492999440059,9148.0,1845,3,,0.0215935999294742,11896.0,676,9,,0.0720230999868363,10372.0,934,5,,0.1652967999689281,10068.0,1378,3,
923,7883,8502.0,1.0944978999905288,heavy_static,0.3186818999238312,9174.0,1835,3,,0.0259528000606223,11894.0,664,9,,0.0716612000251188,10618.0,938,5,,0.1805741999996826,10334.0,1395,3,
924,7907,8528.0,1.3459479000011925,heavy_static,0.3109604000346735,9216.0,1814,3,,0.0177711000433191,11896.0,666,9,,0.0689785999711602,10584.0,941,5,,0.1407136000925675,10136.0,1356,3,
925,7783,8383.0,1.1851167000131682,heavy_static,0.2973028999986127,9071.0,1861,3,,0.0169194999616593,11393.0,662,9,,0.0600011999486014,10119.0,922,5,,0.1425122999353334,9719.0,1346,3,
926,7587,8129.0,1.207383900007699,heavy_static,0.2675927999662235,8737.0,1766,3,,0.0234652999788522,11517.0,662,9,,0.0739412999246269,9929.0,903,5,,0.1584116000449285,9609.0,1356,3,
927,7637,8194.0,1.124095999985002,heavy_static,0.2576851000776514,8770.0,1759,3,,0.0147153999423608,11082.0,654,9,,0.0563291000435128,10234.0,904,5,,0.1430387001018971,9930.0,1356,3,
928,7507,8063.0,1.2008847999968566,heavy_static,0.3394395000068471,8927.0,1784,3,,0.016308799968101,11223.0,656,9,,0.0727969000581651,10183.0,903,5,,0.1502673999639228,9551.0,1332,3,
929,7720,8318.0,1.0370140000013637,heavy_static,0.2875925999833271,8894.0,1798,3,,0.0191214999649673,11094.0,665,9,,0.0682857000501826,10170.0,921,5,,0.1501737999496981,9798.0,1372,3,
930,7683,8231.0,1.2315150999929756,heavy_static,0.2675540000200271,8839.0,1742,3,,0.0236998999025672,11179.0,653,9,,0.0602633999660611,10083.0,899,5,,0.1402692999690771,9783.0,1349,3,
931,7860,8450.0,1.3598213999939617,heavy_static,0.3073356000240892,9106.0,1819,3,,0.0210542000131681,11860.0,669,9,,0.0726723000407219,10450.0,925,5,,0.16365759994369,10066.0,1389,3,
932,7938,8579.0,1.313407499983441,heavy_static,0.3583436999469995,9203.0,1868,3,,0.0163696000818163,11837.0,664,9,,0.0655732000013813,10531.0,927,5,,0.1586615999694913,10187.0,1365,3,
933,8317,8983.0,1.6339458999864291,heavy_static,0.2760696000186726,9639.0,1870,3,,0.0233911999966949,12407.0,675,9,,0.0655308000277727,11039.0,942,5,,0.1553977000294253,10751.0,1404,3,
934,7081,7577.0,1.1912157000042498,heavy_static,0.3371266000904143,8249.0,1791,3,,0.0187197999330237,10253.0,644,9,,0.070438600028865,9465.0,898,5,,0.1523849000222981,9121.0,1322,3,
935,7829,8484.0,1.2620999999926426,heavy_static,0.2837250999873504,9172.0,1860,3,,0.0174222000641748,11668.0,691,9,,0.0611854000017046,10704.0,963,5,,0.143922199960798,10380.0,1432,3,
936,7565,8089.0,1.0337985999940429,heavy_static,0.3259315999457612,8697.0,1769,3,,0.0225192999932914,11257.0,655,9,,0.0699945000233128,10277.0,929,5,,0.1459237999515608,9889.0,1343,3,
937,7359,7858.0,1.1717372999992222,heavy_static,0.3295957000227645,8450.0,1739,3,,0.0160844000056386,11086.0,653,9,,0.0700513001065701,9842.0,892,5,,0.1437993999570608,9498.0,1333,3,
938,7619,8197.0,1.040491200023098,heavy_static,0.2574901999905705,8805.0,1752,3,,0.0156697999918833,11209.0,645,9,,0.0588027999037876,10025.0,890,5,,0.1333477000007406,9677.0,1345,3,
939,7365,7872.0,1.2077621000062209,heavy_static,0.274576700059697,8496.0,1784,3,,0.0186246000230312,10936.0,655,9,,0.0594656999455764,10260.0,921,5,,0.1394059000303968,9968.0,1387,3,
940,7939,8528.0,1.083912700007204,heavy_static,0.2814406000543386,9152.0,1819,3,,0.0207874000770971,11880.0,672,9,,0.0625319000100717,10452.0,918,5,,0.1393106000032276,10112.0,1369,3,
941,7757,8324.0,1.2682818000030238,heavy_static,0.3103614000137895,8948.0,1797,3,,0.0181658000219613,11258.0,639,9,,0.065826200065203,10392.0,901,5,,0.1498917000135406,10052.0,1339,3,
942,7530,8084.0,1.0485252999933437,heavy_static,0.2936743999598548,8724.0,1760,3,,0.0152383000822737,11198.0,641,9,,0.0616229999577626,9952.0,892,5,,0.1383827000390738,9588.0,1327,3,
943,7134,7611.0,1.168643900018651,heavy_static,0.2845098000252619,8251.0,1753,3,,0.0195205999771133,10439.0,636,9,,0.058139199973084,9491.0,885,5,,0.132048700004816,9067.0,1262,3,
944,8107,8745.0,1.1081664999946952,heavy_static,0.2864385000430047,9369.0,1852,3,,0.0178266000002622,11857.0,668,9,,0.0685609000502154,10781.0,937,5,,0.1674700999865308,10513.0,1398,3,
945,7613,8135.0,1.5499522000027357,heavy_static,0.2944077000720426,8743.0,1742,3,,0.0160499999765306,11221.0,650,9,,0.0663153000641614,10167.0,896,5,,0.1454218999715522,9856.0,1357,3,
946,7887,8525.0,1.3250280000211203,heavy_static,0.2873983000172302,9214.0,1859,3,,0.0220171000109985,11475.0,670,9,,0.0600516999838873,10517.0,934,5,,0.1450451000127941,10165.0,1379,3,
947,7638,8199.0,1.0322196999914013,heavy_static,0.2729425999568775,9063.0,1750,3,,0.0165928000351414,11597.0,650,9,,0.0671381000429391,10283.0,902,5,,0.1439892000053078,9687.0,1343,3,
948,7827,8395.0,1.2419320999761112,heavy_static,0.29565059999004,9083.0,1782,3,,0.0181648000143468,11569.0,657,9,,0.0707184999482706,10335.0,903,5,,0.1494878000812605,9995.0,1352,3,
949,7644,8210.0,1.0366057000064757,heavy_static,0.3040336000267416,8866.0,1852,3,,0.0154293000232428,11366.0,674,9,,0.064941499964334,10294.0,925,5,,0.1512929000891745,9914.0,1345,3,
950,7352,7846.0,1.1839607000001706,heavy_static,0.2925734999589622,8518.0,1806,3,,0.0205190000124275,10970.0,650,9,,0.0598608999280259,9710.0,911,5,,0.1353186001069843,9366.0,1323,3,
951,8105,8760.0,1.101625100011006,heavy_static,0.317554899957031,9592.0,1835,3,,0.0166501000057905,12076.0,661,9,,0.0627218999434262,10868.0,916,5,,0.150642600026913,10360.0,1384,3,
952,8016,8643.0,1.6030023000203073,heavy_static,0.2653504000045359,9284.0,1855,3,,0.0206346999621018,12127.0,682,9,,0.0715656999964267,10607.0,937,5,,0.1525565999327227,10283.0,1405,3,
953,7648,8243.0,1.0315270000137389,heavy_static,0.3072432000190019,8835.0,1796,3,,0.0240478999912738,11331.0,663,9,,0.0665009999647736,10187.0,935,5,,0.1375412000343203,9755.0,1352,3,
954,7831,8425.0,1.320389000000432,heavy_static,0.2846556000877172,9097.0,1865,3,,0.0177622999763116,11455.0,663,9,,0.0626721999142319,10521.0,941,5,,0.1525035999948158,10209.0,1385,3,
955,7825,8445.0,1.0739242999989074,heavy_static,0.2825686000287533,9037.0,1774,3,,0.0178243999835103,11783.0,670,9,,0.0672792000696063,11001.0,945,5,,0.1549651999957859,10653.0,1384,3,
956,7388,7886.0,1.1814118000038434,heavy_static,0.2768423999659717,8478.0,1776,3,,0.0222780000185593,10664.0,648,9,,0.0725502999266609,9690.0,906,5,,0.1413969000568613,9382.0,1351,3,
957,8043,8720.0,1.1021072999865282,heavy_static,0.3117565000429749,9328.0,1808,3,,0.0157812000252306,11782.0,665,9,,0.064388700062409,10628.0,938,5,,0.1497191999806091,10224.0,1379,3,
958,7638,8191.0,1.448705200018594,heavy_static,0.2873170999810099,8831.0,1784,3,,0.0206354999681934,11305.0,648,9,,0.069879199960269,9979.0,897,5,,0.1647919000824913,9703.0,1329,3,
959,7526,8077.0,1.20255969997379,heavy_static,0.2680578000145033,8749.0,1792,3,,0.0200550999725237,11309.0,656,9,,0.0657520999666303,10005.0,915,5,,0.1541846999898553,9621.0,1358,3,
960,7478,8008.0,1.0087711999949531,heavy_static,0.2709347000345588,8600.0,1786,3,,0.023653500014916,10926.0,659,9,,0.0614372999407351,9724.0,898,5,,0.1299252000171691,9368.0,1332,3,
961,7809,8399.0,1.2692314999876544,heavy_static,0.2860001000808552,9295.0,1817,3,,0.0147209999850019,11671.0,658,9,,0.0573001999873667,10503.0,919,5,,0.1360759999370202,9975.0,1363,3,
962,8075,8739.0,1.159314800024731,heavy_static,0.278656700043939,9411.0,1864,3,,0.0159346000291407,11617.0,666,9,,0.0667334999889135,10519.0,928,5,,0.1410122000379488,10235.0,1373,3,
963,7776,8331.0,1.420376500027487,heavy_static,0.3164967000484466,8987.0,1836,3,,0.0240953000029549,11455.0,662,9,,0.0696284999139607,10347.0,924,5,,0.1424461000133305,10083.0,1392,3,
964,7359,7861.0,1.3200676999986172,heavy_static,0.2754544999916106,8469.0,1697,3,,0.0154840999748557,10889.0,636,9,,0.0615575000410899,10065.0,900,5,,0.1452572999987751,9733.0,1321,3,
965,7808,8412.0,1.3126727000053506,heavy_static,0.2830364999826997,9036.0,1773,3,,0.0158329999540001,11402.0,652,9,,0.0605127000017091,10360.0,917,5,,0.1357654000166803,10084.0,1351,3,
966,8027,8648.0,1.0885522000025958,heavy_static,0.2884272000519559,9304.0,1896,3,,0.0265474999323487,11770.0,668,9,,0.0717689000302925,10588.0,936,5,,0.1711914000334218,10264.0,1405,3,
967,7251,7706.0,1.3730894000036642,heavy_static,0.3051615000003949,8298.0,1731,3,,0.0151322000892832,10505.0,630,9,,0.064297099946998,9554.0,884,5,,0.1581626000115648,9290.0,1325,3,
968,7448,7946.0,1.026484700007131,heavy_static,0.3330098999431357,8618.0,1792,3,,0.0185691999504342,11222.0,667,9,,0.0699018000159412,9970.0,913,5,,0.1547935999697074,9594.0,1366,3,
969,8011,8672.0,1.5170726999931503,heavy_static,0.335965699981898,9568.0,1858,3,,0.0189014999195933,12200.0,674,9,,0.0723136999877169,11328.0,960,5,,0.1729779000161215,10808.0,1411,3,
970,7582,8146.0,1.2523241000017151,heavy_static,0.2865188999567181,8786.0,1814,3,,0.0237522999523207,11344.0,664,9,,0.0646320000523701,10118.0,920,5,,0.153811699943617,9754.0,1355,3,
971,7236,7721.0,1.165336699981708,heavy_static,0.3245302999857813,8313.0,1780,3,,0.0200698999688029,10663.0,647,9,,0.077089500031434,9621.0,907,5,,0.1517424000194296,9281.0,1357,3,
972,7568,8108.0,1.2053271000040695,heavy_static,0.3158226999221369,8716.0,1773,3,,0.0167362999636679,11234.0,651,9,,0.0690419999882578,9980.0,913,5,,0.1486622000811621,9652.0,1372,3,
973,7559,8117.0,1.2357859000039753,heavy_static,0.2781872999621555,9029.0,1798,3,,0.0227122999494895,11531.0,653,9,,0.0639722000341862,10433.0,902,5,,0.1484791000839322,9877.0,1348,3,
974,7209,7681.0,1.1630741000117268,heavy_static,0.2857807000400498,8321.0,1814,3,,0.0151233000215142,10547.0,646,9,,0.0608709000516682,9641.0,902,5,,0.1382940000621602,9361.0,1335,3,
975,7924,8566.0,1.090270100015914,heavy_static,0.2676077999640256,9206.0,1818,3,,0.0180982999736443,11788.0,659,9,,0.0692304999101907,10490.0,919,5,,0.161917700082995,10174.0,1387,3,
976,7634,8177.0,1.4732535000075586,heavy_static,0.3162866999628022,8897.0,1841,3,,0.0246420000912621,11533.0,668,9,,0.0777878999942913,10441.0,940,5,,0.1487929000286385,10177.0,1389,3,
977,7600,8133.0,1.119361699995352,heavy_static,0.2861842000856995,9029.0,1834,3,,0.0153729999437928,11551.0,667,9,,0.0688481000252068,10409.0,936,5,,0.1379470999818295,9733.0,1375,3,
978,7293,7743.0,1.1726002000214066,heavy_static,0.2857883999822661,8415.0,1778,3,,0.017581499996595,11205.0,653,9,,0.0662699000677093,9975.0,917,5,,0.1357118000742048,9567.0,1324,3,
979,7819,8457.0,1.067106699978467,heavy_static,0.2932792000938207,9385.0,1816,3,,0.0177485999884083,11845.0,671,9,,0.068078999989666,10721.0,944,5,,0.1541889000218361,10033.0,1365,3,
980,7950,8564.0,1.6314132999978028,heavy_static,0.3067482999758795,9140.0,1760,3,,0.0232210999820381,11870.0,651,9,,0.0655943000456318,10544.0,908,5,,0.151790100033395,10180.0,1331,3,
981,7504,8086.0,1.4187868000008166,heavy_static,0.3163802999770269,8742.0,1815,3,,0.0187342000426724,11298.0,654,9,,0.0706583999563008,9994.0,919,5,,0.1465272000059485,9694.0,1386,3,
982,7660,8227.0,1.221748900017701,heavy_static,0.2816727999597788,8899.0,1789,3,,0.0198032000334933,11299.0,664,9,,0.0733319000573828,10375.0,925,5,,0.1733480000402778,9963.0,1356,3,
983,7616,8205.0,1.2367354999878444,heavy_static,0.3354498000117019,8861.0,1812,3,,0.0244120999705046,10987.0,655,9,,0.0759405000135302,10117.0,927,5,,0.136318799923174,9869.0,1361,3,
984,8049,8656.0,1.344672300008824,heavy_static,0.2523670999798924,9248.0,1771,3,,0.0158683999907225,11798.0,646,9,,0.0636238999431952,10792.0,909,5,,0.150339400046505,10432.0,1355,3,
985,7706,8297.0,1.5013967999839224,heavy_static,0.2963487999513745,9225.0,1844,3,,0.0168652000138536,11683.0,655,9,,0.0604632999747991,10569.0,930,5,,0.1461365999421104,9937.0,1346,3,
986,7593,8121.0,1.3910494000010658,heavy_static,0.2800887000048533,8745.0,1811,3,,0.0214724999386817,11169.0,655,9,,0.0728535000234842,10197.0,917,5,,0.1724509999621659,9897.0,1391,3,
987,7612,8170.0,1.2193073999951594,heavy_static,0.2660454999422654,8778.0,1771,3,,0.0175306999590247,11284.0,644,9,,0.0646962000755593,10110.0,908,5,,0.1547565000364557,9722.0,1315,3,
988,7829,8442.0,1.1090238000033423,heavy_static,0.3014735999749973,9050.0,1812,3,,0.01696720009204,11482.0,660,9,,0.0657773000421002,10374.0,917,5,,0.1487196999369189,10066.0,1384,3,
989,7393,7899.0,1.4319570999941789,heavy_static,0.3355532999848947,8507.0,1748,3,,0.0168440999696031,11011.0,658,9,,0.0765089999185875,9727.0,898,5,,0.1390462999697774,9347.0,1357,3,
990,7881,8459.0,1.0760586999822408,heavy_static,0.2921435000607744,9131.0,1826,3,,0.0771325000096112,11675.0,666,9,,0.0721558999503031,10623.0,952,5,,0.1700129000237211,10363.0,1408,3,
991,7431,7959.0,1.5253578000119887,heavy_static,0.2658776000607759,8647.0,1734,3,,0.017552200006321,10931.0,651,9,,0.0649956000270322,9911.0,889,5,,0.1385237999493256,9607.0,1342,3,
992,7874,8495.0,1.2151290000183508,heavy_static,0.288210800033994,9151.0,1860,3,,0.0165237000910565,11541.0,675,9,,0.0732258000643923,10767.0,948,5,,0.1438932000892236,10495.0,1418,3,
993,7769,8360.0,1.2827685000083875,heavy_static,0.309441199991852,9048.0,1835,3,,0.0239038999425247,11784.0,665,9,,0.0677566000958904,10328.0,916,5,,0.1449776000808924,9960.0,1358,3,
994,7124,7606.0,1.2596600000106264,heavy_static,0.2886008999776095,8246.0,1801,3,,0.018406799994409,10448.0,648,9,,0.07183160004206,9566.0,905,5,,0.1589299000333994,9286.0,1345,3,
995,7611,8171.0,1.221757500024978,heavy_static,0.2797950999811291,8795.0,1776,3,,0.0159599999897182,11131.0,651,9,,0.0616915000136941,10199.0,905,5,,0.1505502000218257,9827.0,1370,3,
996,7561,8106.0,1.0423379999992903,heavy_static,0.3189422000432387,8746.0,1806,3,,0.0241089999908581,11284.0,659,9,,0.0665756999514997,10102.0,913,5,,0.1568831999320536,9770.0,1376,3,
997,7601,8171.0,1.2267106999934183,heavy_static,0.2665307000279426,8779.0,1783,3,,0.0166355000110343,11375.0,658,9,,0.0655414999928325,10115.0,908,5,,0.1388564000371843,10043.0,1378,3,
998,7718,8291.0,1.0715741000021808,heavy_static,0.3337341999867931,8947.0,1786,3,,0.0184826999902725,11549.0,641,9,,0.0684688000474125,10247.0,895,5,,0.1627933999989181,9907.0,1325,3,
999,7656,8236.0,1.3782200000132434,heavy_static,0.3088784000137821,8876.0,1850,3,,0.017491600010544,11184.0,670,9,,0.0691563000436872,10117.0,925,5,,0.1373857000144198,9796.0,1383,3,
